Charge_Qth_25,Qth = 25,Charge_Qth_50,Qth = 50,Charge_Qth_75,Qth = 75,Charge_Qth_100,Qth = 100,Charge_Qth_125,Qth = 125,Charge_Qth_150,Qth = 150,Charge_Qth_175,Qth = 175,Charge_Qth_200,Qth = 200,Charge_Qth_225,Qth = 225,Charge_Qth_250,Qth = 250,Charge_Qth_275,Qth = 275,Charge_Qth_300,Qth = 300,Charge_Qth_325,Qth = 325,Charge_Qth_350,Qth = 350,Charge_Qth_375,Qth = 375,Charge_Qth_400,Qth = 400,Charge_Qth_425,Qth = 425,Charge_Qth_450,Qth = 450,Charge_Qth_475,Qth = 475,Charge_Qth_500,Qth = 500,Charge_Qth_525,Qth = 525,Charge_Qth_550,Qth = 550,Charge_Qth_575,Qth = 575,Charge_Qth_600,Qth = 600,Charge_Qth_625,Qth = 625,Charge_Qth_650,Qth = 650,Charge_Qth_675,Qth = 675,Charge_Qth_700,Qth = 700,Charge_Qth_725,Qth = 725,Charge_Qth_750,Qth = 750,Charge_Qth_775,Qth = 775,Charge_Qth_800,Qth = 800,Charge_Qth_825,Qth = 825,Charge_Qth_850,Qth = 850,Charge_Qth_875,Qth = 875,Charge_Qth_900,Qth = 900,Charge_Qth_925,Qth = 925,Charge_Qth_950,Qth = 950,Charge_Qth_975,Qth = 975,Charge_Qth_1000,Qth = 1000,Charge_Qth_1025,Qth = 1025,Charge_Qth_1050,Qth = 1050,Charge_Qth_1075,Qth = 1075,Charge_Qth_1100,Qth = 1100,Charge_Qth_1125,Qth = 1125,Charge_Qth_1150,Qth = 1150,Charge_Qth_1175,Qth = 1175,Charge_Qth_1200,Qth = 1200,Charge_Qth_1225,Qth = 1225,Charge_Qth_1250,Qth = 1250,Charge_Qth_1275,Qth = 1275,Charge_Qth_1300,Qth = 1300,Charge_Qth_1325,Qth = 1325,Charge_Qth_1350,Qth = 1350,Charge_Qth_1375,Qth = 1375,Charge_Qth_1400,Qth = 1400,Charge_Qth_1425,Qth = 1425,Charge_Qth_1450,Qth = 1450,Charge_Qth_1475,Qth = 1475,Charge_Qth_1500,Qth = 1500,Charge_Qth_1525,Qth = 1525,Charge_Qth_1550,Qth = 1550,Charge_Qth_1575,Qth = 1575,Charge_Qth_1600,Qth = 1600,Charge_Qth_1625,Qth = 1625,Charge_Qth_1650,Qth = 1650,Charge_Qth_1675,Qth = 1675,Charge_Qth_1700,Qth = 1700,Charge_Qth_1725,Qth = 1725,Charge_Qth_1750,Qth = 1750,Charge_Qth_1775,Qth = 1775,Charge_Qth_1800,Qth = 1800,Charge_Qth_1825,Qth = 1825,Charge_Qth_1850,Qth = 1850,Charge_Qth_1875,Qth = 1875,Charge_Qth_1900,Qth = 1900,Charge_Qth_1925,Qth = 1925,Charge_Qth_1950,Qth = 1950,Charge_Qth_1975,Qth = 1975,Charge_Qth_2000,Qth = 2000,Charge_Qth_2025,Qth = 2025,Charge_Qth_2050,Qth = 2050,Charge_Qth_2075,Qth = 2075,Charge_Qth_2100,Qth = 2100,Charge_Qth_2125,Qth = 2125,Charge_Qth_2150,Qth = 2150,Charge_Qth_2175,Qth = 2175,Charge_Qth_2200,Qth = 2200,Charge_Qth_2225,Qth = 2225,Charge_Qth_2250,Qth = 2250,Charge_Qth_2275,Qth = 2275,Charge_Qth_2300,Qth = 2300,Charge_Qth_2325,Qth = 2325,Charge_Qth_2350,Qth = 2350,Charge_Qth_2375,Qth = 2375,Charge_Qth_2400,Qth = 2400,Charge_Qth_2425,Qth = 2425,Charge_Qth_2450,Qth = 2450,Charge_Qth_2475,Qth = 2475,Charge_Qth_2500,Qth = 2500,Charge_Qth_2525,Qth = 2525,Charge_Qth_2550,Qth = 2550,Charge_Qth_2575,Qth = 2575,Charge_Qth_2600,Qth = 2600,Charge_Qth_2625,Qth = 2625,Charge_Qth_2650,Qth = 2650,Charge_Qth_2675,Qth = 2675,Charge_Qth_2700,Qth = 2700,Charge_Qth_2725,Qth = 2725,Charge_Qth_2750,Qth = 2750,Charge_Qth_2775,Qth = 2775,Charge_Qth_2800,Qth = 2800,Charge_Qth_2825,Qth = 2825,Charge_Qth_2850,Qth = 2850,Charge_Qth_2875,Qth = 2875,Charge_Qth_2900,Qth = 2900,Charge_Qth_2925,Qth = 2925,Charge_Qth_2950,Qth = 2950,Charge_Qth_2975,Qth = 2975,Charge_Qth_3000,Qth = 3000
100.0,1.16929911e-08,100.0,1.46779767e-08,100.0,2.66472179e-08,200.000000,9.41618765E-9,200.000000,10.8651428E-9,300.000000,7.28291394E-9,300.000000,8.19028795E-9,400.000000,6.28670381E-9,400.000000,6.73743809E-9,400.000000,7.47069772E-9,500.000000,6.02349669E-9,500.000000,6.35469663E-9,600.000000,5.58560556E-9,600.000000,5.72069655E-9,700.000000,5.07266713E-9,700.000000,5.31023961E-9,800.000000,4.73396439E-9,800.000000,4.85888324E-9,800.000000,5.07426979E-9,900.000000,4.55677544E-9,900.000000,4.65871439E-9,1.00000000E3,4.41638859E-9,1.00000000E3,4.43225522E-9,1.10000000E3,4.14784187E-9,1.10000000E3,4.28156808E-9,1.20000000E3,3.97093288E-9,1.20000000E3,4.03507602E-9,1.30000000E3,3.87586108E-9,1.30000000E3,3.87392729E-9,1.30000000E3,3.93039338E-9,1.40000000E3,3.78848988E-9,1.50000000E3,3.56998325E-9,1.50000000E3,3.61240186E-9,1.50000000E3,3.69764603E-9,1.60000000E3,3.49650873E-9,1.60000000E3,3.53353520E-9,1.70000000E3,3.44374687E-9,1.70000000E3,3.43392014E-9,1.80000000E3,3.31441609E-9,1.80000000E3,3.39654400E-9,1.90000000E3,3.24508502E-9,1.90000000E3,3.27365422E-9,1.90000000E3,3.34332786E-9,2.00000000E3,3.19784901E-9,2.00000000E3,3.22264436E-9,2.10000000E3,3.16988282E-9,2.10000000E3,3.15098809E-9,2.20000000E3,3.06449088E-9,2.20000000E3,3.12925012E-9,2.30000000E3,3.00913776E-9,2.30000000E3,3.03037253E-9,2.40000000E3,2.99077831E-9,2.40000000E3,2.97305858E-9,2.50000000E3,2.90768988E-9,2.50000000E3,2.96259985E-9,2.60000000E3,2.86094068E-9,2.60000000E3,2.87873162E-9,2.60000000E3,2.93425583E-9,2.70000000E3,2.83873674E-9,2.70000000E3,2.85370666E-9,2.80000000E3,2.83191407E-9,2.90000000E3,2.74145751E-9,2.90000000E3,2.75464748E-9,2.90000000E3,2.80395873E-9,3.00000000E3,2.71805119E-9,3.00000000E3,2.73172761E-9,3.10000000E3,2.71914135E-9,3.10000000E3,2.69891808E-9,3.20000000E3,2.65185813E-9,3.20000000E3,2.69765936E-9,3.30000000E3,2.62332484E-9,3.30000000E3,2.63414939E-9,3.40000000E3,2.62774048E-9,3.40000000E3,2.60711655E-9,3.50000000E3,2.56864899E-9,3.50000000E3,2.61072488E-9,3.60000000E3,2.55299119E-9,3.60000000E3,2.56245691E-9,3.70000000E3,2.55987513E-9,3.70000000E3,2.53817401E-9,3.80000000E3,2.50479399E-9,3.80000000E3,2.54523639E-9,3.90000000E3,2.48309914E-9,3.90000000E3,2.49166960E-9,4.00000000E3,2.50352117E-9,4.10000000E3,2.44473156E-9,4.10000000E3,2.45282496E-9,4.10000000E3,2.48221056E-9,4.20000000E3,2.42505581E-9,4.20000000E3,2.43294407E-9,4.30000000E3,2.43722450E-9,4.30000000E3,2.41490504E-9,4.40000000E3,2.38968572E-9,4.40000000E3,2.42584427E-9,4.50000000E3,2.37237426E-9,4.50000000E3,2.37868330E-9,4.60000000E3,2.38468932E-9,4.60000000E3,2.36300860E-9,4.70000000E3,2.34021641E-9,4.70000000E3,2.37590713E-9,4.80000000E3,2.32656224E-9,4.80000000E3,2.33247295E-9,4.90000000E3,2.34088815E-9,4.90000000E3,2.32017942E-9,5.00000000E3,2.29940426E-9,5.00000000E3,2.33577615E-9,5.10000000E3,2.28910923E-9,5.10000000E3,2.29456961E-9,5.20000000E3,2.30433391E-9,5.30000000E3,2.25885012E-9,5.30000000E3,2.26341531E-9,5.30000000E3,2.29680271E-9,5.40000000E3,2.25245525E-9,5.40000000E3,2.25705887E-9,5.50000000E3,2.26847874E-9,5.60000000E3,2.22615237E-9,5.60000000E3,2.23053071E-9,5.60000000E3,2.26507687E-9,50.0000000E3,1.71337259E-9,5.70000000E3,2.22650089E-9
200.0,6.84105407e-09,200.0,7.15158032e-09,200.0,7.89708916e-09,300.000000,6.33089039E-9,300.000000,6.68199862E-9,400.000000,5.56353279E-9,400.000000,6.00326820E-9,500.000000,5.12575053E-9,500.000000,5.38995850E-9,500.000000,5.81212857E-9,600.000000,5.04457851E-9,600.000000,5.25750393E-9,700.000000,4.83050949E-9,700.000000,4.91030739E-9,800.000000,4.50807008E-9,800.000000,4.68830013E-9,900.000000,4.27475763E-9,900.000000,4.36959611E-9,900.000000,4.53179993E-9,1.00000000E3,4.16474052E-9,1.00000000E3,4.24293275E-9,1.10000000E3,4.07426627E-9,1.10000000E3,4.07898132E-9,1.20000000E3,3.85690784E-9,1.20000000E3,3.97220489E-9,1.30000000E3,3.72201506E-9,1.30000000E3,3.76937993E-9,1.40000000E3,3.65144300E-9,1.40000000E3,3.64393557E-9,1.40000000E3,3.68701827E-9,1.50000000E3,3.58201371E-9,1.60000000E3,3.39961895E-9,1.60000000E3,3.43453105E-9,1.60000000E3,3.50929253E-9,1.70000000E3,3.33457165E-9,1.70000000E3,3.36653034E-9,1.80000000E3,3.30083446E-9,1.80000000E3,3.28516514E-9,1.90000000E3,3.18330518E-9,1.90000000E3,3.26241827E-9,2.00000000E3,3.11963653E-9,2.00000000E3,3.14426753E-9,2.00000000E3,3.20995307E-9,2.10000000E3,3.08299382E-9,2.10000000E3,3.10790362E-9,2.20000000E3,3.06138989E-9,2.20000000E3,3.04374069E-9,2.30000000E3,2.96959262E-9,2.30000000E3,3.02761934E-9,2.40000000E3,2.91732626E-9,2.40000000E3,2.93506110E-9,2.50000000E3,2.90602402E-9,2.50000000E3,2.88869830E-9,2.60000000E3,2.82691437E-9,2.60000000E3,2.87914825E-9,2.70000000E3,2.78430494E-9,2.70000000E3,2.79978495E-9,2.70000000E3,2.85560019E-9,2.80000000E3,2.76523303E-9,2.80000000E3,2.78084866E-9,2.90000000E3,2.76218164E-9,3.00000000E3,2.68117367E-9,3.00000000E3,2.69311050E-9,3.00000000E3,2.73812971E-9,3.10000000E3,2.66112241E-9,3.10000000E3,2.67281193E-9,3.20000000E3,2.66170536E-9,3.20000000E3,2.64022614E-9,3.30000000E3,2.59980848E-9,3.30000000E3,2.64567204E-9,3.40000000E3,2.57177326E-9,3.40000000E3,2.58254520E-9,3.50000000E3,2.57804023E-9,3.50000000E3,2.55845946E-9,3.60000000E3,2.53332931E-9,3.60000000E3,2.57533111E-9,3.70000000E3,2.51078226E-9,3.70000000E3,2.51924966E-9,3.80000000E3,2.51867478E-9,3.80000000E3,2.49628097E-9,3.90000000E3,2.46580627E-9,3.90000000E3,2.50447560E-9,4.00000000E3,2.44519613E-9,4.00000000E3,2.45305230E-9,4.10000000E3,2.46564643E-9,4.20000000E3,2.40928098E-9,4.20000000E3,2.41670215E-9,4.20000000E3,2.44538200E-9,4.30000000E3,2.39081846E-9,4.30000000E3,2.39805738E-9,4.40000000E3,2.40354004E-9,4.40000000E3,2.38331978E-9,4.50000000E3,2.35853268E-9,4.50000000E3,2.39482462E-9,4.60000000E3,2.34324006E-9,4.60000000E3,2.34909863E-9,4.70000000E3,2.35646253E-9,4.70000000E3,2.33433777E-9,4.80000000E3,2.31312420E-9,4.80000000E3,2.34793977E-9,4.90000000E3,2.29992624E-9,4.90000000E3,2.30545230E-9,5.00000000E3,2.31489611E-9,5.00000000E3,2.29385240E-9,5.10000000E3,2.27424567E-9,5.10000000E3,2.30960027E-9,5.20000000E3,2.26447267E-9,5.20000000E3,2.26967736E-9,5.30000000E3,2.28146248E-9,5.40000000E3,2.23750824E-9,5.40000000E3,2.24180070E-9,5.40000000E3,2.27439558E-9,5.50000000E3,2.23130201E-9,5.50000000E3,2.23563810E-9,5.60000000E3,2.24769109E-9,5.70000000E3,2.20640229E-9,5.70000000E3,2.21054269E-9,5.70000000E3,2.24318960E-9,100.000000E3,1.72349038E-9,5.80000000E3,2.20677994E-9
300.0,5.33471591e-09,300.0,5.40136585e-09,300.0,5.71734213e-09,400.000000,5.11080069E-9,400.000000,5.26026701E-9,500.000000,4.70348410E-9,500.000000,4.98410438E-9,600.000000,4.45314849E-9,600.000000,4.63037375E-9,600.000000,4.92525113E-9,700.000000,4.42485904E-9,700.000000,4.57864105E-9,800.000000,4.33182903E-9,800.000000,4.38503128E-9,900.000000,4.10539673E-9,900.000000,4.24750749E-9,1.00000000E3,3.93865817E-9,1.00000000E3,4.01575540E-9,1.00000000E3,4.15335723E-9,1.10000000E3,3.86442741E-9,1.10000000E3,3.92845641E-9,1.20000000E3,3.80423596E-9,1.20000000E3,3.80032841E-9,1.30000000E3,3.63031409E-9,1.30000000E3,3.72757396E-9,1.40000000E3,3.52039538E-9,1.40000000E3,3.56118550E-9,1.50000000E3,3.47270502E-9,1.50000000E3,3.45825519E-9,1.50000000E3,3.49561509E-9,1.60000000E3,3.41558316E-9,1.70000000E3,3.25481941E-9,1.70000000E3,3.28566014E-9,1.70000000E3,3.34855829E-9,1.80000000E3,3.19848724E-9,1.80000000E3,3.22576406E-9,1.90000000E3,3.17311367E-9,1.90000000E3,3.15803829E-9,2.00000000E3,3.06886688E-9,2.00000000E3,3.13858916E-9,2.10000000E3,3.01917211E-9,2.10000000E3,3.04049714E-9,2.10000000E3,3.09879965E-9,2.20000000E3,2.97822591E-9,2.20000000E3,2.99918114E-9,2.30000000E3,2.96566602E-9,2.30000000E3,2.94899506E-9,2.40000000E3,2.88418845E-9,2.40000000E3,2.93917958E-9,2.50000000E3,2.84006907E-9,2.50000000E3,2.85548970E-9,2.60000000E3,2.82985487E-9,2.60000000E3,2.81038083E-9,2.70000000E3,2.75614964E-9,2.70000000E3,2.80451848E-9,2.80000000E3,2.72105688E-9,2.80000000E3,2.73508096E-9,2.80000000E3,2.78372754E-9,2.90000000E3,2.69869727E-9,2.90000000E3,2.71248030E-9,3.00000000E3,2.69983805E-9,3.10000000E3,2.62451967E-9,3.10000000E3,2.63682634E-9,3.10000000E3,2.68347731E-9,3.20000000E3,2.60775556E-9,3.20000000E3,2.61815723E-9,3.30000000E3,2.60879258E-9,3.30000000E3,2.58850002E-9,3.40000000E3,2.55024263E-9,3.40000000E3,2.59235283E-9,3.50000000E3,2.52549408E-9,3.50000000E3,2.53523783E-9,3.60000000E3,2.54355190E-9,3.60000000E3,2.52332896E-9,3.70000000E3,2.48974040E-9,3.70000000E3,2.53093165E-9,3.80000000E3,2.46991021E-9,3.80000000E3,2.47894501E-9,3.90000000E3,2.48023703E-9,3.90000000E3,2.45804311E-9,4.00000000E3,2.42982425E-9,4.00000000E3,2.46716747E-9,4.10000000E3,2.41080514E-9,4.10000000E3,2.41798564E-9,4.20000000E3,2.43083929E-9,4.30000000E3,2.37701304E-9,4.30000000E3,2.38383733E-9,4.30000000E3,2.41184133E-9,4.40000000E3,2.35919252E-9,4.40000000E3,2.36588474E-9,4.50000000E3,2.37250949E-9,4.50000000E3,2.35179289E-9,4.60000000E3,2.32944682E-9,4.60000000E3,2.36602780E-9,4.70000000E3,2.31636193E-9,4.70000000E3,2.32179136E-9,4.80000000E3,2.33001904E-9,4.80000000E3,2.30762579E-9,4.90000000E3,2.28768009E-9,4.90000000E3,2.32163003E-9,5.00000000E3,2.27530852E-9,5.00000000E3,2.28050205E-9,5.10000000E3,2.29052578E-9,5.10000000E3,2.26906421E-9,5.20000000E3,2.25108875E-9,5.20000000E3,2.28532279E-9,5.30000000E3,2.24186233E-9,5.30000000E3,2.24677952E-9,5.40000000E3,2.25906938E-9,5.50000000E3,2.21722027E-9,5.50000000E3,2.22163294E-9,5.50000000E3,2.25347677E-9,5.60000000E3,2.21134059E-9,5.60000000E3,2.21542717E-9,5.70000000E3,2.22815887E-9,5.80000000E3,2.18799941E-9,5.80000000E3,2.19191140E-9,5.80000000E3,2.22391157E-9,10.0000000E3,1.85404045E-9,5.90000000E3,2.18819715E-9
400.0,4.55704158e-09,400.0,4.55584365e-09,400.0,4.73990007e-09,500.000000,4.42780171E-9,500.000000,4.50911325E-9,600.000000,4.15812253E-9,600.000000,4.36903110E-9,700.000000,3.99646119E-9,700.000000,4.12836734E-9,700.000000,4.34565302E-9,800.000000,4.01280215E-9,800.000000,4.13397240E-9,900.000000,3.96717720E-9,900.000000,4.00503693E-9,1.00000000E3,3.79036082E-9,1.00000000E3,3.92130502E-9,1.10000000E3,3.67733488E-9,1.10000000E3,3.74249520E-9,1.10000000E3,3.86052127E-9,1.20000000E3,3.62719817E-9,1.20000000E3,3.68096762E-9,1.30000000E3,3.59122069E-9,1.30000000E3,3.58411574E-9,1.40000000E3,3.44611573E-9,1.40000000E3,3.53166536E-9,1.50000000E3,3.35691334E-9,1.50000000E3,3.39132747E-9,1.60000000E3,3.32084719E-9,1.60000000E3,3.30570225E-9,1.60000000E3,3.33683934E-9,1.70000000E3,3.27054351E-9,1.80000000E3,3.13336150E-9,1.80000000E3,3.15888945E-9,1.80000000E3,3.21738240E-9,1.90000000E3,3.08434613E-9,1.90000000E3,3.10676356E-9,2.00000000E3,3.06392160E-9,2.00000000E3,3.04553126E-9,2.10000000E3,2.96954174E-9,2.10000000E3,3.03973167E-9,2.20000000E3,2.92680206E-9,2.20000000E3,2.94511764E-9,2.20000000E3,2.99731139E-9,2.30000000E3,2.89367693E-9,2.30000000E3,2.91168360E-9,2.40000000E3,2.88477072E-9,2.40000000E3,2.86582581E-9,2.50000000E3,2.80593348E-9,2.50000000E3,2.85803496E-9,2.60000000E3,2.76847907E-9,2.60000000E3,2.78464710E-9,2.70000000E3,2.76319020E-9,2.70000000E3,2.74176560E-9,2.80000000E3,2.69572393E-9,2.80000000E3,2.74186716E-9,2.90000000E3,2.66317084E-9,2.90000000E3,2.67569476E-9,2.90000000E3,2.71879076E-9,3.00000000E3,2.64077882E-9,3.00000000E3,2.65306681E-9,3.10000000E3,2.64466747E-9,3.20000000E3,2.57143050E-9,3.20000000E3,2.58241694E-9,3.20000000E3,2.62748879E-9,3.30000000E3,2.55575968E-9,3.30000000E3,2.56595167E-9,3.40000000E3,2.56262241E-9,3.40000000E3,2.54042487E-9,3.50000000E3,2.50739870E-9,3.50000000E3,2.54697145E-9,3.60000000E3,2.49322036E-9,3.60000000E3,2.50228449E-9,3.70000000E3,2.50204374E-9,3.70000000E3,2.48073480E-9,3.80000000E3,2.45050381E-9,3.80000000E3,2.49032025E-9,3.90000000E3,2.43201091E-9,3.90000000E3,2.44027095E-9,4.00000000E3,2.44322800E-9,4.00000000E3,2.42270607E-9,4.10000000E3,2.39579034E-9,4.10000000E3,2.43340272E-9,4.20000000E3,2.37872314E-9,4.20000000E3,2.38531865E-9,4.30000000E3,2.39912558E-9,4.40000000E3,2.34698167E-9,4.40000000E3,2.35332382E-9,4.40000000E3,2.38073339E-9,4.50000000E3,2.33012031E-9,4.50000000E3,2.33635212E-9,4.60000000E3,2.34427871E-9,4.60000000E3,2.32316200E-9,4.70000000E3,2.30201606E-9,4.70000000E3,2.33752062E-9,4.80000000E3,2.29058377E-9,4.80000000E3,2.29637333E-9,4.90000000E3,2.30517889E-9,4.90000000E3,2.28253245E-9,5.00000000E3,2.26409885E-9,5.00000000E3,2.29728061E-9,5.10000000E3,2.25234681E-9,5.10000000E3,2.25719866E-9,5.20000000E3,2.26786870E-9,5.20000000E3,2.24619915E-9,5.30000000E3,2.22933209E-9,5.30000000E3,2.26293584E-9,5.40000000E3,2.22052338E-9,5.40000000E3,2.22515193E-9,5.50000000E3,2.23798934E-9,5.60000000E3,2.19716693E-9,5.60000000E3,2.20156159E-9,5.60000000E3,2.23374267E-9,5.70000000E3,2.19272165E-9,5.70000000E3,2.19658969E-9,5.80000000E3,2.20995790E-9,5.90000000E3,2.17055924E-9,5.90000000E3,2.17426742E-9,5.90000000E3,2.20575097E-9,9.90000000E3,1.85759728E-9,6.00000000E3,2.17078382E-9
500.0,4.06414962e-09,500.0,4.03828455e-09,500.0,4.16344459e-09,600.000000,3.97319541E-9,600.000000,4.01776595E-9,700.000000,3.77735106E-9,700.000000,3.94307153E-9,800.000000,3.67028999E-9,800.000000,3.77872111E-9,800.000000,3.95839258E-9,900.000000,3.69843323E-9,900.000000,3.79847041E-9,1.00000000E3,3.67981492E-9,1.00000000E3,3.70682647E-9,1.10000000E3,3.55137109E-9,1.10000000E3,3.66517299E-9,1.20000000E3,3.46760372E-9,1.20000000E3,3.52485909E-9,1.20000000E3,3.62756974E-9,1.30000000E3,3.43648267E-9,1.30000000E3,3.48261081E-9,1.40000000E3,3.41619549E-9,1.40000000E3,3.40611920E-9,1.50000000E3,3.29166002E-9,1.50000000E3,3.36887427E-9,1.60000000E3,3.21539942E-9,1.60000000E3,3.24631447E-9,1.70000000E3,3.19150480E-9,1.70000000E3,3.17497404E-9,1.70000000E3,3.20330166E-9,1.80000000E3,3.15242012E-9,1.90000000E3,3.02654476E-9,1.90000000E3,3.04846943E-9,1.90000000E3,3.10247307E-9,2.00000000E3,2.98449113E-9,2.00000000E3,3.00637987E-9,2.10000000E3,2.97120556E-9,2.10000000E3,2.94985395E-9,2.20000000E3,2.88190627E-9,2.20000000E3,2.94482049E-9,2.30000000E3,2.84483766E-9,2.30000000E3,2.86269720E-9,2.30000000E3,2.91509059E-9,2.40000000E3,2.81687558E-9,2.40000000E3,2.83294450E-9,2.50000000E3,2.81097385E-9,2.50000000E3,2.79000356E-9,2.60000000E3,2.73804172E-9,2.60000000E3,2.78751313E-9,2.70000000E3,2.70297613E-9,2.70000000E3,2.71768524E-9,2.80000000E3,2.70230941E-9,2.80000000E3,2.68331113E-9,2.90000000E3,2.63926052E-9,2.90000000E3,2.68509937E-9,3.00000000E3,2.60875526E-9,3.00000000E3,2.61986899E-9,3.00000000E3,2.66208591E-9,3.10000000E3,2.58875761E-9,3.10000000E3,2.59967873E-9,3.20000000E3,2.59277424E-9,3.30000000E3,2.52842192E-9,3.30000000E3,2.53757439E-9,3.30000000E3,2.57799381E-9,3.40000000E3,2.51284816E-9,3.40000000E3,2.52308923E-9,3.50000000E3,2.52138905E-9,3.50000000E3,2.49863134E-9,3.60000000E3,2.47678788E-9,3.60000000E3,2.51521368E-9,3.70000000E3,2.45455452E-9,3.70000000E3,2.46281376E-9,3.80000000E3,2.46424087E-9,3.80000000E3,2.44227603E-9,3.90000000E3,2.41502824E-9,3.90000000E3,2.45313961E-9,4.00000000E3,2.39715660E-9,4.00000000E3,2.40473504E-9,4.10000000E3,2.40913004E-9,4.10000000E3,2.38817665E-9,4.20000000E3,2.36398112E-9,4.20000000E3,2.40114565E-9,4.30000000E3,2.34919900E-9,4.30000000E3,2.35530761E-9,4.40000000E3,2.36943577E-9,4.50000000E3,2.31903960E-9,4.50000000E3,2.32493613E-9,4.50000000E3,2.35201484E-9,4.60000000E3,2.30319179E-9,4.60000000E3,2.30900482E-9,4.70000000E3,2.31770851E-9,4.70000000E3,2.29617221E-9,4.80000000E3,2.27667330E-9,4.80000000E3,2.31138906E-9,4.90000000E3,2.26567994E-9,4.90000000E3,2.27121373E-9,5.00000000E3,2.28187493E-9,5.00000000E3,2.25926750E-9,5.10000000E3,2.24225425E-9,5.10000000E3,2.27465160E-9,5.20000000E3,2.23064827E-9,5.20000000E3,2.23524002E-9,5.30000000E3,2.24663639E-9,5.30000000E3,2.22473194E-9,5.40000000E3,2.20912009E-9,5.40000000E3,2.24187953E-9,5.50000000E3,2.20042600E-9,5.50000000E3,2.20479334E-9,5.60000000E3,2.21821174E-9,5.70000000E3,2.17828125E-9,5.70000000E3,2.18243547E-9,5.70000000E3,2.21529786E-9,5.80000000E3,2.17521550E-9,5.80000000E3,2.17887397E-9,5.90000000E3,2.19269736E-9,6.00000000E3,2.15410468E-9,6.00000000E3,2.15762324E-9,6.00000000E3,2.18871813E-9,9.80000000E3,1.86127715E-9,6.10000000E3,2.15428098E-9
600.0,3.71382644e-09,600.0,3.67712029e-09,600.0,3.76873299e-09,700.000000,3.64559703E-9,700.000000,3.66943910E-9,800.000000,3.49797867E-9,800.000000,3.63596121E-9,900.000000,3.42177121E-9,900.000000,3.51025468E-9,900.000000,3.66143204E-9,1.00000000E3,3.45610668E-9,1.00000000E3,3.53942908E-9,1.10000000E3,3.45825853E-9,1.10000000E3,3.48014730E-9,1.20000000E3,3.35751083E-9,1.20000000E3,3.45912497E-9,1.30000000E3,3.29372449E-9,1.30000000E3,3.34398092E-9,1.30000000E3,3.43929050E-9,1.40000000E3,3.27676089E-9,1.40000000E3,3.31767247E-9,1.50000000E3,3.26775482E-9,1.50000000E3,3.25647853E-9,1.60000000E3,3.15829528E-9,1.60000000E3,3.23064741E-9,1.70000000E3,3.09729782E-9,1.70000000E3,3.12373650E-9,1.80000000E3,3.07903465E-9,1.80000000E3,3.06230941E-9,1.80000000E3,3.08613533E-9,1.90000000E3,3.04446182E-9,2.00000000E3,2.93425677E-9,2.00000000E3,2.95509629E-9,2.00000000E3,3.00358294E-9,2.10000000E3,2.89603722E-9,2.10000000E3,2.91482070E-9,2.20000000E3,2.88553952E-9,2.20000000E3,2.86527124E-9,2.30000000E3,2.80715574E-9,2.30000000E3,2.86488438E-9,2.40000000E3,2.77163491E-9,2.40000000E3,2.78693453E-9,2.40000000E3,2.83897082E-9,2.50000000E3,2.74883093E-9,2.50000000E3,2.76320780E-9,2.60000000E3,2.74676626E-9,2.60000000E3,2.72414600E-9,2.70000000E3,2.67764027E-9,2.70000000E3,2.72252333E-9,2.80000000E3,2.64610941E-9,2.80000000E3,2.65947184E-9,2.90000000E3,2.64667869E-9,2.90000000E3,2.62639477E-9,3.00000000E3,2.58533063E-9,3.00000000E3,2.63042811E-9,3.10000000E3,2.55982083E-9,3.10000000E3,2.57117098E-9,3.10000000E3,2.61125585E-9,3.20000000E3,2.54285823E-9,3.20000000E3,2.55288419E-9,3.30000000E3,2.54869346E-9,3.40000000E3,2.48379716E-9,3.40000000E3,2.49295579E-9,3.40000000E3,2.53333723E-9,3.50000000E3,2.47087258E-9,3.50000000E3,2.48016016E-9,3.60000000E3,2.48967526E-9,3.60000000E3,2.46864358E-9,3.70000000E3,2.43934737E-9,3.70000000E3,2.47718676E-9,3.80000000E3,2.41983854E-9,3.80000000E3,2.42728435E-9,3.90000000E3,2.43006517E-9,3.90000000E3,2.40750225E-9,4.00000000E3,2.38221987E-9,4.00000000E3,2.41889060E-9,4.10000000E3,2.36554928E-9,4.10000000E3,2.37269471E-9,4.20000000E3,2.37821100E-9,4.20000000E3,2.35689503E-9,4.30000000E3,2.33398669E-9,4.30000000E3,2.37025052E-9,4.40000000E3,2.32059000E-9,4.40000000E3,2.32723058E-9,4.50000000E3,2.34179098E-9,4.60000000E3,2.29322763E-9,4.60000000E3,2.29872694E-9,4.60000000E3,2.32539938E-9,4.70000000E3,2.27809424E-9,4.70000000E3,2.28350466E-9,4.80000000E3,2.29300434E-9,4.80000000E3,2.27119313E-9,4.90000000E3,2.25298428E-9,4.90000000E3,2.28680361E-9,5.00000000E3,2.24236529E-9,5.00000000E3,2.24756675E-9,5.10000000E3,2.25882325E-9,5.10000000E3,2.23774638E-9,5.20000000E3,2.22126506E-9,5.20000000E3,2.25306390E-9,5.30000000E3,2.21007922E-9,5.30000000E3,2.21444572E-9,5.40000000E3,2.22685428E-9,5.40000000E3,2.20476784E-9,5.50000000E3,2.19003138E-9,5.50000000E3,2.22203777E-9,5.60000000E3,2.18152520E-9,5.60000000E3,2.18564881E-9,5.70000000E3,2.19957018E-9,5.80000000E3,2.16061433E-9,5.80000000E3,2.16454739E-9,5.80000000E3,2.19684125E-9,5.90000000E3,2.15849741E-9,5.90000000E3,2.16219918E-9,6.00000000E3,2.17639969E-9,6.10000000E3,2.13860383E-9,6.10000000E3,2.14194139E-9,6.10000000E3,2.17257447E-9,9.70000000E3,1.86506652E-9,6.20000000E3,2.13871655E-9
700.0,3.44956883e-09,700.0,3.40713565e-09,700.0,3.47788205e-09,800.000000,3.39946910E-9,800.000000,3.41100310E-9,900.000000,3.27999761E-9,900.000000,3.39908579E-9,1.00000000E3,3.22461969E-9,1.00000000E3,3.29818857E-9,1.00000000E3,3.43207711E-9,1.10000000E3,3.26276503E-9,1.10000000E3,3.33269064E-9,1.20000000E3,3.27731629E-9,1.20000000E3,3.29261345E-9,1.30000000E3,3.19431376E-9,1.30000000E3,3.28700689E-9,1.40000000E3,3.14648568E-9,1.40000000E3,3.19325539E-9,1.40000000E3,3.28121755E-9,1.50000000E3,3.13833578E-9,1.50000000E3,3.17510982E-9,1.60000000E3,3.13894900E-9,1.60000000E3,3.12709680E-9,1.70000000E3,3.04479800E-9,1.70000000E3,3.11219635E-9,1.80000000E3,2.99245199E-9,1.80000000E3,3.01680311E-9,1.90000000E3,2.98222055E-9,1.90000000E3,2.96360915E-9,1.90000000E3,2.98610597E-9,2.00000000E3,2.95386569E-9,2.10000000E3,2.85170248E-9,2.10000000E3,2.87003187E-9,2.10000000E3,2.91741437E-9,2.20000000E3,2.81680262E-9,2.20000000E3,2.83327489E-9,2.30000000E3,2.81079130E-9,2.30000000E3,2.79032345E-9,2.40000000E3,2.73835711E-9,2.40000000E3,2.79395832E-9,2.50000000E3,2.70836298E-9,2.50000000E3,2.72178447E-9,2.50000000E3,2.76849529E-9,2.60000000E3,2.68533441E-9,2.60000000E3,2.69931303E-9,2.70000000E3,2.68712654E-9,2.70000000E3,2.66510642E-9,2.80000000E3,2.62143529E-9,2.80000000E3,2.66642509E-9,2.90000000E3,2.59170518E-9,2.90000000E3,2.60374489E-9,3.00000000E3,2.59534442E-9,3.00000000E3,2.57387088E-9,3.10000000E3,2.53727778E-9,3.10000000E3,2.58001238E-9,3.20000000E3,2.51322122E-9,3.20000000E3,2.52367479E-9,3.20000000E3,2.56565011E-9,3.30000000E3,2.49781135E-9,3.30000000E3,2.50768099E-9,3.40000000E3,2.50628580E-9,3.50000000E3,2.44493171E-9,3.50000000E3,2.45322733E-9,3.50000000E3,2.49221261E-9,3.60000000E3,2.44099344E-9,3.60000000E3,2.44962263E-9,3.70000000E3,2.45173067E-9,3.70000000E3,2.43067757E-9,3.80000000E3,2.40353555E-9,3.80000000E3,2.44209038E-9,3.90000000E3,2.38592792E-9,3.90000000E3,2.39296013E-9,4.00000000E3,2.39817912E-9,4.00000000E3,2.37526695E-9,4.10000000E3,2.35138166E-9,4.10000000E3,2.38733992E-9,4.20000000E3,2.33574973E-9,4.20000000E3,2.34224942E-9,4.30000000E3,2.34914122E-9,4.30000000E3,2.32741266E-9,4.40000000E3,2.30622243E-9,4.40000000E3,2.34155411E-9,4.50000000E3,2.29337224E-9,4.50000000E3,2.29958020E-9,4.60000000E3,2.31613655E-9,4.70000000E3,2.26907297E-9,4.70000000E3,2.27420474E-9,4.70000000E3,2.30063181E-9,4.80000000E3,2.25426718E-9,4.80000000E3,2.25943056E-9,4.90000000E3,2.26988192E-9,4.90000000E3,2.24783393E-9,5.00000000E3,2.23078864E-9,5.00000000E3,2.26377157E-9,5.10000000E3,2.22062314E-9,5.10000000E3,2.22549007E-9,5.20000000E3,2.23772551E-9,5.20000000E3,2.21670512E-9,5.30000000E3,2.20134902E-9,5.30000000E3,2.23255477E-9,5.40000000E3,2.19146431E-9,5.40000000E3,2.19554351E-9,5.50000000E3,2.20819720E-9,5.50000000E3,2.18592289E-9,5.60000000E3,2.17208242E-9,5.60000000E3,2.20335726E-9,5.70000000E3,2.16377692E-9,5.70000000E3,2.16767685E-9,5.80000000E3,2.18212631E-9,5.90000000E3,2.14398717E-9,5.90000000E3,2.14771784E-9,5.90000000E3,2.17948183E-9,6.00000000E3,2.14189700E-9,6.00000000E3,2.14566829E-9,6.10000000E3,2.16104726E-9,6.20000000E3,2.12404212E-9,6.20000000E3,2.12721532E-9,6.20000000E3,2.15733889E-9,9.60000000E3,1.86897775E-9,6.30000000E3,2.12415440E-9
800.0,3.24411191e-09,800.0,3.19967198e-09,800.0,3.25662236e-09,900.000000,3.20462931E-9,900.000000,3.20788468E-9,1.00000000E3,3.10454838E-9,1.00000000E3,3.20977971E-9,1.10000000E3,3.06309566E-9,1.10000000E3,3.12642504E-9,1.10000000E3,3.24365900E-9,1.20000000E3,3.10262311E-9,1.20000000E3,3.16607262E-9,1.30000000E3,3.12606204E-9,1.30000000E3,3.13689403E-9,1.40000000E3,3.05576665E-9,1.40000000E3,3.14297008E-9,1.50000000E3,3.01966553E-9,1.50000000E3,3.06239767E-9,1.50000000E3,3.14344263E-9,1.60000000E3,3.02059837E-9,1.60000000E3,3.05407016E-9,1.70000000E3,3.02870584E-9,1.70000000E3,3.01700095E-9,1.80000000E3,2.94490441E-9,1.80000000E3,3.00846586E-9,1.90000000E3,2.90104662E-9,1.90000000E3,2.92317806E-9,2.00000000E3,2.89567075E-9,2.00000000E3,2.87700414E-9,2.00000000E3,2.89684298E-9,2.10000000E3,2.87213783E-9,2.20000000E3,2.77697514E-9,2.20000000E3,2.79318173E-9,2.20000000E3,2.83752746E-9,2.30000000E3,2.74879526E-9,2.30000000E3,2.76426781E-9,2.40000000E3,2.74499580E-9,2.40000000E3,2.72338954E-9,2.50000000E3,2.67662105E-9,2.50000000E3,2.73063707E-9,2.60000000E3,2.65078346E-9,2.60000000E3,2.66290030E-9,2.60000000E3,2.70662416E-9,2.70000000E3,2.62857334E-9,2.70000000E3,2.64101349E-9,2.80000000E3,2.63341222E-9,2.80000000E3,2.60996559E-9,2.90000000E3,2.57185020E-9,2.90000000E3,2.61288216E-9,3.00000000E3,2.54479653E-9,3.00000000E3,2.55486691E-9,3.10000000E3,2.54952012E-9,3.10000000E3,2.52702933E-9,3.20000000E3,2.49468085E-9,3.20000000E3,2.53441839E-9,3.30000000E3,2.47152784E-9,3.30000000E3,2.48041890E-9,3.30000000E3,2.51944071E-9,3.40000000E3,2.46079214E-9,3.40000000E3,2.46917470E-9,3.50000000E3,2.46806546E-9,3.60000000E3,2.41732642E-9,3.60000000E3,2.42513284E-9,3.60000000E3,2.46291301E-9,3.70000000E3,2.40561247E-9,3.70000000E3,2.41346884E-9,3.80000000E3,2.41715851E-9,3.80000000E3,2.39555913E-9,3.90000000E3,2.37091112E-9,3.90000000E3,2.40895855E-9,4.00000000E3,2.35531600E-9,4.00000000E3,2.36283363E-9,4.10000000E3,2.36775903E-9,4.10000000E3,2.34482772E-9,4.20000000E3,2.32385761E-9,4.20000000E3,2.35825599E-9,4.30000000E3,2.30802053E-9,4.30000000E3,2.31411732E-9,4.40000000E3,2.32213448E-9,4.40000000E3,2.30009636E-9,4.50000000E3,2.28037472E-9,4.50000000E3,2.31466518E-9,4.60000000E3,2.26817113E-9,4.60000000E3,2.27396799E-9,4.70000000E3,2.29077123E-9,4.80000000E3,2.24593072E-9,4.80000000E3,2.25133946E-9,4.80000000E3,2.27675268E-9,4.90000000E3,2.23265692E-9,4.90000000E3,2.23742836E-9,5.00000000E3,2.24819566E-9,5.00000000E3,2.22594316E-9,5.10000000E3,2.21005414E-9,5.10000000E3,2.24234604E-9,5.20000000E3,2.20038282E-9,5.20000000E3,2.20500147E-9,5.30000000E3,2.21792447E-9,5.30000000E3,2.19678977E-9,5.40000000E3,2.18174653E-9,5.40000000E3,2.21422272E-9,5.50000000E3,2.17361041E-9,5.50000000E3,2.17746099E-9,5.60000000E3,2.19065554E-9,5.60000000E3,2.16820134E-9,5.70000000E3,2.15526979E-9,5.70000000E3,2.18578743E-9,5.80000000E3,2.14711478E-9,5.80000000E3,2.15081327E-9,5.90000000E3,2.16568264E-9,6.00000000E3,2.12829710E-9,6.00000000E3,2.13184017E-9,6.00000000E3,2.16308282E-9,6.10000000E3,2.12623066E-9,6.10000000E3,2.12981080E-9,6.20000000E3,2.14586140E-9,6.30000000E3,2.11014078E-9,6.30000000E3,2.11322159E-9,6.30000000E3,2.14307067E-9,9.50000000E3,1.87300484E-9,6.40000000E3,2.11025084E-9
900.0,3.07798976e-09,900.0,3.03276776e-09,900.0,3.07942069e-09,1.00000000E3,3.04590878E-9,1.00000000E3,3.04352216E-9,1.10000000E3,2.96057485E-9,1.10000000E3,3.05399577E-9,1.20000000E3,2.92804836E-9,1.20000000E3,2.98382463E-9,1.20000000E3,3.09044868E-9,1.30000000E3,2.96758426E-9,1.30000000E3,3.02347490E-9,1.40000000E3,2.99714369E-9,1.40000000E3,3.00442876E-9,1.50000000E3,2.93815537E-9,1.50000000E3,3.01825387E-9,1.60000000E3,2.91170831E-9,1.60000000E3,2.95062511E-9,1.60000000E3,3.02614233E-9,1.70000000E3,2.91743457E-9,1.70000000E3,2.94856226E-9,1.80000000E3,2.93133183E-9,1.80000000E3,2.91899140E-9,1.90000000E3,2.85718974E-9,1.90000000E3,2.91714282E-9,2.00000000E3,2.81882090E-9,2.00000000E3,2.83970769E-9,2.10000000E3,2.81854915E-9,2.10000000E3,2.80007383E-9,2.10000000E3,2.81822310E-9,2.20000000E3,2.79664431E-9,2.30000000E3,2.71102424E-9,2.30000000E3,2.72705530E-9,2.30000000E3,2.76909887E-9,2.40000000E3,2.68552562E-9,2.40000000E3,2.70024030E-9,2.50000000E3,2.68548396E-9,2.50000000E3,2.66313908E-9,2.60000000E3,2.62081473E-9,2.60000000E3,2.67200477E-9,2.70000000E3,2.59680554E-9,2.70000000E3,2.60887941E-9,2.70000000E3,2.65099018E-9,2.80000000E3,2.57753563E-9,2.80000000E3,2.58893766E-9,2.90000000E3,2.58360531E-9,2.90000000E3,2.56161130E-9,3.00000000E3,2.52595164E-9,3.00000000E3,2.56834856E-9,3.10000000E3,2.50152315E-9,3.10000000E3,2.51100355E-9,3.20000000E3,2.50877565E-9,3.20000000E3,2.48546139E-9,3.30000000E3,2.45660546E-9,3.30000000E3,2.49481470E-9,3.40000000E3,2.43293462E-9,3.40000000E3,2.44181509E-9,3.40000000E3,2.48134712E-9,3.50000000E3,2.42223317E-9,3.50000000E3,2.43119123E-9,3.60000000E3,2.44068058E-9,3.70000000E3,2.38593384E-9,3.70000000E3,2.39325544E-9,3.70000000E3,2.42818829E-9,3.80000000E3,2.37306527E-9,3.80000000E3,2.38035647E-9,3.90000000E3,2.38546549E-9,3.90000000E3,2.36350809E-9,4.00000000E3,2.34047307E-9,4.00000000E3,2.37638426E-9,4.10000000E3,2.32560412E-9,4.10000000E3,2.33255617E-9,4.20000000E3,2.33981891E-9,4.20000000E3,2.31786229E-9,4.30000000E3,2.29743682E-9,4.30000000E3,2.33068394E-9,4.40000000E3,2.28257375E-9,4.40000000E3,2.28819411E-9,4.50000000E3,2.29691810E-9,4.50000000E3,2.27463983E-9,4.60000000E3,2.25626255E-9,4.60000000E3,2.28977814E-9,4.70000000E3,2.24460811E-9,4.70000000E3,2.25002304E-9,4.80000000E3,2.26708339E-9,4.90000000E3,2.22357076E-9,4.90000000E3,2.22883429E-9,4.90000000E3,2.25557669E-9,5.00000000E3,2.21202309E-9,5.00000000E3,2.21650792E-9,5.10000000E3,2.22805453E-9,5.10000000E3,2.20551966E-9,5.20000000E3,2.19052654E-9,5.20000000E3,2.22222665E-9,5.30000000E3,2.18134296E-9,5.30000000E3,2.18574510E-9,5.40000000E3,2.19879774E-9,5.40000000E3,2.17732838E-9,5.50000000E3,2.16338824E-9,5.50000000E3,2.19534997E-9,5.60000000E3,2.15641110E-9,5.60000000E3,2.16051082E-9,5.70000000E3,2.17424881E-9,5.70000000E3,2.15160723E-9,5.80000000E3,2.13922631E-9,5.80000000E3,2.16927780E-9,5.90000000E3,2.13139462E-9,5.90000000E3,2.13491104E-9,6.00000000E3,2.15015380E-9,6.10000000E3,2.11348712E-9,6.10000000E3,2.11686039E-9,6.10000000E3,2.14759919E-9,6.20000000E3,2.11136239E-9,6.20000000E3,2.11476874E-9,6.30000000E3,2.13123167E-9,6.40000000E3,2.09622209E-9,6.40000000E3,2.09949645E-9,6.40000000E3,2.12939724E-9,9.40000000E3,1.87716177E-9,6.50000000E3,2.09722988E-9
1000.0,2.94060077e-09,1000.0,2.89549842e-09,1000.0,2.93501494e-09,1.10000000E3,2.91412558E-9,1.10000000E3,2.90777169E-9,1.20000000E3,2.83747570E-9,1.20000000E3,2.92359497E-9,1.30000000E3,2.81207174E-9,1.30000000E3,2.86146472E-9,1.30000000E3,2.95951289E-9,1.40000000E3,2.85246051E-9,1.40000000E3,2.90250249E-9,1.50000000E3,2.88746167E-9,1.50000000E3,2.89180914E-9,1.60000000E3,2.83618217E-9,1.60000000E3,2.91096233E-9,1.70000000E3,2.81528115E-9,1.70000000E3,2.85165764E-9,1.70000000E3,2.92364757E-9,1.80000000E3,2.82681317E-9,1.80000000E3,2.85604865E-9,1.90000000E3,2.84552704E-9,1.90000000E3,2.83324338E-9,2.00000000E3,2.77845663E-9,2.00000000E3,2.83563180E-9,2.10000000E3,2.74591249E-9,2.10000000E3,2.76494078E-9,2.20000000E3,2.74933136E-9,2.20000000E3,2.72993499E-9,2.20000000E3,2.74718174E-9,2.30000000E3,2.73126898E-9,2.40000000E3,2.65045397E-9,2.40000000E3,2.66500841E-9,2.40000000E3,2.70669917E-9,2.50000000E3,2.62706794E-9,2.50000000E3,2.64033997E-9,2.60000000E3,2.63080076E-9,2.60000000E3,2.60864850E-9,2.70000000E3,2.58118443E-9,2.70000000E3,2.61808289E-9,2.80000000E3,2.54749773E-9,2.80000000E3,2.55899203E-9,2.80000000E3,2.60028984E-9,2.90000000E3,2.53143618E-9,2.90000000E3,2.54213985E-9,3.00000000E3,2.53944603E-9,3.00000000E3,2.51627158E-9,3.10000000E3,2.48297778E-9,3.10000000E3,2.52255259E-9,3.20000000E3,2.46016036E-9,3.20000000E3,2.46986439E-9,3.30000000E3,2.46875184E-9,3.30000000E3,2.44719605E-9,3.40000000E3,2.41786629E-9,3.40000000E3,2.45495231E-9,3.50000000E3,2.39752085E-9,3.50000000E3,2.40570451E-9,3.50000000E3,2.44332282E-9,3.60000000E3,2.39542751E-9,3.60000000E3,2.40388427E-9,3.70000000E3,2.40770615E-9,3.80000000E3,2.35436250E-9,3.80000000E3,2.36115082E-9,3.80000000E3,2.39589981E-9,3.90000000E3,2.34294106E-9,3.90000000E3,2.34969474E-9,4.00000000E3,2.35572300E-9,4.00000000E3,2.33355406E-9,4.10000000E3,2.31215994E-9,4.10000000E3,2.34712169E-9,4.20000000E3,2.29817257E-9,4.20000000E3,2.30469551E-9,4.30000000E3,2.31242488E-9,4.30000000E3,2.29126054E-9,4.40000000E3,2.27184437E-9,4.40000000E3,2.30565838E-9,4.50000000E3,2.25865684E-9,4.50000000E3,2.26391772E-9,4.60000000E3,2.27343000E-9,4.60000000E3,2.25089788E-9,4.70000000E3,2.23380354E-9,4.70000000E3,2.26653220E-9,4.80000000E3,2.22251894E-9,4.80000000E3,2.22761159E-9,4.90000000E3,2.24499778E-9,5.00000000E3,2.20245818E-9,5.00000000E3,2.20741196E-9,5.00000000E3,2.23426608E-9,5.10000000E3,2.19258528E-9,5.10000000E3,2.19713667E-9,5.20000000E3,2.20880967E-9,5.20000000E3,2.18621799E-9,5.30000000E3,2.17219494E-9,5.30000000E3,2.20325018E-9,5.40000000E3,2.16307194E-9,5.40000000E3,2.16719240E-9,5.50000000E3,2.18089272E-9,5.50000000E3,2.15921135E-9,5.60000000E3,2.14622911E-9,5.60000000E3,2.17761484E-9,5.70000000E3,2.13945425E-9,5.70000000E3,2.14343138E-9,5.80000000E3,2.15800458E-9,5.80000000E3,2.13574309E-9,5.90000000E3,2.12409009E-9,5.90000000E3,2.15366280E-9,6.00000000E3,2.11657369E-9,6.00000000E3,2.11991195E-9,6.10000000E3,2.13548538E-9,6.20000000E3,2.09949498E-9,6.20000000E3,2.10269944E-9,6.20000000E3,2.13291322E-9,6.30000000E3,2.09741232E-9,6.30000000E3,2.10065542E-9,6.40000000E3,2.11747803E-9,6.50000000E3,2.08304131E-9,6.50000000E3,2.08616376E-9,6.50000000E3,2.11664826E-9,9.30000000E3,1.88146564E-9,6.60000000E3,2.08469482E-9
1100.0,2.82302842e-09,1100.0,2.77860746e-09,1100.0,2.81217815e-09,1.20000000E3,2.80083810E-9,1.20000000E3,2.79132229E-9,1.30000000E3,2.73315858E-9,1.30000000E3,2.81097159E-9,1.40000000E3,2.71287934E-9,1.40000000E3,2.75718090E-9,1.40000000E3,2.84760033E-9,1.50000000E3,2.75344567E-9,1.50000000E3,2.79847124E-9,1.60000000E3,2.79007783E-9,1.60000000E3,2.79322371E-9,1.70000000E3,2.74512781E-9,1.70000000E3,2.81634781E-9,1.80000000E3,2.73084649E-9,1.80000000E3,2.76396685E-9,1.80000000E3,2.83374856E-9,1.90000000E3,2.74605202E-9,1.90000000E3,2.77317645E-9,2.00000000E3,2.76842264E-9,2.00000000E3,2.75585463E-9,2.10000000E3,2.70778613E-9,2.10000000E3,2.76229024E-9,2.20000000E3,2.67994144E-9,2.20000000E3,2.69819882E-9,2.30000000E3,2.68578748E-9,2.30000000E3,2.66670958E-9,2.30000000E3,2.68242961E-9,2.40000000E3,2.67140324E-9,2.50000000E3,2.59542814E-9,2.50000000E3,2.60870526E-9,2.50000000E3,2.64900800E-9,2.60000000E3,2.57477964E-9,2.60000000E3,2.58686375E-9,2.70000000E3,2.59139070E-9,2.70000000E3,2.56981065E-9,2.80000000E3,2.53508872E-9,2.80000000E3,2.56937382E-9,2.90000000E3,2.50243709E-9,2.90000000E3,2.51298678E-9,2.90000000E3,2.55403670E-9,3.00000000E3,2.48780144E-9,3.00000000E3,2.49754444E-9,3.10000000E3,2.49612763E-9,3.10000000E3,2.47341779E-9,3.20000000E3,2.44365290E-9,3.20000000E3,2.48182488E-9,3.30000000E3,2.42194219E-9,3.30000000E3,2.43027201E-9,3.40000000E3,2.43341078E-9,3.40000000E3,2.40989358E-9,3.50000000E3,2.38410742E-9,3.50000000E3,2.41994452E-9,3.60000000E3,2.37226529E-9,3.60000000E3,2.37999272E-9,3.60000000E3,2.41679176E-9,3.70000000E3,2.36295848E-9,3.70000000E3,2.37074137E-9,3.80000000E3,2.37545961E-9,3.90000000E3,2.32456228E-9,3.90000000E3,2.33191605E-9,3.90000000E3,2.36607615E-9,4.00000000E3,2.31475863E-9,4.00000000E3,2.32106867E-9,4.10000000E3,2.32833992E-9,4.10000000E3,2.30576702E-9,4.20000000E3,2.28572637E-9,4.20000000E3,2.31990638E-9,4.30000000E3,2.27227394E-9,4.30000000E3,2.27834575E-9,4.40000000E3,2.28722530E-9,4.40000000E3,2.26572899E-9,4.50000000E3,2.24763032E-9,4.50000000E3,2.28135246E-9,4.60000000E3,2.23637932E-9,4.60000000E3,2.24130325E-9,4.70000000E3,2.25159858E-9,4.70000000E3,2.22879563E-9,4.80000000E3,2.21271457E-9,4.80000000E3,2.24466043E-9,4.90000000E3,2.20182770E-9,4.90000000E3,2.20662525E-9,5.00000000E3,2.22413156E-9,5.10000000E3,2.18272778E-9,5.10000000E3,2.18736721E-9,5.10000000E3,2.21384645E-9,5.20000000E3,2.17363810E-9,5.20000000E3,2.17829398E-9,5.30000000E3,2.19091918E-9,5.30000000E3,2.16813867E-9,5.40000000E3,2.15491702E-9,5.40000000E3,2.18528878E-9,5.50000000E3,2.14603328E-9,5.50000000E3,2.14993430E-9,5.60000000E3,2.16412424E-9,5.60000000E3,2.14227182E-9,5.70000000E3,2.12998990E-9,5.70000000E3,2.16088899E-9,5.80000000E3,2.12360733E-9,5.80000000E3,2.12738768E-9,5.90000000E3,2.14232909E-9,5.90000000E3,2.12077821E-9,6.00000000E3,2.10976597E-9,6.00000000E3,2.13896939E-9,6.10000000E3,2.10254453E-9,6.10000000E3,2.10571470E-9,6.20000000E3,2.12161686E-9,6.30000000E3,2.08626980E-9,6.30000000E3,2.08932413E-9,6.30000000E3,2.11910194E-9,6.40000000E3,2.08419309E-9,6.40000000E3,2.08728192E-9,6.50000000E3,2.10443821E-9,6.60000000E3,2.07061096E-9,6.60000000E3,2.07359514E-9,6.60000000E3,2.10364486E-9,9.20000000E3,1.88590151E-9,6.70000000E3,2.07291849E-9
1200.0,2.7214994e-09,1200.0,2.6779679e-09,1200.0,2.70713226e-09,1.30000000E3,2.70397521E-9,1.30000000E3,2.69215101E-9,1.40000000E3,2.64192476E-9,1.40000000E3,2.71473908E-9,1.50000000E3,2.62635116E-9,1.50000000E3,2.66651997E-9,1.50000000E3,2.75106390E-9,1.60000000E3,2.66595444E-9,1.60000000E3,2.70732886E-9,1.70000000E3,2.70447370E-9,1.70000000E3,2.70567432E-9,1.80000000E3,2.66435818E-9,1.80000000E3,2.73304333E-9,1.90000000E3,2.65536503E-9,1.90000000E3,2.68637405E-9,1.90000000E3,2.75253720E-9,2.00000000E3,2.67267856E-9,2.00000000E3,2.69835476E-9,2.10000000E3,2.69878105E-9,2.10000000E3,2.68595475E-9,2.20000000E3,2.64216021E-9,2.20000000E3,2.69645420E-9,2.30000000E3,2.61981253E-9,2.30000000E3,2.63709470E-9,2.40000000E3,2.62847701E-9,2.40000000E3,2.60972115E-9,2.40000000E3,2.62445191E-9,2.50000000E3,2.61581250E-9,2.60000000E3,2.54636714E-9,2.60000000E3,2.55902602E-9,2.60000000E3,2.59614372E-9,2.70000000E3,2.53822376E-9,2.70000000E3,2.54952382E-9,2.80000000E3,2.54539261E-9,2.80000000E3,2.52396134E-9,2.90000000E3,2.49182011E-9,2.90000000E3,2.52478779E-9,3.00000000E3,2.46136890E-9,3.00000000E3,2.47106427E-9,3.00000000E3,2.51091451E-9,3.10000000E3,2.44875338E-9,3.10000000E3,2.45832662E-9,3.20000000E3,2.45802774E-9,3.20000000E3,2.43489350E-9,3.30000000E3,2.40855804E-9,3.30000000E3,2.44531748E-9,3.40000000E3,2.38788053E-9,3.40000000E3,2.39633612E-9,3.50000000E3,2.40004753E-9,3.50000000E3,2.37674208E-9,3.60000000E3,2.35982400E-9,3.60000000E3,2.39488374E-9,3.70000000E3,2.34189476E-9,3.70000000E3,2.34898567E-9,3.70000000E3,2.38484336E-9,3.80000000E3,2.33281800E-9,3.80000000E3,2.34008011E-9,3.90000000E3,2.34592404E-9,4.00000000E3,2.29691640E-9,4.00000000E3,2.30379729E-9,4.00000000E3,2.33804993E-9,4.10000000E3,2.28875156E-9,4.10000000E3,2.29458205E-9,4.20000000E3,2.30243431E-9,4.20000000E3,2.27972158E-9,4.30000000E3,2.26113455E-9,4.30000000E3,2.29434459E-9,4.40000000E3,2.24815208E-9,4.40000000E3,2.25382624E-9,4.50000000E3,2.26366251E-9,4.50000000E3,2.24190192E-9,4.60000000E3,2.22536294E-9,4.60000000E3,2.25796287E-9,4.70000000E3,2.21466906E-9,4.70000000E3,2.22010560E-9,4.80000000E3,2.23098363E-9,4.80000000E3,2.20801199E-9,4.90000000E3,2.19285541E-9,4.90000000E3,2.22412847E-9,5.00000000E3,2.18229474E-9,5.00000000E3,2.18681155E-9,5.10000000E3,2.20467562E-9,5.20000000E3,2.16424055E-9,5.20000000E3,2.16862258E-9,5.20000000E3,2.19500523E-9,5.30000000E3,2.15540735E-9,5.30000000E3,2.15980748E-9,5.40000000E3,2.17383936E-9,5.40000000E3,2.15106881E-9,5.50000000E3,2.13860540E-9,5.50000000E3,2.16839292E-9,5.60000000E3,2.12993785E-9,5.60000000E3,2.13364535E-9,5.70000000E3,2.14829685E-9,5.70000000E3,2.12625041E-9,5.80000000E3,2.11463210E-9,5.80000000E3,2.14517345E-9,5.90000000E3,2.10868837E-9,5.90000000E3,2.11228713E-9,6.00000000E3,2.12744323E-9,6.00000000E3,2.10614211E-9,6.10000000E3,2.09533445E-9,6.10000000E3,2.12505327E-9,6.20000000E3,2.08925804E-9,6.20000000E3,2.09226953E-9,6.30000000E3,2.10850417E-9,6.40000000E3,2.07373841E-9,6.40000000E3,2.07665524E-9,6.40000000E3,2.10601506E-9,6.50000000E3,2.07164027E-9,6.50000000E3,2.07459083E-9,6.60000000E3,2.09214606E-9,6.70000000E3,2.05876421E-9,6.70000000E3,2.06162139E-9,6.70000000E3,2.09128376E-9,9.10000000E3,1.89048893E-9,6.80000000E3,2.06130742E-9
1300.0,2.63416926e-09,1300.0,2.5910538e-09,1300.0,2.61688548e-09,1.40000000E3,2.61910981E-9,1.40000000E3,2.60523612E-9,1.50000000E3,2.56179391E-9,1.50000000E3,2.63039824E-9,1.60000000E3,2.54992841E-9,1.60000000E3,2.58673570E-9,1.60000000E3,2.66577850E-9,1.70000000E3,2.58849077E-9,1.70000000E3,2.62641626E-9,1.80000000E3,2.62894999E-9,1.80000000E3,2.62843059E-9,1.90000000E3,2.59286151E-9,1.90000000E3,2.65825922E-9,2.00000000E3,2.58732557E-9,2.00000000E3,2.61664380E-9,2.00000000E3,2.67948048E-9,2.10000000E3,2.60740821E-9,2.10000000E3,2.63195959E-9,2.20000000E3,2.63462021E-9,2.20000000E3,2.62155158E-9,2.30000000E3,2.58405354E-9,2.30000000E3,2.63665847E-9,2.40000000E3,2.56458406E-9,2.40000000E3,2.58077382E-9,2.50000000E3,2.57627914E-9,2.50000000E3,2.55710764E-9,2.50000000E3,2.57141761E-9,2.60000000E3,2.56653751E-9,2.70000000E3,2.49991012E-9,2.70000000E3,2.51210070E-9,2.70000000E3,2.55907672E-9,2.80000000E3,2.49373132E-9,2.80000000E3,2.50510378E-9,2.90000000E3,2.50313993E-9,2.90000000E3,2.48122626E-9,3.00000000E3,2.45120298E-9,3.00000000E3,2.48410079E-9,3.10000000E3,2.42359041E-9,3.10000000E3,2.43239378E-9,3.10000000E3,2.47051992E-9,3.20000000E3,2.41153073E-9,3.20000000E3,2.42050734E-9,3.30000000E3,2.42143908E-9,3.30000000E3,2.39966573E-9,3.40000000E3,2.37383054E-9,3.40000000E3,2.40989309E-9,3.50000000E3,2.35534604E-9,3.50000000E3,2.36317724E-9,3.60000000E3,2.37567831E-9,3.60000000E3,2.35284345E-9,3.70000000E3,2.33096152E-9,3.70000000E3,2.36496682E-9,3.80000000E3,2.31338827E-9,3.80000000E3,2.32002789E-9,3.80000000E3,2.35495310E-9,3.90000000E3,2.30431677E-9,3.90000000E3,2.31105512E-9,4.00000000E3,2.31852100E-9,4.10000000E3,2.27051975E-9,4.10000000E3,2.27692971E-9,4.10000000E3,2.31125025E-9,4.20000000E3,2.26413763E-9,4.20000000E3,2.26960492E-9,4.30000000E3,2.27855720E-9,4.30000000E3,2.25555217E-9,4.40000000E3,2.23812042E-9,4.40000000E3,2.27049126E-9,4.50000000E3,2.22566425E-9,4.50000000E3,2.23097956E-9,4.60000000E3,2.24194069E-9,4.60000000E3,2.21997568E-9,4.70000000E3,2.20373853E-9,4.70000000E3,2.23609320E-9,4.80000000E3,2.19378046E-9,4.80000000E3,2.19890308E-9,4.90000000E3,2.21107750E-9,4.90000000E3,2.18842102E-9,5.00000000E3,2.17414709E-9,5.00000000E3,2.20477681E-9,5.10000000E3,2.16406414E-9,5.10000000E3,2.16830366E-9,5.20000000E3,2.18635983E-9,5.30000000E3,2.14681176E-9,5.30000000E3,2.15099274E-9,5.30000000E3,2.17697747E-9,5.40000000E3,2.13841279E-9,5.40000000E3,2.14259190E-9,5.50000000E3,2.15687092E-9,5.50000000E3,2.13496193E-9,5.60000000E3,2.12322844E-9,5.60000000E3,2.15239837E-9,5.70000000E3,2.11483425E-9,5.70000000E3,2.11833310E-9,5.80000000E3,2.13321214E-9,5.80000000E3,2.11106723E-9,5.90000000E3,2.10014621E-9,5.90000000E3,2.13038109E-9,6.00000000E3,2.09424619E-9,6.00000000E3,2.09767134E-9,6.10000000E3,2.11334466E-9,6.10000000E3,2.09188626E-9,6.20000000E3,2.08197152E-9,6.20000000E3,2.11135072E-9,6.30000000E3,2.07664961E-9,6.30000000E3,2.07952180E-9,6.40000000E3,2.09607394E-9,6.50000000E3,2.06182597E-9,6.50000000E3,2.06460934E-9,6.50000000E3,2.09357899E-9,6.60000000E3,2.05981228E-9,6.60000000E3,2.06263357E-9,6.70000000E3,2.08040568E-9,6.80000000E3,2.04746825E-9,6.80000000E3,2.05020506E-9,6.80000000E3,2.07969327E-9,9.00000000E3,1.89525230E-9,6.90000000E3,2.04992145E-9
1400.0,2.55662063e-09,1400.0,2.51436741e-09,1400.0,2.53729423e-09,1.50000000E3,2.54390583E-9,1.50000000E3,2.52856345E-9,1.60000000E3,2.49075726E-9,1.60000000E3,2.55596965E-9,1.70000000E3,2.48103097E-9,1.70000000E3,2.51487704E-9,1.70000000E3,2.59017540E-9,1.80000000E3,2.51969134E-9,1.80000000E3,2.55447542E-9,1.90000000E3,2.56119890E-9,1.90000000E3,2.55937031E-9,2.00000000E3,2.52863526E-9,2.00000000E3,2.59104362E-9,2.10000000E3,2.52583420E-9,2.10000000E3,2.55353496E-9,2.10000000E3,2.61480015E-9,2.20000000E3,2.54809950E-9,2.20000000E3,2.57131520E-9,2.30000000E3,2.57730810E-9,2.30000000E3,2.56498841E-9,2.40000000E3,2.53126600E-9,2.40000000E3,2.58116343E-9,2.50000000E3,2.51437688E-9,2.50000000E3,2.52967624E-9,2.60000000E3,2.52825071E-9,2.60000000E3,2.50913051E-9,2.60000000E3,2.52258799E-9,2.70000000E3,2.52043690E-9,2.80000000E3,2.45736517E-9,2.80000000E3,2.46877089E-9,2.80000000E3,2.51498047E-9,2.90000000E3,2.45320901E-9,2.90000000E3,2.46380186E-9,3.00000000E3,2.46370702E-9,3.00000000E3,2.44143462E-9,3.10000000E3,2.41425767E-9,3.10000000E3,2.44561733E-9,3.20000000E3,2.38851664E-9,3.20000000E3,2.39680921E-9,3.20000000E3,2.43375456E-9,3.30000000E3,2.37711373E-9,3.30000000E3,2.38511517E-9,3.40000000E3,2.38946654E-9,3.40000000E3,2.36618286E-9,3.50000000E3,2.34273784E-9,3.50000000E3,2.37765740E-9,3.60000000E3,2.33224330E-9,3.60000000E3,2.33967186E-9,3.70000000E3,2.34546783E-9,3.70000000E3,2.32382023E-9,3.80000000E3,2.30291908E-9,3.80000000E3,2.33657885E-9,3.90000000E3,2.28659682E-9,3.90000000E3,2.29277638E-9,3.90000000E3,2.32676032E-9,4.00000000E3,2.27811277E-9,4.00000000E3,2.28444940E-9,4.10000000E3,2.29244080E-9,4.20000000E3,2.24625596E-9,4.20000000E3,2.25228790E-9,4.20000000E3,2.28564079E-9,4.30000000E3,2.24030225E-9,4.30000000E3,2.24641922E-9,4.40000000E3,2.25611992E-9,4.40000000E3,2.23290753E-9,4.50000000E3,2.21659333E-9,4.50000000E3,2.24822172E-9,4.60000000E3,2.20480785E-9,4.60000000E3,2.20980769E-9,4.70000000E3,2.22091612E-9,4.70000000E3,2.19869420E-9,4.80000000E3,2.18370406E-9,4.80000000E3,2.21542825E-9,4.90000000E3,2.17415644E-9,4.90000000E3,2.17899028E-9,5.00000000E3,2.19173335E-9,5.00000000E3,2.16997482E-9,5.10000000E3,2.15655834E-9,5.10000000E3,2.18676494E-9,5.20000000E3,2.14664298E-9,5.20000000E3,2.15068479E-9,5.30000000E3,2.16898292E-9,5.40000000E3,2.13023134E-9,5.40000000E3,2.13419778E-9,5.40000000E3,2.16010611E-9,5.50000000E3,2.12215527E-9,5.50000000E3,2.12611697E-9,5.60000000E3,2.14085224E-9,5.60000000E3,2.11948598E-9,5.70000000E3,2.10787325E-9,5.70000000E3,2.13746142E-9,5.80000000E3,2.10042951E-9,5.80000000E3,2.10376046E-9,5.90000000E3,2.11899062E-9,5.90000000E3,2.09675158E-9,6.00000000E3,2.08637732E-9,6.00000000E3,2.11608894E-9,6.10000000E3,2.08071683E-9,6.10000000E3,2.08397533E-9,6.20000000E3,2.10030421E-9,6.20000000E3,2.07869468E-9,6.30000000E3,2.06920077E-9,6.30000000E3,2.09802259E-9,6.40000000E3,2.06405315E-9,6.40000000E3,2.06719279E-9,6.50000000E3,2.08425024E-9,6.60000000E3,2.05059954E-9,6.60000000E3,2.05326865E-9,6.60000000E3,2.08185376E-9,6.70000000E3,2.04847283E-9,6.70000000E3,2.05117336E-9,6.80000000E3,2.06919340E-9,6.90000000E3,2.03671182E-9,6.90000000E3,2.03934274E-9,6.90000000E3,2.06852825E-9,8.90000000E3,1.90018445E-9,7.00000000E3,2.03914548E-9
1500.0,2.48839147e-09,1500.0,2.44698145e-09,1500.0,2.46766343e-09,1.60000000E3,2.47664473E-9,1.60000000E3,2.46063283E-9,1.70000000E3,2.42750375E-9,1.70000000E3,2.48851663E-9,1.80000000E3,2.42046918E-9,1.80000000E3,2.45175913E-9,1.80000000E3,2.52270583E-9,1.90000000E3,2.45798562E-9,1.90000000E3,2.49033844E-9,2.00000000E3,2.50030328E-9,2.00000000E3,2.49727061E-9,2.10000000E3,2.47027786E-9,2.10000000E3,2.53025422E-9,2.20000000E3,2.47012714E-9,2.20000000E3,2.49648091E-9,2.20000000E3,2.55589011E-9,2.30000000E3,2.49312894E-9,2.30000000E3,2.51534863E-9,2.40000000E3,2.52512854E-9,2.40000000E3,2.51274484E-9,2.50000000E3,2.48203016E-9,2.50000000E3,2.53062930E-9,2.60000000E3,2.46813567E-9,2.60000000E3,2.48268973E-9,2.70000000E3,2.48358057E-9,2.70000000E3,2.46484436E-9,2.70000000E3,2.47752592E-9,2.80000000E3,2.47797983E-9,2.90000000E3,2.41801724E-9,2.90000000E3,2.42872907E-9,2.90000000E3,2.47477126E-9,3.00000000E3,2.41466109E-9,3.00000000E3,2.42452589E-9,3.10000000E3,2.42705545E-9,3.10000000E3,2.40525073E-9,3.20000000E3,2.37980401E-9,3.20000000E3,2.41006501E-9,3.30000000E3,2.35486420E-9,3.30000000E3,2.36325356E-9,3.30000000E3,2.39989831E-9,3.40000000E3,2.34567207E-9,3.40000000E3,2.35375444E-9,3.50000000E3,2.35788729E-9,3.50000000E3,2.33570394E-9,3.60000000E3,2.32074226E-9,3.60000000E3,2.35471775E-9,3.70000000E3,2.30388782E-9,3.70000000E3,2.31080098E-9,3.80000000E3,2.31767362E-9,3.80000000E3,2.29582149E-9,3.90000000E3,2.27614961E-9,3.90000000E3,2.30999557E-9,4.00000000E3,2.26157373E-9,4.00000000E3,2.26736245E-9,4.00000000E3,2.30067258E-9,4.10000000E3,2.25297871E-9,4.10000000E3,2.25890597E-9,4.20000000E3,2.26833725E-9,4.30000000E3,2.22329409E-9,4.30000000E3,2.22894485E-9,4.30000000E3,2.26175866E-9,4.40000000E3,2.21756640E-9,4.40000000E3,2.22332063E-9,4.50000000E3,2.23421842E-9,4.50000000E3,2.21170030E-9,4.60000000E3,2.19630625E-9,4.60000000E3,2.22753666E-9,4.70000000E3,2.18488749E-9,4.70000000E3,2.18956033E-9,4.80000000E3,2.20130252E-9,4.80000000E3,2.17894255E-9,4.90000000E3,2.16480807E-9,4.90000000E3,2.19597907E-9,5.00000000E3,2.15577096E-9,5.00000000E3,2.16034953E-9,5.10000000E3,2.17342918E-9,5.10000000E3,2.15193226E-9,5.20000000E3,2.13931106E-9,5.20000000E3,2.16937133E-9,5.30000000E3,2.13032949E-9,5.30000000E3,2.13414558E-9,5.40000000E3,2.15251438E-9,5.50000000E3,2.11455693E-9,5.50000000E3,2.11832850E-9,5.50000000E3,2.14399855E-9,5.60000000E3,2.10688581E-9,5.60000000E3,2.11065044E-9,5.70000000E3,2.12563076E-9,5.70000000E3,2.10406819E-9,5.80000000E3,2.09335438E-9,5.80000000E3,2.12309591E-9,5.90000000E3,2.08682045E-9,5.90000000E3,2.08998804E-9,6.00000000E3,2.10549101E-9,6.00000000E3,2.08314833E-9,6.10000000E3,2.07328446E-9,6.10000000E3,2.10268698E-9,6.20000000E3,2.06793118E-9,6.20000000E3,2.07103631E-9,6.30000000E3,2.08780013E-9,6.30000000E3,2.06607264E-9,6.40000000E3,2.05697372E-9,6.40000000E3,2.08545240E-9,6.50000000E3,2.05196078E-9,6.50000000E3,2.05496327E-9,6.60000000E3,2.07254677E-9,6.70000000E3,2.03977362E-9,6.70000000E3,2.04232760E-9,6.70000000E3,2.07058947E-9,6.80000000E3,2.03767833E-9,6.80000000E3,2.04027378E-9,6.90000000E3,2.05851165E-9,7.00000000E3,2.02646109E-9,7.00000000E3,2.02900210E-9,7.00000000E3,2.05795671E-9,8.80000000E3,1.90529904E-9,7.10000000E3,2.02891631E-9
1600.0,2.4259126e-09,1600.0,2.38542044e-09,1600.0,2.40413672e-09,1.70000000E3,2.41693569E-9,1.70000000E3,2.39956680E-9,1.80000000E3,2.37070120E-9,1.80000000E3,2.42911221E-9,1.90000000E3,2.36493140E-9,1.90000000E3,2.39401174E-9,1.90000000E3,2.46235490E-9,2.00000000E3,2.40231770E-9,2.00000000E3,2.43256046E-9,2.10000000E3,2.44484520E-9,2.10000000E3,2.44078926E-9,2.20000000E3,2.41730299E-9,2.20000000E3,2.47525483E-9,2.30000000E3,2.41919594E-9,2.30000000E3,2.44430814E-9,2.30000000E3,2.50133272E-9,2.40000000E3,2.45486825E-9,2.40000000E3,2.47623656E-9,2.50000000E3,2.47657405E-9,2.50000000E3,2.46397849E-9,2.60000000E3,2.43682499E-9,2.60000000E3,2.48405076E-9,2.70000000E3,2.42505194E-9,2.70000000E3,2.43939418E-9,2.80000000E3,2.44224541E-9,2.80000000E3,2.42391184E-9,2.80000000E3,2.43591167E-9,2.90000000E3,2.43823332E-9,3.00000000E3,2.38112803E-9,3.00000000E3,2.39120520E-9,3.00000000E3,2.43609721E-9,3.10000000E3,2.37964919E-9,3.10000000E3,2.38924884E-9,3.20000000E3,2.39282013E-9,3.20000000E3,2.37127401E-9,3.30000000E3,2.34714897E-9,3.30000000E3,2.37691748E-9,3.40000000E3,2.32411834E-9,3.40000000E3,2.33207413E-9,3.40000000E3,2.36758353E-9,3.50000000E3,2.31567214E-9,3.50000000E3,2.32330105E-9,3.60000000E3,2.33547566E-9,3.60000000E3,2.31362023E-9,3.70000000E3,2.29333306E-9,3.70000000E3,2.32660954E-9,3.80000000E3,2.27736579E-9,3.80000000E3,2.28381081E-9,3.90000000E3,2.29159926E-9,3.90000000E3,2.26950868E-9,4.00000000E3,2.25097425E-9,4.00000000E3,2.28473957E-9,4.10000000E3,2.23871484E-9,4.10000000E3,2.24410111E-9,4.10000000E3,2.27577006E-9,4.20000000E3,2.23002115E-9,4.20000000E3,2.23559381E-9,4.30000000E3,2.24560327E-9,4.40000000E3,2.20203548E-9,4.40000000E3,2.20733416E-9,4.40000000E3,2.23923170E-9,4.50000000E3,2.19621685E-9,4.50000000E3,2.20163881E-9,4.60000000E3,2.21313394E-9,4.60000000E3,2.19171379E-9,4.70000000E3,2.17687461E-9,4.70000000E3,2.20782739E-9,4.80000000E3,2.16620650E-9,4.80000000E3,2.17061171E-9,4.90000000E3,2.18279072E-9,4.90000000E3,2.16030505E-9,5.00000000E3,2.14707735E-9,5.00000000E3,2.17773077E-9,5.10000000E3,2.13828459E-9,5.10000000E3,2.14259630E-9,5.20000000E3,2.15644887E-9,5.20000000E3,2.13489232E-9,5.30000000E3,2.12244718E-9,5.30000000E3,2.15318520E-9,5.40000000E3,2.11485434E-9,5.40000000E3,2.11847966E-9,5.50000000E3,2.13693582E-9,5.60000000E3,2.09975417E-9,5.60000000E3,2.10332610E-9,5.60000000E3,2.12886647E-9,5.70000000E3,2.09231450E-9,5.70000000E3,2.09587493E-9,5.80000000E3,2.11139797E-9,5.80000000E3,2.08972752E-9,5.90000000E3,2.07951710E-9,5.90000000E3,2.10882853E-9,6.00000000E3,2.07385918E-9,6.00000000E3,2.07694416E-9,6.10000000E3,2.09266393E-9,6.10000000E3,2.07021340E-9,6.20000000E3,2.06093124E-9,6.20000000E3,2.09002319E-9,6.30000000E3,2.05574491E-9,6.30000000E3,2.05870315E-9,6.40000000E3,2.07581076E-9,6.40000000E3,2.05398113E-9,6.50000000E3,2.04535059E-9,6.50000000E3,2.07348850E-9,6.60000000E3,2.04053533E-9,6.60000000E3,2.04341062E-9,6.70000000E3,2.06122604E-9,6.80000000E3,2.02909048E-9,6.80000000E3,2.03187408E-9,6.80000000E3,2.05986071E-9,6.90000000E3,2.02735252E-9,6.90000000E3,2.02984106E-9,7.00000000E3,2.04830215E-9,7.10000000E3,2.01670846E-9,7.10000000E3,2.01914894E-9,7.10000000E3,2.04791600E-9,8.70000000E3,1.91059394E-9,7.20000000E3,2.01917225E-9
1700.0,2.37001715e-09,1700.0,2.33035958e-09,1700.0,2.34750596e-09,1.80000000E3,2.36304373E-9,1.80000000E3,2.34489933E-9,1.90000000E3,2.31915869E-9,1.90000000E3,2.37467477E-9,2.00000000E3,2.31525172E-9,2.00000000E3,2.34246908E-9,2.00000000E3,2.40792026E-9,2.10000000E3,2.35109617E-9,2.10000000E3,2.37948849E-9,2.20000000E3,2.39445609E-9,2.20000000E3,2.38945640E-9,2.30000000E3,2.36872054E-9,2.30000000E3,2.42497644E-9,2.40000000E3,2.37265700E-9,2.40000000E3,2.39657047E-9,2.40000000E3,2.46334879E-9,2.50000000E3,2.40883472E-9,2.50000000E3,2.42947345E-9,2.60000000E3,2.43207698E-9,2.60000000E3,2.41933773E-9,2.70000000E3,2.39460944E-9,2.70000000E3,2.44111651E-9,2.80000000E3,2.38526297E-9,2.80000000E3,2.39924267E-9,2.90000000E3,2.40371557E-9,2.90000000E3,2.38540118E-9,2.90000000E3,2.39717929E-9,3.00000000E3,2.40093316E-9,3.10000000E3,2.34677573E-9,3.10000000E3,2.35687952E-9,3.10000000E3,2.40089874E-9,3.20000000E3,2.34726917E-9,3.20000000E3,2.35609057E-9,3.30000000E3,2.36068240E-9,3.30000000E3,2.33873353E-9,3.40000000E3,2.31778174E-9,3.40000000E3,2.34614042E-9,3.50000000E3,2.29516646E-9,3.50000000E3,2.30266723E-9,3.50000000E3,2.33777626E-9,3.60000000E3,2.29384365E-9,3.60000000E3,2.30087860E-9,3.70000000E3,2.30825729E-9,3.70000000E3,2.28621927E-9,3.80000000E3,2.26684414E-9,3.80000000E3,2.30030680E-9,3.90000000E3,2.25285422E-9,3.90000000E3,2.25880624E-9,4.00000000E3,2.26704529E-9,4.00000000E3,2.24475452E-9,4.10000000E3,2.22789546E-9,4.10000000E3,2.26050032E-9,4.20000000E3,2.21591102E-9,4.20000000E3,2.22187908E-9,4.20000000E3,2.25293749E-9,4.30000000E3,2.20851314E-9,4.30000000E3,2.21373092E-9,4.40000000E3,2.22454705E-9,4.50000000E3,2.18195142E-9,4.50000000E3,2.18693144E-9,4.50000000E3,2.21806617E-9,4.60000000E3,2.17630661E-9,4.60000000E3,2.18139428E-9,4.70000000E3,2.19330445E-9,4.70000000E3,2.17172621E-9,4.80000000E3,2.15785197E-9,4.80000000E3,2.18927399E-9,4.90000000E3,2.14846453E-9,4.90000000E3,2.15262405E-9,5.00000000E3,2.16542144E-9,5.00000000E3,2.14281877E-9,5.10000000E3,2.13038316E-9,5.10000000E3,2.16044337E-9,5.20000000E3,2.12184180E-9,5.20000000E3,2.12596207E-9,5.30000000E3,2.13999320E-9,5.30000000E3,2.11826605E-9,5.40000000E3,2.10688282E-9,5.40000000E3,2.13711048E-9,5.50000000E3,2.10027596E-9,5.50000000E3,2.10371156E-9,5.60000000E3,2.12226610E-9,5.70000000E3,2.08570848E-9,5.70000000E3,2.08909742E-9,5.70000000E3,2.11445638E-9,5.80000000E3,2.07859043E-9,5.80000000E3,2.08198462E-9,5.90000000E3,2.09784171E-9,5.90000000E3,2.07606356E-9,6.00000000E3,2.06635338E-9,6.00000000E3,2.09522507E-9,6.10000000E3,2.06069986E-9,6.10000000E3,2.06403772E-9,6.20000000E3,2.08054941E-9,6.20000000E3,2.05800686E-9,6.30000000E3,2.04918647E-9,6.30000000E3,2.07793340E-9,6.40000000E3,2.04417347E-9,6.40000000E3,2.04700993E-9,6.50000000E3,2.06439683E-9,6.50000000E3,2.04248869E-9,6.60000000E3,2.03438098E-9,6.60000000E3,2.06215783E-9,6.70000000E3,2.02971854E-9,6.70000000E3,2.03248221E-9,6.80000000E3,2.05044942E-9,6.90000000E3,2.01866142E-9,6.90000000E3,2.02133961E-9,6.90000000E3,2.04959055E-9,7.00000000E3,2.01752585E-9,7.00000000E3,2.01992418E-9,7.10000000E3,2.03861064E-9,7.20000000E3,2.00740001E-9,7.20000000E3,2.00973974E-9,7.20000000E3,2.03834420E-9,8.60000000E3,1.91605554E-9,7.30000000E3,2.00982447E-9
1800.0,2.31970786e-09,1800.0,2.28044695e-09,1800.0,2.2960512e-09,1.90000000E3,2.31396511E-9,1.90000000E3,2.29524497E-9,2.00000000E3,2.27197466E-9,2.00000000E3,2.32601588E-9,2.10000000E3,2.26981287E-9,2.10000000E3,2.29529681E-9,2.10000000E3,2.35775358E-9,2.20000000E3,2.30493410E-9,2.20000000E3,2.33169328E-9,2.30000000E3,2.34818572E-9,2.30000000E3,2.34240855E-9,2.40000000E3,2.32439301E-9,2.40000000E3,2.37896698E-9,2.50000000E3,2.32970838E-9,2.50000000E3,2.35257364E-9,2.50000000E3,2.41768968E-9,2.60000000E3,2.36646485E-9,2.60000000E3,2.38642946E-9,2.70000000E3,2.39067465E-9,2.70000000E3,2.37781028E-9,2.80000000E3,2.35565772E-9,2.80000000E3,2.40139523E-9,2.90000000E3,2.34835778E-9,2.90000000E3,2.36174018E-9,3.00000000E3,2.36803245E-9,3.00000000E3,2.34964461E-9,3.00000000E3,2.36116014E-9,3.10000000E3,2.36667317E-9,3.20000000E3,2.31519008E-9,3.20000000E3,2.32481362E-9,3.20000000E3,2.36795958E-9,3.30000000E3,2.31569776E-9,3.30000000E3,2.32427603E-9,3.40000000E3,2.33096054E-9,3.40000000E3,2.30954368E-9,3.50000000E3,2.28910216E-9,3.50000000E3,2.31727544E-9,3.60000000E3,2.27434502E-9,3.60000000E3,2.28162433E-9,3.60000000E3,2.31653421E-9,3.70000000E3,2.26770063E-9,3.70000000E3,2.27423504E-9,3.80000000E3,2.28237580E-9,3.80000000E3,2.26017178E-9,3.90000000E3,2.24223266E-9,3.90000000E3,2.27546807E-9,4.00000000E3,2.22949610E-9,4.00000000E3,2.23515949E-9,4.10000000E3,2.24468087E-9,4.10000000E3,2.22210901E-9,4.20000000E3,2.20579014E-9,4.20000000E3,2.23770388E-9,4.30000000E3,2.19435546E-9,4.30000000E3,2.19996997E-9,4.30000000E3,2.23161133E-9,4.40000000E3,2.18827928E-9,4.40000000E3,2.19316318E-9,4.50000000E3,2.20462845E-9,4.60000000E3,2.16274389E-9,4.60000000E3,2.16744960E-9,4.60000000E3,2.19838396E-9,4.70000000E3,2.15749910E-9,4.70000000E3,2.16228226E-9,4.80000000E3,2.17473375E-9,4.80000000E3,2.15298768E-9,4.90000000E3,2.13975450E-9,4.90000000E3,2.17070292E-9,5.00000000E3,2.13182894E-9,5.00000000E3,2.13582174E-9,5.10000000E3,2.14915608E-9,5.10000000E3,2.12637901E-9,5.20000000E3,2.11442670E-9,5.20000000E3,2.14403473E-9,5.30000000E3,2.10615925E-9,5.30000000E3,2.11006382E-9,5.40000000E3,2.12473355E-9,5.40000000E3,2.10290000E-9,5.50000000E3,2.09193495E-9,5.50000000E3,2.12173989E-9,5.60000000E3,2.08562956E-9,5.60000000E3,2.08946059E-9,5.70000000E3,2.10830858E-9,5.80000000E3,2.07246672E-9,5.80000000E3,2.07569396E-9,5.80000000E3,2.10081487E-9,5.90000000E3,2.06549602E-9,5.90000000E3,2.06873485E-9,6.00000000E3,2.08494940E-9,6.00000000E3,2.06306372E-9,6.10000000E3,2.05368009E-9,6.10000000E3,2.08220706E-9,6.20000000E3,2.04834167E-9,6.20000000E3,2.05152302E-9,6.30000000E3,2.06844157E-9,6.30000000E3,2.04639343E-9,6.40000000E3,2.03826093E-9,6.40000000E3,2.06641740E-9,6.50000000E3,2.03318920E-9,6.50000000E3,2.03590681E-9,6.60000000E3,2.05362349E-9,6.60000000E3,2.03163591E-9,6.70000000E3,2.02370628E-9,6.70000000E3,2.05141861E-9,6.80000000E3,2.01935088E-9,6.80000000E3,2.02199845E-9,6.90000000E3,2.04011102E-9,7.00000000E3,2.00885101E-9,7.00000000E3,2.01143707E-9,7.00000000E3,2.03977578E-9,7.10000000E3,2.00815287E-9,7.10000000E3,2.01046715E-9,7.20000000E3,2.02939514E-9,7.30000000E3,1.99859336E-9,7.30000000E3,2.00080959E-9,7.30000000E3,2.02915626E-9,8.50000000E3,1.92168375E-9,7.40000000E3,2.00093734E-9
1900.0,2.27343951e-09,1900.0,2.23512304e-09,1900.0,2.24951585e-09,2.00000000E3,2.26882732E-9,2.00000000E3,2.24974169E-9,2.10000000E3,2.22880396E-9,2.10000000E3,2.28132392E-9,2.20000000E3,2.22783897E-9,2.20000000E3,2.25191772E-9,2.20000000E3,2.31255013E-9,2.30000000E3,2.26250192E-9,2.30000000E3,2.28778996E-9,2.40000000E3,2.30594540E-9,2.40000000E3,2.29941943E-9,2.50000000E3,2.28340614E-9,2.50000000E3,2.33652582E-9,2.60000000E3,2.29904422E-9,2.60000000E3,2.32113643E-9,2.60000000E3,2.37560512E-9,2.70000000E3,2.32732677E-9,2.70000000E3,2.34662338E-9,2.80000000E3,2.35249619E-9,2.80000000E3,2.33949399E-9,2.90000000E3,2.31945670E-9,2.90000000E3,2.36457514E-9,3.00000000E3,2.31366702E-9,3.00000000E3,2.32653555E-9,3.10000000E3,2.33476325E-9,3.10000000E3,2.31630052E-9,3.10000000E3,2.32727818E-9,3.20000000E3,2.33489137E-9,3.30000000E3,2.28461818E-9,3.30000000E3,2.29384325E-9,3.30000000E3,2.33678213E-9,3.40000000E3,2.28663579E-9,3.40000000E3,2.29514936E-9,3.50000000E3,2.30278814E-9,3.50000000E3,2.28129617E-9,3.60000000E3,2.26220239E-9,3.60000000E3,2.29634176E-9,3.70000000E3,2.24879429E-9,3.70000000E3,2.25563711E-9,3.70000000E3,2.28955719E-9,3.80000000E3,2.24335566E-9,3.80000000E3,2.24962946E-9,3.90000000E3,2.25818226E-9,3.90000000E3,2.23590719E-9,4.00000000E3,2.21931764E-9,4.00000000E3,2.25185303E-9,4.10000000E3,2.20754355E-9,4.10000000E3,2.21302479E-9,4.20000000E3,2.22294345E-9,4.20000000E3,2.20030721E-9,4.30000000E3,2.18501384E-9,4.30000000E3,2.21634507E-9,4.40000000E3,2.17415472E-9,4.40000000E3,2.17946691E-9,4.40000000E3,2.21127423E-9,4.50000000E3,2.16934817E-9,4.50000000E3,2.17392715E-9,4.60000000E3,2.18552853E-9,4.70000000E3,2.14467709E-9,4.70000000E3,2.14910944E-9,4.70000000E3,2.17976998E-9,4.80000000E3,2.13962646E-9,4.80000000E3,2.14413850E-9,4.90000000E3,2.15703337E-9,4.90000000E3,2.13514956E-9,5.00000000E3,2.12268375E-9,5.00000000E3,2.15323352E-9,5.10000000E3,2.11508120E-9,5.10000000E3,2.11949211E-9,5.20000000E3,2.13339190E-9,5.20000000E3,2.11060257E-9,5.30000000E3,2.09938063E-9,5.30000000E3,2.12847940E-9,5.40000000E3,2.09140337E-9,5.40000000E3,2.09511459E-9,5.50000000E3,2.11010542E-9,5.50000000E3,2.08815180E-9,5.60000000E3,2.07774571E-9,5.60000000E3,2.10715726E-9,5.70000000E3,2.07163620E-9,5.70000000E3,2.07527259E-9,5.80000000E3,2.09513570E-9,5.90000000E3,2.05996472E-9,5.90000000E3,2.06302702E-9,5.90000000E3,2.08780747E-9,6.00000000E3,2.05307462E-9,6.00000000E3,2.05615709E-9,6.10000000E3,2.07254917E-9,6.10000000E3,2.05054819E-9,6.20000000E3,2.04176455E-9,6.20000000E3,2.06996426E-9,6.30000000E3,2.03663977E-9,6.30000000E3,2.03968988E-9,6.40000000E3,2.05730017E-9,6.40000000E3,2.03557733E-9,6.50000000E3,2.02762331E-9,6.50000000E3,2.05549114E-9,6.60000000E3,2.02259158E-9,6.60000000E3,2.02519663E-9,6.70000000E3,2.04314611E-9,6.70000000E3,2.02107426E-9,6.80000000E3,2.01356917E-9,6.80000000E3,2.04111882E-9,6.90000000E3,2.00937143E-9,6.90000000E3,2.01191350E-9,7.00000000E3,2.03034145E-9,7.10000000E3,1.99936664E-9,7.10000000E3,2.00185247E-9,7.10000000E3,2.03019344E-9,7.20000000E3,1.99931821E-9,7.20000000E3,2.00153428E-9,7.30000000E3,2.02070892E-9,7.40000000E3,1.98973405E-9,7.40000000E3,1.99202419E-9,7.40000000E3,2.02042406E-9,8.40000000E3,1.92761814E-9,7.50000000E3,1.99243181E-9
2000.0,2.23120698e-09,2000.0,2.19375025e-09,2000.0,2.20718328e-09,2.10000000E3,2.22735526E-9,2.10000000E3,2.20799080E-9,2.20000000E3,2.18971699E-9,2.20000000E3,2.24014596E-9,2.30000000E3,2.18954086E-9,2.30000000E3,2.21232249E-9,2.30000000E3,2.27088833E-9,2.40000000E3,2.22269118E-9,2.40000000E3,2.24670735E-9,2.50000000E3,2.26679949E-9,2.50000000E3,2.25960450E-9,2.60000000E3,2.24564268E-9,2.60000000E3,2.30629293E-9,2.70000000E3,2.26213282E-9,2.70000000E3,2.28334320E-9,2.70000000E3,2.33677053E-9,2.80000000E3,2.29100234E-9,2.80000000E3,2.30972557E-9,2.90000000E3,2.31698930E-9,2.90000000E3,2.30388098E-9,3.00000000E3,2.28554447E-9,3.00000000E3,2.32993994E-9,3.10000000E3,2.28148228E-9,3.10000000E3,2.29388198E-9,3.20000000E3,2.30350695E-9,3.20000000E3,2.28526343E-9,3.20000000E3,2.29576906E-9,3.30000000E3,2.30462032E-9,3.40000000E3,2.25643908E-9,3.40000000E3,2.26534806E-9,3.40000000E3,2.30741867E-9,3.50000000E3,2.25935188E-9,3.50000000E3,2.26747810E-9,3.60000000E3,2.27634879E-9,3.60000000E3,2.25479436E-9,3.70000000E3,2.23701536E-9,3.70000000E3,2.27093854E-9,3.80000000E3,2.22484169E-9,3.80000000E3,2.23134936E-9,3.80000000E3,2.26495471E-9,3.90000000E3,2.21942595E-9,3.90000000E3,2.22583973E-9,4.00000000E3,2.23535468E-9,4.00000000E3,2.21322812E-9,4.10000000E3,2.19737212E-9,4.10000000E3,2.22932730E-9,4.20000000E3,2.18615580E-9,4.20000000E3,2.19181223E-9,4.30000000E3,2.20254194E-9,4.30000000E3,2.17982964E-9,4.40000000E3,2.16547868E-9,4.40000000E3,2.19626196E-9,4.50000000E3,2.15493496E-9,4.50000000E3,2.15997313E-9,4.50000000E3,2.19129182E-9,4.60000000E3,2.15062572E-9,4.60000000E3,2.15546090E-9,4.70000000E3,2.16761931E-9,4.80000000E3,2.12780105E-9,4.80000000E3,2.13200108E-9,4.80000000E3,2.16204998E-9,4.90000000E3,2.12284485E-9,4.90000000E3,2.12711020E-9,5.00000000E3,2.14032692E-9,5.00000000E3,2.11831446E-9,5.10000000E3,2.10648773E-9,5.10000000E3,2.13667312E-9,5.20000000E3,2.09940726E-9,5.20000000E3,2.10361886E-9,5.30000000E3,2.11815947E-9,5.30000000E3,2.09576535E-9,5.40000000E3,2.08514929E-9,5.40000000E3,2.11380602E-9,5.50000000E3,2.07739810E-9,5.50000000E3,2.08092223E-9,5.60000000E3,2.09623035E-9,5.60000000E3,2.07415443E-9,5.70000000E3,2.06424628E-9,5.70000000E3,2.09332499E-9,5.80000000E3,2.05851683E-9,5.80000000E3,2.06198592E-9,5.90000000E3,2.08185591E-9,6.00000000E3,2.04778094E-9,6.00000000E3,2.05075584E-9,6.00000000E3,2.07546927E-9,6.10000000E3,2.04119689E-9,6.10000000E3,2.04414761E-9,6.20000000E3,2.06083128E-9,6.20000000E3,2.03876610E-9,6.30000000E3,2.03039015E-9,6.30000000E3,2.05833411E-9,6.40000000E3,2.02573709E-9,6.40000000E3,2.02866863E-9,6.50000000E3,2.04627012E-9,6.50000000E3,2.02485893E-9,6.60000000E3,2.01707550E-9,6.60000000E3,2.04495713E-9,6.70000000E3,2.01255568E-9,6.70000000E3,2.01504889E-9,6.80000000E3,2.03316950E-9,6.80000000E3,2.01104469E-9,6.90000000E3,2.00403097E-9,6.90000000E3,2.03120419E-9,7.00000000E3,1.99991633E-9,7.00000000E3,2.00233815E-9,7.10000000E3,2.02092336E-9,7.20000000E3,1.99029158E-9,7.20000000E3,1.99267641E-9,7.20000000E3,2.02070990E-9,7.30000000E3,1.99012349E-9,7.30000000E3,1.99251311E-9,7.40000000E3,2.01135310E-9,7.50000000E3,1.98187450E-9,7.50000000E3,1.98396644E-9,7.50000000E3,2.01181851E-9,8.30000000E3,1.93370803E-9,7.60000000E3,1.98424127E-9
2100.0,2.19272951e-09,2100.0,2.15601313e-09,2100.0,2.16856931e-09,2.20000000E3,2.18990424E-9,2.20000000E3,2.17026722E-9,2.30000000E3,2.15313285E-9,2.30000000E3,2.20247941E-9,2.40000000E3,2.15329850E-9,2.40000000E3,2.17492022E-9,2.40000000E3,2.23176530E-9,2.50000000E3,2.18721317E-9,2.50000000E3,2.21005108E-9,2.60000000E3,2.23073321E-9,2.60000000E3,2.22292623E-9,2.70000000E3,2.21038083E-9,2.70000000E3,2.26982950E-9,2.80000000E3,2.22791691E-9,2.80000000E3,2.24834588E-9,2.80000000E3,2.30073547E-9,2.90000000E3,2.25718629E-9,2.90000000E3,2.27525559E-9,3.00000000E3,2.28362398E-9,3.00000000E3,2.27047356E-9,3.10000000E3,2.25389982E-9,3.10000000E3,2.29751098E-9,3.20000000E3,2.25098575E-9,3.20000000E3,2.26303483E-9,3.30000000E3,2.27388284E-9,3.30000000E3,2.25599552E-9,3.30000000E3,2.26632894E-9,3.40000000E3,2.27629735E-9,3.50000000E3,2.22994163E-9,3.50000000E3,2.23850329E-9,3.50000000E3,2.28013959E-9,3.60000000E3,2.23380402E-9,3.60000000E3,2.24155882E-9,3.70000000E3,2.25155616E-9,3.70000000E3,2.23000150E-9,3.80000000E3,2.21327397E-9,3.80000000E3,2.24683008E-9,3.90000000E3,2.20236478E-9,3.90000000E3,2.20848767E-9,3.90000000E3,2.24112460E-9,4.00000000E3,2.19710868E-9,4.00000000E3,2.20330739E-9,4.10000000E3,2.21380482E-9,4.10000000E3,2.19159991E-9,4.20000000E3,2.17658998E-9,4.20000000E3,2.20801498E-9,4.30000000E3,2.16605217E-9,4.30000000E3,2.17151009E-9,4.40000000E3,2.18333997E-9,4.40000000E3,2.16056331E-9,4.50000000E3,2.14690591E-9,4.50000000E3,2.17713181E-9,4.60000000E3,2.13675182E-9,4.60000000E3,2.14153580E-9,4.60000000E3,2.17235248E-9,4.70000000E3,2.13262364E-9,4.70000000E3,2.13745516E-9,4.80000000E3,2.15073863E-9,4.90000000E3,2.11165051E-9,4.90000000E3,2.11565257E-9,4.90000000E3,2.14538696E-9,5.00000000E3,2.10685615E-9,5.00000000E3,2.11091864E-9,5.10000000E3,2.12453176E-9,5.10000000E3,2.10235949E-9,5.20000000E3,2.09134079E-9,5.20000000E3,2.12108636E-9,5.30000000E3,2.08436124E-9,5.30000000E3,2.08836717E-9,5.40000000E3,2.10349088E-9,5.40000000E3,2.08170795E-9,5.50000000E3,2.07147554E-9,5.50000000E3,2.09989431E-9,5.60000000E3,2.06401668E-9,5.60000000E3,2.06737954E-9,5.70000000E3,2.08304380E-9,5.70000000E3,2.06083755E-9,5.80000000E3,2.05146708E-9,5.80000000E3,2.08029218E-9,5.90000000E3,2.04605491E-9,5.90000000E3,2.04938410E-9,6.00000000E3,2.06919498E-9,6.10000000E3,2.03565178E-9,6.10000000E3,2.03892424E-9,6.10000000E3,2.06363315E-9,6.20000000E3,2.02988095E-9,6.20000000E3,2.03270862E-9,6.30000000E3,2.04963004E-9,6.30000000E3,2.02751231E-9,6.40000000E3,2.01949080E-9,6.40000000E3,2.04748235E-9,6.50000000E3,2.01525605E-9,6.50000000E3,2.01807049E-9,6.60000000E3,2.03573813E-9,6.60000000E3,2.01423394E-9,6.70000000E3,2.00681181E-9,6.70000000E3,2.03496000E-9,6.80000000E3,2.00293452E-9,6.80000000E3,2.00532843E-9,6.90000000E3,2.02376796E-9,6.90000000E3,2.00160500E-9,7.00000000E3,1.99481308E-9,7.00000000E3,2.02188127E-9,7.10000000E3,1.99081330E-9,7.10000000E3,1.99317771E-9,7.20000000E3,2.01195392E-9,7.30000000E3,1.98171336E-9,7.30000000E3,1.98400502E-9,7.30000000E3,2.01156017E-9,7.40000000E3,1.98157864E-9,7.40000000E3,1.98375928E-9,7.50000000E3,2.00383210E-9,7.60000000E3,1.97367185E-9,7.60000000E3,1.97573416E-9,7.60000000E3,2.00399214E-9,8.20000000E3,1.94002942E-9,7.70000000E3,1.97646213E-9
2200.0,2.15651939e-09,2200.0,2.12051343e-09,2200.0,2.13239636e-09,2.30000000E3,2.15472557E-9,2.30000000E3,2.13494976E-9,2.40000000E3,2.11874076E-9,2.40000000E3,2.16673449E-9,2.50000000E3,2.12100353E-9,2.50000000E3,2.14157697E-9,2.50000000E3,2.19695993E-9,2.60000000E3,2.15296794E-9,2.60000000E3,2.17477433E-9,2.70000000E3,2.19699967E-9,2.70000000E3,2.18864924E-9,2.80000000E3,2.17753986E-9,2.80000000E3,2.23602519E-9,2.90000000E3,2.19607438E-9,2.90000000E3,2.21575792E-9,2.90000000E3,2.26717253E-9,3.00000000E3,2.22549186E-9,3.00000000E3,2.24296547E-9,3.10000000E3,2.25254381E-9,3.10000000E3,2.23931846E-9,3.20000000E3,2.22409236E-9,3.20000000E3,2.26692839E-9,3.30000000E3,2.22269030E-9,3.30000000E3,2.23442358E-9,3.40000000E3,2.24670284E-9,3.40000000E3,2.22864047E-9,3.40000000E3,2.23851926E-9,3.50000000E3,2.24958014E-9,3.60000000E3,2.21075839E-9,3.60000000E3,2.21910187E-9,3.60000000E3,2.25464086E-9,3.70000000E3,2.20949306E-9,3.70000000E3,2.21687335E-9,3.80000000E3,2.22780537E-9,3.80000000E3,2.20655919E-9,3.90000000E3,2.19105222E-9,3.90000000E3,2.22376154E-9,4.00000000E3,2.18066799E-9,4.00000000E3,2.18675643E-9,4.00000000E3,2.21886519E-9,4.10000000E3,2.17591057E-9,4.10000000E3,2.18176748E-9,4.20000000E3,2.19369328E-9,4.20000000E3,2.17121035E-9,4.30000000E3,2.15694857E-9,4.30000000E3,2.18801082E-9,4.40000000E3,2.14698418E-9,4.40000000E3,2.15217261E-9,4.50000000E3,2.16469827E-9,4.50000000E3,2.14224123E-9,4.60000000E3,2.12932835E-9,4.60000000E3,2.15903451E-9,4.70000000E3,2.11962428E-9,4.70000000E3,2.12415641E-9,4.70000000E3,2.15447844E-9,4.80000000E3,2.11566539E-9,4.80000000E3,2.12027284E-9,4.90000000E3,2.13413001E-9,5.00000000E3,2.09620312E-9,5.00000000E3,2.10001573E-9,5.00000000E3,2.12945149E-9,5.10000000E3,2.09171864E-9,5.10000000E3,2.09556574E-9,5.20000000E3,2.10952062E-9,5.20000000E3,2.08737182E-9,5.30000000E3,2.07681342E-9,5.30000000E3,2.10614286E-9,5.40000000E3,2.07018348E-9,5.40000000E3,2.07401912E-9,5.50000000E3,2.08948464E-9,5.50000000E3,2.06804822E-9,5.60000000E3,2.05829326E-9,5.60000000E3,2.08656771E-9,5.70000000E3,2.05138578E-9,5.70000000E3,2.05458215E-9,5.80000000E3,2.07042068E-9,5.80000000E3,2.04819791E-9,5.90000000E3,2.03931723E-9,5.90000000E3,2.06788193E-9,6.00000000E3,2.03399474E-9,6.00000000E3,2.03718338E-9,6.10000000E3,2.05713734E-9,6.20000000E3,2.02411412E-9,6.20000000E3,2.02725408E-9,6.20000000E3,2.05236216E-9,6.30000000E3,2.01905578E-9,6.30000000E3,2.02176754E-9,6.40000000E3,2.03887535E-9,6.40000000E3,2.01672679E-9,6.50000000E3,2.00917522E-9,6.50000000E3,2.03707021E-9,6.60000000E3,2.00510171E-9,6.60000000E3,2.00779642E-9,6.70000000E3,2.02566266E-9,6.70000000E3,2.00408458E-9,6.80000000E3,1.99699305E-9,6.80000000E3,2.02488672E-9,6.90000000E3,1.99376543E-9,6.90000000E3,1.99606978E-9,7.00000000E3,2.01468768E-9,7.00000000E3,1.99248068E-9,7.10000000E3,1.98601030E-9,7.10000000E3,2.01272069E-9,7.20000000E3,1.98212905E-9,7.20000000E3,1.98439366E-9,7.30000000E3,2.00343303E-9,7.40000000E3,1.97415484E-9,7.40000000E3,1.97621684E-9,7.40000000E3,2.00354687E-9,7.50000000E3,1.97351644E-9,7.50000000E3,1.97576291E-9,7.60000000E3,1.99567318E-9,7.70000000E3,1.96637865E-9,7.70000000E3,1.96844130E-9,7.70000000E3,1.99633095E-9,8.10000000E3,1.94632621E-9,7.80000000E3,1.96912204E-9
2300.0,2.123074e-09,2300.0,2.08760675e-09,2300.0,2.09880713e-09,2.40000000E3,2.12147640E-9,2.40000000E3,2.10150661E-9,2.50000000E3,2.08804249E-9,2.50000000E3,2.13499340E-9,2.60000000E3,2.08980515E-9,2.60000000E3,2.10945279E-9,2.60000000E3,2.16326904E-9,2.70000000E3,2.12160766E-9,2.70000000E3,2.14246810E-9,2.80000000E3,2.16543574E-9,2.80000000E3,2.15662335E-9,2.90000000E3,2.14715111E-9,2.90000000E3,2.20461277E-9,3.00000000E3,2.16617949E-9,3.00000000E3,2.18516602E-9,3.00000000E3,2.23571759E-9,3.10000000E3,2.19551347E-9,3.10000000E3,2.21251337E-9,3.20000000E3,2.22320690E-9,3.20000000E3,2.20993460E-9,3.30000000E3,2.19607372E-9,3.30000000E3,2.23863201E-9,3.40000000E3,2.19573892E-9,3.40000000E3,2.20715788E-9,3.50000000E3,2.22057164E-9,3.50000000E3,2.20267835E-9,3.50000000E3,2.21226079E-9,3.60000000E3,2.23027234E-9,3.70000000E3,2.18725182E-9,3.70000000E3,2.19528159E-9,3.70000000E3,2.23003056E-9,3.80000000E3,2.18668636E-9,3.80000000E3,2.19377567E-9,3.90000000E3,2.20555151E-9,3.90000000E3,2.18463569E-9,4.00000000E3,2.16977741E-9,4.00000000E3,2.20198138E-9,4.10000000E3,2.15999505E-9,4.10000000E3,2.16605258E-9,4.10000000E3,2.19781884E-9,4.20000000E3,2.15575845E-9,4.20000000E3,2.16138808E-9,4.30000000E3,2.17413422E-9,4.30000000E3,2.15175701E-9,4.40000000E3,2.13851463E-9,4.40000000E3,2.16902624E-9,4.50000000E3,2.12896322E-9,4.50000000E3,2.13389987E-9,4.60000000E3,2.14684871E-9,4.60000000E3,2.12489882E-9,4.70000000E3,2.11272728E-9,4.70000000E3,2.14200795E-9,4.80000000E3,2.10336171E-9,4.80000000E3,2.10768156E-9,4.80000000E3,2.13758650E-9,4.90000000E3,2.09956453E-9,4.90000000E3,2.10396927E-9,5.00000000E3,2.11818472E-9,5.10000000E3,2.08127479E-9,5.10000000E3,2.08540661E-9,5.10000000E3,2.11441034E-9,5.20000000E3,2.07710216E-9,5.20000000E3,2.08080526E-9,5.30000000E3,2.09524411E-9,5.30000000E3,2.07302831E-9,5.40000000E3,2.06305239E-9,5.40000000E3,2.09201165E-9,5.50000000E3,2.05666440E-9,5.50000000E3,2.06033401E-9,5.60000000E3,2.07610617E-9,5.60000000E3,2.05457968E-9,5.70000000E3,2.04525651E-9,5.70000000E3,2.07399649E-9,5.80000000E3,2.03920168E-9,5.80000000E3,2.04227187E-9,5.90000000E3,2.05843504E-9,5.90000000E3,2.03618222E-9,6.00000000E3,2.02759248E-9,6.00000000E3,2.05587611E-9,6.10000000E3,2.02244177E-9,6.10000000E3,2.02549860E-9,6.20000000E3,2.04567850E-9,6.30000000E3,2.01309938E-9,6.30000000E3,2.01611135E-9,6.30000000E3,2.04143108E-9,6.40000000E3,2.00868174E-9,6.40000000E3,2.01128815E-9,6.50000000E3,2.02871123E-9,6.50000000E3,2.00651728E-9,6.60000000E3,1.99919075E-9,6.60000000E3,2.02698461E-9,6.70000000E3,1.99535621E-9,6.70000000E3,1.99794429E-9,6.80000000E3,2.01600885E-9,6.80000000E3,1.99437006E-9,6.90000000E3,1.98760326E-9,6.90000000E3,2.01525608E-9,7.00000000E3,1.98461505E-9,7.00000000E3,1.98715935E-9,7.10000000E3,2.00602319E-9,7.10000000E3,1.98376505E-9,7.20000000E3,1.97745923E-9,7.20000000E3,2.00411348E-9,7.30000000E3,1.97374796E-9,7.30000000E3,1.97596317E-9,7.40000000E3,1.99553286E-9,7.50000000E3,1.96559255E-9,7.50000000E3,1.96772909E-9,7.50000000E3,1.99498341E-9,7.60000000E3,1.96592796E-9,7.60000000E3,1.96813562E-9,7.70000000E3,1.98767213E-9,7.80000000E3,1.95863904E-9,7.80000000E3,1.96072894E-9,7.80000000E3,1.98890377E-9,8.00000000E3,1.95249692E-9,7.90000000E3,1.96184625E-9
2400.0,2.09189057e-09,2400.0,2.05699295e-09,2400.0,2.06766695e-09,2.50000000E3,2.09176723E-9,2.50000000E3,2.07167149E-9,2.60000000E3,2.05853249E-9,2.60000000E3,2.10423500E-9,2.70000000E3,2.06105753E-9,2.70000000E3,2.07987035E-9,2.70000000E3,2.13242096E-9,2.80000000E3,2.09225682E-9,2.80000000E3,2.11225161E-9,2.90000000E3,2.13641855E-9,2.90000000E3,2.12711353E-9,3.00000000E3,2.11819608E-9,3.00000000E3,2.17509730E-9,3.10000000E3,2.13804090E-9,3.10000000E3,2.15638670E-9,3.10000000E3,2.20596244E-9,3.20000000E3,2.16767825E-9,3.20000000E3,2.18397354E-9,3.30000000E3,2.19540557E-9,3.30000000E3,2.18250536E-9,3.40000000E3,2.17041065E-9,3.40000000E3,2.21168261E-9,3.50000000E3,2.17045705E-9,3.50000000E3,2.18157910E-9,3.60000000E3,2.20188238E-9,3.60000000E3,2.18407539E-9,3.60000000E3,2.19345612E-9,3.70000000E3,2.20641673E-9,3.80000000E3,2.16467693E-9,3.80000000E3,2.17247653E-9,3.80000000E3,2.20693272E-9,3.90000000E3,2.16503621E-9,3.90000000E3,2.17190264E-9,4.00000000E3,2.18423362E-9,4.00000000E3,2.16343857E-9,4.10000000E3,2.14956267E-9,4.10000000E3,2.18137641E-9,4.20000000E3,2.14043246E-9,4.20000000E3,2.14624368E-9,4.20000000E3,2.17763330E-9,4.30000000E3,2.13711893E-9,4.30000000E3,2.14246185E-9,4.40000000E3,2.15529319E-9,4.40000000E3,2.13364144E-9,4.50000000E3,2.12096622E-9,4.50000000E3,2.15106612E-9,4.60000000E3,2.11185846E-9,4.60000000E3,2.11656329E-9,4.70000000E3,2.12988444E-9,4.70000000E3,2.10817222E-9,4.80000000E3,2.09664768E-9,4.80000000E3,2.12579114E-9,4.90000000E3,2.08785976E-9,4.90000000E3,2.09198945E-9,4.90000000E3,2.12153124E-9,5.00000000E3,2.08421176E-9,5.00000000E3,2.08841858E-9,5.10000000E3,2.10293123E-9,5.20000000E3,2.06682949E-9,5.20000000E3,2.07088600E-9,5.20000000E3,2.09974785E-9,5.30000000E3,2.06322309E-9,5.30000000E3,2.06675515E-9,5.40000000E3,2.08163435E-9,5.40000000E3,2.05941693E-9,5.50000000E3,2.04987373E-9,5.50000000E3,2.07855110E-9,5.60000000E3,2.04372777E-9,5.60000000E3,2.04723498E-9,5.70000000E3,2.06335086E-9,5.70000000E3,2.04171973E-9,5.80000000E3,2.03301552E-9,5.80000000E3,2.06162242E-9,5.90000000E3,2.02763423E-9,5.90000000E3,2.03057893E-9,6.00000000E3,2.04688086E-9,6.00000000E3,2.02458786E-9,6.10000000E3,2.01645496E-9,6.10000000E3,2.04438439E-9,6.20000000E3,2.01151155E-9,6.20000000E3,2.01444336E-9,6.30000000E3,2.03472839E-9,6.40000000E3,2.00259570E-9,6.40000000E3,2.00548879E-9,6.40000000E3,2.03072518E-9,6.50000000E3,1.99882545E-9,6.50000000E3,2.00132350E-9,6.60000000E3,2.01889087E-9,6.60000000E3,1.99664666E-9,6.70000000E3,1.98967454E-9,6.70000000E3,2.01729277E-9,6.80000000E3,1.98602996E-9,6.80000000E3,1.98851979E-9,6.90000000E3,2.00677765E-9,6.90000000E3,1.98507625E-9,7.00000000E3,1.97864921E-9,7.00000000E3,2.00605350E-9,7.10000000E3,1.97570688E-9,7.10000000E3,1.97816368E-9,7.20000000E3,1.99723238E-9,7.20000000E3,1.97530245E-9,7.30000000E3,1.96939430E-9,7.30000000E3,1.99566379E-9,7.40000000E3,1.96568638E-9,7.40000000E3,1.96790541E-9,7.50000000E3,1.98740068E-9,7.60000000E3,1.95792191E-9,7.60000000E3,1.96002054E-9,7.60000000E3,1.98732027E-9,7.70000000E3,1.95811102E-9,7.70000000E3,1.96020284E-9,7.80000000E3,1.98005996E-9,7.90000000E3,1.95135292E-9,7.90000000E3,1.95332285E-9,7.90000000E3,1.98111390E-9,7.90000000E3,1.95977343E-9,8.00000000E3,1.95444757E-9
2500.0,2.06294912e-09,2500.0,2.02864646e-09,2500.0,2.03879819e-09,2.60000000E3,2.06309252E-9,2.60000000E3,2.04290554E-9,2.70000000E3,2.03121114E-9,2.70000000E3,2.07586073E-9,2.80000000E3,2.03399941E-9,2.80000000E3,2.05208836E-9,2.80000000E3,2.10349868E-9,2.90000000E3,2.06515363E-9,2.90000000E3,2.08434985E-9,3.00000000E3,2.10858191E-9,3.00000000E3,2.09889116E-9,3.10000000E3,2.09138473E-9,3.10000000E3,2.14729650E-9,3.20000000E3,2.11174717E-9,3.20000000E3,2.12951354E-9,3.20000000E3,2.17824752E-9,3.30000000E3,2.14055151E-9,3.30000000E3,2.15640170E-9,3.40000000E3,2.17006180E-9,3.40000000E3,2.15691046E-9,3.50000000E3,2.14548538E-9,3.50000000E3,2.18635755E-9,3.60000000E3,2.15220120E-9,3.60000000E3,2.16315313E-9,3.70000000E3,2.17866960E-9,3.70000000E3,2.16117102E-9,3.70000000E3,2.17025761E-9,3.80000000E3,2.18369133E-9,3.90000000E3,2.14343552E-9,3.90000000E3,2.15107606E-9,3.90000000E3,2.18509161E-9,4.00000000E3,2.14442550E-9,4.00000000E3,2.15122007E-9,4.10000000E3,2.16405811E-9,4.10000000E3,2.14323605E-9,4.20000000E3,2.13018129E-9,4.20000000E3,2.16183463E-9,4.30000000E3,2.12188777E-9,4.30000000E3,2.12745553E-9,4.30000000E3,2.15909309E-9,4.40000000E3,2.11925132E-9,4.40000000E3,2.12434550E-9,4.50000000E3,2.13757976E-9,4.50000000E3,2.11599689E-9,4.60000000E3,2.10402139E-9,4.60000000E3,2.13401653E-9,4.70000000E3,2.09554084E-9,4.70000000E3,2.10002195E-9,4.80000000E3,2.11384907E-9,4.80000000E3,2.09208604E-9,4.90000000E3,2.08114879E-9,4.90000000E3,2.11031264E-9,5.00000000E3,2.07314487E-9,5.00000000E3,2.07708722E-9,5.00000000E3,2.10622095E-9,5.10000000E3,2.06954911E-9,5.10000000E3,2.07355239E-9,5.20000000E3,2.08854421E-9,5.30000000E3,2.05309672E-9,5.30000000E3,2.05700168E-9,5.30000000E3,2.08591327E-9,5.40000000E3,2.05007187E-9,5.40000000E3,2.05345452E-9,5.50000000E3,2.06866256E-9,5.50000000E3,2.04640044E-9,5.60000000E3,2.03723370E-9,5.60000000E3,2.06567783E-9,5.70000000E3,2.03135607E-9,5.70000000E3,2.03469989E-9,5.80000000E3,2.05127999E-9,5.80000000E3,2.02961756E-9,5.90000000E3,2.02130236E-9,5.90000000E3,2.04961245E-9,6.00000000E3,2.01647250E-9,6.00000000E3,2.01929017E-9,6.10000000E3,2.03589580E-9,6.10000000E3,2.01356956E-9,6.20000000E3,2.00581791E-9,6.20000000E3,2.03350586E-9,6.30000000E3,2.00104234E-9,6.30000000E3,2.00385585E-9,6.40000000E3,2.02428213E-9,6.50000000E3,1.99255551E-9,6.50000000E3,1.99533153E-9,6.50000000E3,2.02039420E-9,6.60000000E3,1.98897128E-9,6.60000000E3,1.99176091E-9,6.70000000E3,2.00951767E-9,6.70000000E3,1.98723170E-9,6.80000000E3,1.98058511E-9,6.80000000E3,2.00800468E-9,6.90000000E3,1.97710105E-9,6.90000000E3,1.97950039E-9,7.00000000E3,1.99797043E-9,7.00000000E3,1.97622068E-9,7.10000000E3,1.97007178E-9,7.10000000E3,1.99719003E-9,7.20000000E3,1.96724376E-9,7.20000000E3,1.96961465E-9,7.30000000E3,1.98882175E-9,7.30000000E3,1.96731217E-9,7.40000000E3,1.96165901E-9,7.40000000E3,1.98735581E-9,7.50000000E3,1.95828320E-9,7.50000000E3,1.96031412E-9,7.60000000E3,1.97965157E-9,7.70000000E3,1.95068611E-9,7.70000000E3,1.95267714E-9,7.70000000E3,1.97969160E-9,7.80000000E3,1.95086211E-9,7.80000000E3,1.95286226E-9,7.90000000E3,1.97302007E-9,8.00000000E3,1.94468418E-9,8.00000000E3,1.94667090E-9,8.00000000E3,1.97410452E-9,7.80000000E3,1.96716760E-9,8.10000000E3,1.94813310E-9
2600.0,2.03587678e-09,2600.0,2.00211513e-09,2600.0,2.01162489e-09,2.70000000E3,2.03650073E-9,2.70000000E3,2.01625753E-9,2.80000000E3,2.00538146E-9,2.80000000E3,2.04921926E-9,2.90000000E3,2.00891672E-9,2.90000000E3,2.02633086E-9,2.90000000E3,2.07675902E-9,3.00000000E3,2.03886515E-9,3.00000000E3,2.05734405E-9,3.10000000E3,2.08282084E-9,3.10000000E3,2.07275958E-9,3.20000000E3,2.06709566E-9,3.20000000E3,2.12140455E-9,3.30000000E3,2.08662860E-9,3.30000000E3,2.10393636E-9,3.30000000E3,2.15163224E-9,3.40000000E3,2.11664515E-9,3.40000000E3,2.13200218E-9,3.50000000E3,2.14551464E-9,3.50000000E3,2.13233232E-9,3.60000000E3,2.12757840E-9,3.60000000E3,2.16801879E-9,3.70000000E3,2.12969655E-9,3.70000000E3,2.14034833E-9,3.80000000E3,2.15660549E-9,3.80000000E3,2.13923728E-9,3.80000000E3,2.14810132E-9,3.90000000E3,2.16232413E-9,4.00000000E3,2.12326929E-9,4.00000000E3,2.13081631E-9,4.00000000E3,2.16441645E-9,4.10000000E3,2.12476243E-9,4.10000000E3,2.13154229E-9,4.20000000E3,2.14483139E-9,4.20000000E3,2.12415779E-9,4.30000000E3,2.11204427E-9,4.30000000E3,2.14332735E-9,4.40000000E3,2.10439370E-9,4.40000000E3,2.10974153E-9,4.40000000E3,2.14114995E-9,4.50000000E3,2.10178362E-9,4.50000000E3,2.10676244E-9,4.60000000E3,2.12074951E-9,4.60000000E3,2.09911412E-9,4.70000000E3,2.08773277E-9,4.70000000E3,2.11776825E-9,4.80000000E3,2.08008609E-9,4.80000000E3,2.08437661E-9,4.90000000E3,2.09857971E-9,4.90000000E3,2.07678287E-9,5.00000000E3,2.06635332E-9,5.00000000E3,2.09562565E-9,5.10000000E3,2.05924379E-9,5.10000000E3,2.06298949E-9,5.10000000E3,2.09165047E-9,5.20000000E3,2.05556958E-9,5.20000000E3,2.05940837E-9,5.30000000E3,2.07481867E-9,5.40000000E3,2.03998793E-9,5.40000000E3,2.04373457E-9,5.40000000E3,2.07276779E-9,5.50000000E3,2.03753484E-9,5.50000000E3,2.04076776E-9,5.60000000E3,2.05624397E-9,5.60000000E3,2.03392154E-9,5.70000000E3,2.02531108E-9,5.70000000E3,2.05338821E-9,5.80000000E3,2.01961402E-9,5.80000000E3,2.02283029E-9,5.90000000E3,2.03974657E-9,5.90000000E3,2.01803875E-9,6.00000000E3,2.00995065E-9,6.00000000E3,2.03800525E-9,6.10000000E3,2.00552524E-9,6.10000000E3,2.00858356E-9,6.20000000E3,2.02541641E-9,6.20000000E3,2.00305300E-9,6.30000000E3,1.99564123E-9,6.30000000E3,2.02307834E-9,6.40000000E3,1.99113955E-9,6.40000000E3,1.99385268E-9,6.50000000E3,2.01429960E-9,6.60000000E3,1.98290609E-9,6.60000000E3,1.98557306E-9,6.60000000E3,2.01041381E-9,6.70000000E3,1.97946654E-9,6.70000000E3,1.98215271E-9,6.80000000E3,2.00054360E-9,6.80000000E3,1.97823177E-9,6.90000000E3,1.97187486E-9,6.90000000E3,1.99911319E-9,7.00000000E3,1.96853726E-9,7.00000000E3,1.97084976E-9,7.10000000E3,1.98953373E-9,7.10000000E3,1.96773426E-9,7.20000000E3,1.96182077E-9,7.20000000E3,1.98877718E-9,7.30000000E3,1.95911956E-9,7.30000000E3,1.96140551E-9,7.40000000E3,1.98077403E-9,7.40000000E3,1.95937085E-9,7.50000000E3,1.95396478E-9,7.50000000E3,1.98037946E-9,7.60000000E3,1.95070727E-9,7.60000000E3,1.95269805E-9,7.70000000E3,1.97257572E-9,7.80000000E3,1.94387215E-9,7.80000000E3,1.94577288E-9,7.80000000E3,1.97257807E-9,7.90000000E3,1.94422522E-9,7.90000000E3,1.94610499E-9,8.00000000E3,1.96609874E-9,8.10000000E3,1.93802848E-9,8.10000000E3,1.93995466E-9,8.10000000E3,1.96797225E-9,7.70000000E3,1.97441857E-9,8.20000000E3,1.94177925E-9
2700.0,2.01041628e-09,2700.0,1.97710326e-09,2700.0,1.98609873e-09,2.80000000E3,2.01141453E-9,2.80000000E3,1.99098375E-9,2.90000000E3,1.98179049E-9,2.90000000E3,2.02445653E-9,3.00000000E3,1.98554139E-9,3.00000000E3,2.00225149E-9,3.00000000E3,2.05082475E-9,3.10000000E3,2.01487288E-9,3.10000000E3,2.03268901E-9,3.20000000E3,2.05962475E-9,3.20000000E3,2.04915377E-9,3.30000000E3,2.04265310E-9,3.30000000E3,2.09657192E-9,3.40000000E3,2.06359018E-9,3.40000000E3,2.08029995E-9,3.40000000E3,2.12760114E-9,3.50000000E3,2.09318081E-9,3.50000000E3,2.10811160E-9,3.60000000E3,2.12788962E-9,3.60000000E3,2.11467479E-9,3.70000000E3,2.10517982E-9,3.70000000E3,2.14552590E-9,3.80000000E3,2.10826881E-9,3.80000000E3,2.11869433E-9,3.90000000E3,2.13562438E-9,3.90000000E3,2.11840974E-9,3.90000000E3,2.12707795E-9,4.00000000E3,2.14210586E-9,4.10000000E3,2.10409939E-9,4.10000000E3,2.11160751E-9,4.10000000E3,2.14474743E-9,4.20000000E3,2.10610450E-9,4.20000000E3,2.11268129E-9,4.30000000E3,2.12674005E-9,4.30000000E3,2.10608491E-9,4.40000000E3,2.09454029E-9,4.40000000E3,2.12584275E-9,4.50000000E3,2.08764143E-9,4.50000000E3,2.09279862E-9,4.50000000E3,2.12360396E-9,4.60000000E3,2.08608493E-9,4.60000000E3,2.09076534E-9,4.70000000E3,2.10473247E-9,4.70000000E3,2.08303755E-9,4.80000000E3,2.07232222E-9,4.80000000E3,2.10233030E-9,4.90000000E3,2.06533130E-9,4.90000000E3,2.06944352E-9,5.00000000E3,2.08400523E-9,5.00000000E3,2.06216992E-9,5.10000000E3,2.05226017E-9,5.10000000E3,2.08127698E-9,5.20000000E3,2.04592940E-9,5.20000000E3,2.04950499E-9,5.20000000E3,2.07768715E-9,5.30000000E3,2.04219015E-9,5.30000000E3,2.04588202E-9,5.40000000E3,2.06174018E-9,5.50000000E3,2.02736883E-9,5.50000000E3,2.03096237E-9,5.50000000E3,2.05975322E-9,5.60000000E3,2.02565129E-9,5.60000000E3,2.02873960E-9,5.70000000E3,2.04455430E-9,5.70000000E3,2.02215008E-9,5.80000000E3,2.01385238E-9,5.80000000E3,2.04167005E-9,5.90000000E3,2.00835009E-9,5.90000000E3,2.01144207E-9,6.00000000E3,2.02857244E-9,6.00000000E3,2.00681937E-9,6.10000000E3,1.99914933E-9,6.10000000E3,2.02696722E-9,6.20000000E3,1.99490159E-9,6.20000000E3,1.99794789E-9,6.30000000E3,2.01538002E-9,6.30000000E3,1.99298744E-9,6.40000000E3,1.98585247E-9,6.40000000E3,2.01317559E-9,6.50000000E3,1.98157719E-9,6.50000000E3,1.98416545E-9,6.60000000E3,2.00470023E-9,6.70000000E3,1.97364010E-9,6.70000000E3,1.97620658E-9,6.70000000E3,2.00097102E-9,6.80000000E3,1.97036804E-9,6.80000000E3,1.97295416E-9,6.90000000E3,1.99160261E-9,6.90000000E3,1.96961150E-9,7.00000000E3,1.96351146E-9,7.00000000E3,1.99058340E-9,7.10000000E3,1.96029969E-9,7.10000000E3,1.96252285E-9,7.20000000E3,1.98139260E-9,7.20000000E3,1.95956350E-9,7.30000000E3,1.95390152E-9,7.30000000E3,1.98070120E-9,7.40000000E3,1.95135288E-9,7.40000000E3,1.95355148E-9,7.50000000E3,1.97335545E-9,7.50000000E3,1.95199861E-9,7.60000000E3,1.94627032E-9,7.60000000E3,1.97271916E-9,7.70000000E3,1.94388407E-9,7.70000000E3,1.94577425E-9,7.80000000E3,1.96587928E-9,7.90000000E3,1.93725068E-9,7.90000000E3,1.93927658E-9,7.90000000E3,1.96618503E-9,8.00000000E3,1.93722777E-9,8.00000000E3,1.93912995E-9,8.10000000E3,1.95947963E-9,8.20000000E3,1.93162987E-9,8.20000000E3,1.93349919E-9,8.20000000E3,1.96131717E-9,7.60000000E3,1.98212268E-9,8.30000000E3,1.93559950E-9
2800.0,1.9865857e-09,2800.0,1.95377489e-09,2800.0,1.96232388e-09,2.90000000E3,1.98847335E-9,2.90000000E3,1.96737682E-9,3.00000000E3,1.95972980E-9,3.00000000E3,2.00130714E-9,3.10000000E3,1.96362040E-9,3.10000000E3,1.97967603E-9,3.10000000E3,2.02717472E-9,3.20000000E3,1.99226120E-9,3.20000000E3,2.00944902E-9,3.30000000E3,2.03593209E-9,3.30000000E3,2.02530782E-9,3.40000000E3,2.02073422E-9,3.40000000E3,2.07382763E-9,3.50000000E3,2.04144539E-9,3.50000000E3,2.05766914E-9,3.50000000E3,2.10431695E-9,3.60000000E3,2.07101910E-9,3.60000000E3,2.08556505E-9,3.70000000E3,2.10582524E-9,3.70000000E3,2.09257979E-9,3.80000000E3,2.08419094E-9,3.80000000E3,2.12402857E-9,3.90000000E3,2.08824467E-9,3.90000000E3,2.09841887E-9,4.00000000E3,2.11572892E-9,4.00000000E3,2.09855748E-9,4.00000000E3,2.10712515E-9,4.10000000E3,2.12290006E-9,4.20000000E3,2.08553626E-9,4.20000000E3,2.09284921E-9,4.20000000E3,2.12605224E-9,4.30000000E3,2.08825407E-9,4.30000000E3,2.09463565E-9,4.40000000E3,2.10941843E-9,4.40000000E3,2.08878132E-9,4.50000000E3,2.07791487E-9,4.50000000E3,2.10898365E-9,4.60000000E3,2.07171662E-9,4.60000000E3,2.07669906E-9,4.60000000E3,2.10734871E-9,4.70000000E3,2.07038780E-9,4.70000000E3,2.07504163E-9,4.80000000E3,2.08952579E-9,4.80000000E3,2.06781383E-9,4.90000000E3,2.05743354E-9,4.90000000E3,2.08734049E-9,5.00000000E3,2.05124759E-9,5.00000000E3,2.05519752E-9,5.10000000E3,2.07016641E-9,5.10000000E3,2.04826786E-9,5.20000000E3,2.03879409E-9,5.20000000E3,2.06758793E-9,5.30000000E3,2.03288541E-9,5.30000000E3,2.03648629E-9,5.30000000E3,2.06430216E-9,5.40000000E3,2.02960660E-9,5.40000000E3,2.03315092E-9,5.50000000E3,2.04916510E-9,5.60000000E3,2.01530599E-9,5.60000000E3,2.01874997E-9,5.60000000E3,2.04730198E-9,5.70000000E3,2.01377982E-9,5.70000000E3,2.01725808E-9,5.80000000E3,2.03323706E-9,5.80000000E3,2.01081877E-9,5.90000000E3,2.00310564E-9,5.90000000E3,2.03042910E-9,6.00000000E3,1.99758565E-9,6.00000000E3,2.00055410E-9,6.10000000E3,2.01793322E-9,6.10000000E3,1.99613735E-9,6.20000000E3,1.98879969E-9,6.20000000E3,2.01640652E-9,6.30000000E3,1.98471975E-9,6.30000000E3,1.98764782E-9,6.40000000E3,2.00554510E-9,6.40000000E3,1.98329843E-9,6.50000000E3,1.97662860E-9,6.50000000E3,2.00369981E-9,6.60000000E3,1.97232381E-9,6.60000000E3,1.97482482E-9,6.70000000E3,1.99547677E-9,6.80000000E3,1.96476408E-9,6.80000000E3,1.96723282E-9,6.80000000E3,1.99192209E-9,6.90000000E3,1.96166344E-9,6.90000000E3,1.96415249E-9,7.00000000E3,1.98293683E-9,7.00000000E3,1.96133267E-9,7.10000000E3,1.95552853E-9,7.10000000E3,1.98238324E-9,7.20000000E3,1.95239888E-9,7.20000000E3,1.95453998E-9,7.30000000E3,1.97358160E-9,7.30000000E3,1.95171860E-9,7.40000000E3,1.94633538E-9,7.40000000E3,1.97299121E-9,7.50000000E3,1.94388928E-9,7.50000000E3,1.94605355E-9,7.60000000E3,1.96563192E-9,7.60000000E3,1.94413586E-9,7.70000000E3,1.93903702E-9,7.70000000E3,1.96550336E-9,7.80000000E3,1.93686434E-9,7.80000000E3,1.93892130E-9,7.90000000E3,1.95860223E-9,8.00000000E3,1.93048120E-9,8.00000000E3,1.93229185E-9,8.00000000E3,1.95890512E-9,8.10000000E3,1.93078046E-9,8.10000000E3,1.93262111E-9,8.20000000E3,1.95310393E-9,8.30000000E3,1.92546231E-9,8.30000000E3,1.92727260E-9,8.30000000E3,1.95493915E-9,7.50000000E3,1.99018948E-9,8.40000000E3,1.92946136E-9
2900.0,1.96395907e-09,2900.0,1.93164439e-09,2900.0,1.93983516e-09,3.00000000E3,1.96704183E-9,3.00000000E3,1.94600434E-9,3.10000000E3,1.93794656E-9,3.10000000E3,1.97955251E-9,3.20000000E3,1.94222766E-9,3.20000000E3,1.95779821E-9,3.20000000E3,2.00488150E-9,3.30000000E3,1.97179276E-9,3.30000000E3,1.98814309E-9,3.40000000E3,2.01496297E-9,3.40000000E3,2.00394062E-9,3.50000000E3,1.99967466E-9,3.50000000E3,2.05192023E-9,3.60000000E3,2.02049088E-9,3.60000000E3,2.03628569E-9,3.60000000E3,2.08232561E-9,3.70000000E3,2.04996157E-9,3.70000000E3,2.06421092E-9,3.80000000E3,2.08517399E-9,3.80000000E3,2.07187922E-9,3.90000000E3,2.06424129E-9,3.90000000E3,2.10398944E-9,4.00000000E3,2.06901226E-9,4.00000000E3,2.07898460E-9,4.10000000E3,2.09679458E-9,4.10000000E3,2.07964787E-9,4.10000000E3,2.08818469E-9,4.20000000E3,2.10431709E-9,4.30000000E3,2.06810375E-9,4.30000000E3,2.07523460E-9,4.30000000E3,2.10816476E-9,4.40000000E3,2.07130539E-9,4.40000000E3,2.07751393E-9,4.50000000E3,2.09282183E-9,4.50000000E3,2.07241866E-9,4.60000000E3,2.06190334E-9,4.60000000E3,2.09285158E-9,4.70000000E3,2.05643348E-9,4.70000000E3,2.06125303E-9,4.70000000E3,2.09161557E-9,4.80000000E3,2.05530084E-9,4.80000000E3,2.05999540E-9,4.90000000E3,2.07477302E-9,4.90000000E3,2.05307420E-9,5.00000000E3,2.04335576E-9,5.00000000E3,2.07292877E-9,5.10000000E3,2.03763740E-9,5.10000000E3,2.04159691E-9,5.20000000E3,2.05689590E-9,5.20000000E3,2.03496215E-9,5.30000000E3,2.02591257E-9,5.30000000E3,2.05441185E-9,5.40000000E3,2.02026684E-9,5.40000000E3,2.02402390E-9,5.40000000E3,2.05173730E-9,5.50000000E3,2.01749533E-9,5.50000000E3,2.02089105E-9,5.60000000E3,2.03715039E-9,5.70000000E3,2.00376162E-9,5.70000000E3,2.00705819E-9,5.70000000E3,2.03532144E-9,5.80000000E3,2.00239897E-9,5.80000000E3,2.00574808E-9,5.90000000E3,2.02267260E-9,5.90000000E3,2.00021108E-9,6.00000000E3,1.99258662E-9,6.00000000E3,2.01969407E-9,6.10000000E3,1.98728391E-9,6.10000000E3,1.99013099E-9,6.20000000E3,2.00774232E-9,6.20000000E3,1.98590841E-9,6.30000000E3,1.97887173E-9,6.30000000E3,2.00627590E-9,6.40000000E3,1.97502408E-9,6.40000000E3,1.97784327E-9,6.50000000E3,1.99568965E-9,6.50000000E3,1.97419966E-9,6.60000000E3,1.96758326E-9,6.60000000E3,1.99444832E-9,6.70000000E3,1.96352282E-9,6.70000000E3,1.96592408E-9,6.80000000E3,1.98663293E-9,6.90000000E3,1.95625327E-9,6.90000000E3,1.95863189E-9,6.90000000E3,1.98326862E-9,7.00000000E3,1.95331440E-9,7.00000000E3,1.95572086E-9,7.10000000E3,1.97460221E-9,7.10000000E3,1.95320654E-9,7.20000000E3,1.94754078E-9,7.20000000E3,1.97450888E-9,7.30000000E3,1.94480626E-9,7.30000000E3,1.94687711E-9,7.40000000E3,1.96613367E-9,7.40000000E3,1.94423242E-9,7.50000000E3,1.93893532E-9,7.50000000E3,1.96544583E-9,7.60000000E3,1.93683567E-9,7.60000000E3,1.93888330E-9,7.70000000E3,1.95852674E-9,7.70000000E3,1.93697790E-9,7.80000000E3,1.93204374E-9,7.80000000E3,1.95824268E-9,7.90000000E3,1.92968683E-9,7.90000000E3,1.93162279E-9,8.00000000E3,1.95243396E-9,8.10000000E3,1.92427636E-9,8.10000000E3,1.92603110E-9,8.10000000E3,1.95249229E-9,8.20000000E3,1.92460399E-9,8.20000000E3,1.92639292E-9,8.30000000E3,1.94696390E-9,8.40000000E3,1.91954868E-9,8.40000000E3,1.92131267E-9,8.40000000E3,1.94886358E-9,7.40000000E3,1.99866019E-9,8.50000000E3,1.92347327E-9
3000.0,1.94261679e-09,3000.0,1.91080452e-09,3000.0,1.9187909e-09,3.10000000E3,1.94580841E-9,3.10000000E3,1.92498718E-9,3.20000000E3,1.91815914E-9,3.20000000E3,1.95839254E-9,3.30000000E3,1.92295473E-9,3.30000000E3,1.93748023E-9,3.30000000E3,1.98441449E-9,3.40000000E3,1.95120788E-9,3.40000000E3,1.96718188E-9,3.50000000E3,1.99466610E-9,3.50000000E3,1.98341014E-9,3.60000000E3,1.98403437E-9,3.60000000E3,2.03111514E-9,3.70000000E3,2.00060462E-9,3.70000000E3,2.01593412E-9,3.70000000E3,2.06141914E-9,3.80000000E3,2.03014346E-9,3.80000000E3,2.04403115E-9,3.90000000E3,2.06552581E-9,3.90000000E3,2.05220053E-9,4.00000000E3,2.04529218E-9,4.00000000E3,2.08470073E-9,4.10000000E3,2.05066561E-9,4.10000000E3,2.06044601E-9,4.20000000E3,2.07881085E-9,4.20000000E3,2.06171912E-9,4.20000000E3,2.07013001E-9,4.30000000E3,2.08683073E-9,4.40000000E3,2.05148887E-9,4.40000000E3,2.05845154E-9,4.40000000E3,2.09116980E-9,4.50000000E3,2.05508680E-9,4.50000000E3,2.06113960E-9,4.60000000E3,2.07705733E-9,4.60000000E3,2.05648451E-9,4.70000000E3,2.04660488E-9,4.70000000E3,2.07737390E-9,4.80000000E3,2.04186846E-9,4.80000000E3,2.04654312E-9,4.80000000E3,2.07658527E-9,4.90000000E3,2.04099219E-9,4.90000000E3,2.04555571E-9,5.00000000E3,2.06080836E-9,5.00000000E3,2.03914041E-9,5.10000000E3,2.02978756E-9,5.10000000E3,2.05909518E-9,5.20000000E3,2.02444339E-9,5.20000000E3,2.02845880E-9,5.30000000E3,2.04415184E-9,5.30000000E3,2.02222306E-9,5.40000000E3,2.01369004E-9,5.40000000E3,2.04183104E-9,5.50000000E3,2.00818892E-9,5.50000000E3,2.01179599E-9,5.50000000E3,2.03966166E-9,5.60000000E3,2.00593467E-9,5.60000000E3,2.00918822E-9,5.70000000E3,2.02566775E-9,5.80000000E3,1.99274591E-9,5.80000000E3,1.99591913E-9,5.80000000E3,2.02397059E-9,5.90000000E3,1.99142101E-9,5.90000000E3,1.99463846E-9,6.00000000E3,2.01189435E-9,6.00000000E3,1.98980831E-9,6.10000000E3,1.98256056E-9,6.10000000E3,2.00942604E-9,6.20000000E3,1.97744892E-9,6.20000000E3,1.98018502E-9,6.30000000E3,1.99795925E-9,6.30000000E3,1.97609047E-9,6.40000000E3,1.96934194E-9,6.40000000E3,1.99661321E-9,6.50000000E3,1.96561601E-9,6.50000000E3,1.96831352E-9,6.60000000E3,1.98643961E-9,6.60000000E3,1.96507007E-9,6.70000000E3,1.95879637E-9,6.70000000E3,1.98568194E-9,6.80000000E3,1.95506929E-9,6.80000000E3,1.95738712E-9,6.90000000E3,1.97815453E-9,7.00000000E3,1.94808950E-9,7.00000000E3,1.95038557E-9,7.00000000E3,1.97495962E-9,7.10000000E3,1.94529156E-9,7.10000000E3,1.94760376E-9,7.20000000E3,1.96662493E-9,7.20000000E3,1.94518969E-9,7.30000000E3,1.93978294E-9,7.30000000E3,1.96693705E-9,7.40000000E3,1.93757613E-9,7.40000000E3,1.93957040E-9,7.50000000E3,1.95867647E-9,7.50000000E3,1.93687029E-9,7.60000000E3,1.93196951E-9,7.60000000E3,1.95855870E-9,7.70000000E3,1.92994854E-9,7.70000000E3,1.93192989E-9,7.80000000E3,1.95177237E-9,7.80000000E3,1.93008372E-9,7.90000000E3,1.92565229E-9,7.90000000E3,1.95130483E-9,8.00000000E3,1.92373119E-9,8.00000000E3,1.92568514E-9,8.10000000E3,1.94624099E-9,8.20000000E3,1.91826123E-9,8.20000000E3,1.91996063E-9,8.20000000E3,1.94633668E-9,8.30000000E3,1.91864201E-9,8.30000000E3,1.92037352E-9,8.40000000E3,1.94105861E-9,8.50000000E3,1.91384962E-9,8.50000000E3,1.91556106E-9,8.50000000E3,1.94296773E-9,7.30000000E3,2.00745651E-9,8.60000000E3,1.91780521E-9
3100.0,1.92251864e-09,3100.0,1.89111739e-09,3100.0,1.89878139e-09,3.20000000E3,1.92646999E-9,3.20000000E3,1.90552138E-9,3.30000000E3,1.89832878E-9,3.30000000E3,1.93865267E-9,3.40000000E3,1.90421552E-9,3.40000000E3,1.91862214E-9,3.40000000E3,1.96413221E-9,3.50000000E3,1.93241086E-9,3.50000000E3,1.94787201E-9,3.60000000E3,1.97949646E-9,3.60000000E3,1.96810782E-9,3.70000000E3,1.96494702E-9,3.70000000E3,2.01146573E-9,3.80000000E3,1.98189460E-9,3.80000000E3,1.99682002E-9,3.80000000E3,2.04174192E-9,3.90000000E3,2.01129348E-9,3.90000000E3,2.02482604E-9,4.00000000E3,2.04688366E-9,4.00000000E3,2.03351434E-9,4.10000000E3,2.02726330E-9,4.10000000E3,2.06629917E-9,4.20000000E3,2.03318992E-9,4.20000000E3,2.04279099E-9,4.30000000E3,2.06164470E-9,4.30000000E3,2.04459894E-9,4.30000000E3,2.05284266E-9,4.40000000E3,2.07017042E-9,4.50000000E3,2.03561005E-9,4.50000000E3,2.04241996E-9,4.50000000E3,2.07489943E-9,4.60000000E3,2.03973470E-9,4.60000000E3,2.04563462E-9,4.70000000E3,2.06187056E-9,4.70000000E3,2.04139272E-9,4.80000000E3,2.03211660E-9,4.80000000E3,2.06265954E-9,4.90000000E3,2.02787667E-9,4.90000000E3,2.03248144E-9,4.90000000E3,2.06221513E-9,5.00000000E3,2.02728708E-9,5.00000000E3,2.03159489E-9,5.10000000E3,2.04742425E-9,5.10000000E3,2.02573690E-9,5.20000000E3,2.01692401E-9,5.20000000E3,2.04592645E-9,5.30000000E3,2.01184223E-9,5.30000000E3,2.01572431E-9,5.40000000E3,2.03208360E-9,5.40000000E3,2.01013966E-9,5.50000000E3,2.00199155E-9,5.50000000E3,2.02978976E-9,5.60000000E3,1.99663282E-9,5.60000000E3,2.00009810E-9,5.60000000E3,2.02813761E-9,5.70000000E3,1.99490848E-9,5.70000000E3,1.99801971E-9,5.80000000E3,2.01466852E-9,5.90000000E3,1.98220720E-9,5.90000000E3,1.98525966E-9,5.90000000E3,2.01303140E-9,6.00000000E3,1.98092064E-9,6.00000000E3,1.98401803E-9,6.10000000E3,2.00152793E-9,6.10000000E3,1.97989343E-9,6.20000000E3,1.97287335E-9,6.20000000E3,1.99962024E-9,6.30000000E3,1.96799867E-9,6.30000000E3,1.97062710E-9,6.40000000E3,1.98854483E-9,6.40000000E3,1.96665959E-9,6.50000000E3,1.96014601E-9,6.50000000E3,1.98729183E-9,6.60000000E3,1.95668279E-9,6.60000000E3,1.95928940E-9,6.70000000E3,1.97756222E-9,6.70000000E3,1.95614497E-9,6.80000000E3,1.95015095E-9,6.80000000E3,1.97724963E-9,6.90000000E3,1.94685415E-9,6.90000000E3,1.94907945E-9,7.00000000E3,1.97001669E-9,7.10000000E3,1.94032474E-9,7.10000000E3,1.94251026E-9,7.10000000E3,1.96698760E-9,7.20000000E3,1.93758371E-9,7.20000000E3,1.93981718E-9,7.30000000E3,1.95898327E-9,7.30000000E3,1.93751455E-9,7.40000000E3,1.93230345E-9,7.40000000E3,1.95949024E-9,7.50000000E3,1.93022864E-9,7.50000000E3,1.93219650E-9,7.60000000E3,1.95196763E-9,7.60000000E3,1.93000787E-9,7.70000000E3,1.92525431E-9,7.70000000E3,1.95171942E-9,7.80000000E3,1.92345285E-9,7.80000000E3,1.92533330E-9,7.90000000E3,1.94578785E-9,7.90000000E3,1.92382492E-9,8.00000000E3,1.91962859E-9,8.00000000E3,1.94509837E-9,8.10000000E3,1.91739208E-9,8.10000000E3,1.91929098E-9,8.20000000E3,1.94000436E-9,8.30000000E3,1.91244337E-9,8.30000000E3,1.91409382E-9,8.30000000E3,1.94039151E-9,8.40000000E3,1.91289181E-9,8.40000000E3,1.91457544E-9,8.50000000E3,1.93539595E-9,8.60000000E3,1.90833276E-9,8.60000000E3,1.91000331E-9,8.60000000E3,1.93733681E-9,7.20000000E3,2.01671699E-9,8.70000000E3,1.91230722E-9
3200.0,1.90357286e-09,3200.0,1.87247528e-09,3200.0,1.8800967e-09,3.30000000E3,1.90702287E-9,3.30000000E3,1.88631324E-9,3.40000000E3,1.88049787E-9,3.40000000E3,1.92037589E-9,3.50000000E3,1.88642889E-9,3.50000000E3,1.90036158E-9,3.50000000E3,1.94549666E-9,3.60000000E3,1.91867272E-9,3.60000000E3,1.93378311E-9,3.70000000E3,1.96109038E-9,3.70000000E3,1.94945972E-9,3.80000000E3,1.94739451E-9,3.80000000E3,1.99293915E-9,3.90000000E3,1.96349515E-9,3.90000000E3,1.97806611E-9,3.90000000E3,2.02302247E-9,4.00000000E3,1.99344384E-9,4.00000000E3,2.00666094E-9,4.10000000E3,2.02913747E-9,4.10000000E3,2.01573146E-9,4.20000000E3,2.01017178E-9,4.20000000E3,2.04874878E-9,4.30000000E3,2.01647367E-9,4.30000000E3,2.02590714E-9,4.40000000E3,2.04530925E-9,4.40000000E3,2.02831001E-9,4.40000000E3,2.03638997E-9,4.50000000E3,2.05424050E-9,4.60000000E3,2.02045606E-9,4.60000000E3,2.02712442E-9,4.60000000E3,2.05949899E-9,4.70000000E3,2.02494010E-9,4.70000000E3,2.03069105E-9,4.80000000E3,2.04738507E-9,4.80000000E3,2.02704294E-9,4.90000000E3,2.01826231E-9,4.90000000E3,2.04856677E-9,5.00000000E3,2.01443714E-9,5.00000000E3,2.01906416E-9,5.00000000E3,2.04870992E-9,5.10000000E3,2.01451677E-9,5.10000000E3,2.01865443E-9,5.20000000E3,2.03450636E-9,5.20000000E3,2.01300498E-9,5.30000000E3,2.00458930E-9,5.30000000E3,2.03331541E-9,5.40000000E3,1.99986127E-9,5.40000000E3,2.00361931E-9,5.50000000E3,2.02053242E-9,5.50000000E3,1.99857653E-9,5.60000000E3,1.99071086E-9,5.60000000E3,2.01827211E-9,5.70000000E3,1.98557340E-9,5.70000000E3,1.98889918E-9,5.70000000E3,2.01681706E-9,5.80000000E3,1.98432448E-9,5.80000000E3,1.98731606E-9,5.90000000E3,2.00415632E-9,6.00000000E3,1.97200881E-9,6.00000000E3,1.97494328E-9,6.00000000E3,2.00256233E-9,6.10000000E3,1.97083555E-9,6.10000000E3,1.97381602E-9,6.20000000E3,1.99143715E-9,6.20000000E3,1.97000999E-9,6.30000000E3,1.96335790E-9,6.30000000E3,1.99019777E-9,6.40000000E3,1.95886979E-9,6.40000000E3,1.96141294E-9,6.50000000E3,1.97953230E-9,6.50000000E3,1.95757603E-9,6.60000000E3,1.95138235E-9,6.60000000E3,1.97836800E-9,6.70000000E3,1.94805760E-9,6.70000000E3,1.95056873E-9,6.80000000E3,1.96905498E-9,6.80000000E3,1.94759462E-9,6.90000000E3,1.94183717E-9,6.90000000E3,1.96895522E-9,7.00000000E3,1.93904973E-9,7.00000000E3,1.94120174E-9,7.10000000E3,1.96237070E-9,7.20000000E3,1.93264990E-9,7.20000000E3,1.93479106E-9,7.20000000E3,1.95930778E-9,7.30000000E3,1.93017212E-9,7.30000000E3,1.93233138E-9,7.40000000E3,1.95163404E-9,7.40000000E3,1.93011743E-9,7.50000000E3,1.92533951E-9,7.50000000E3,1.95229040E-9,7.60000000E3,1.92368034E-9,7.60000000E3,1.92568016E-9,7.70000000E3,1.94535952E-9,7.70000000E3,1.92336090E-9,7.80000000E3,1.91906148E-9,7.80000000E3,1.94537369E-9,7.90000000E3,1.91737008E-9,7.90000000E3,1.91935603E-9,8.00000000E3,1.93906462E-9,8.00000000E3,1.91768462E-9,8.10000000E3,1.91293157E-9,8.10000000E3,1.93878870E-9,8.20000000E3,1.91129973E-9,8.20000000E3,1.91314407E-9,8.30000000E3,1.93390653E-9,8.40000000E3,1.90683233E-9,8.40000000E3,1.90843863E-9,8.40000000E3,1.93464570E-9,8.50000000E3,1.90737541E-9,8.50000000E3,1.90901079E-9,8.60000000E3,1.92987789E-9,8.70000000E3,1.90304112E-9,8.70000000E3,1.90467537E-9,8.70000000E3,1.93187902E-9,7.10000000E3,2.02636415E-9,8.80000000E3,1.90696520E-9
3300.0,1.88567575e-09,3300.0,1.8551744e-09,3300.0,1.86241476e-09,3.40000000E3,1.88968158E-9,3.40000000E3,1.86901693E-9,3.50000000E3,1.86321519E-9,3.50000000E3,1.90266043E-9,3.60000000E3,1.87361691E-9,3.60000000E3,1.88720432E-9,3.60000000E3,1.93185728E-9,3.70000000E3,1.90148480E-9,3.70000000E3,1.91617335E-9,3.80000000E3,1.94419816E-9,3.80000000E3,1.93244777E-9,3.90000000E3,1.93039955E-9,3.90000000E3,1.97466527E-9,4.00000000E3,1.94636480E-9,4.00000000E3,1.96058211E-9,4.00000000E3,2.00531188E-9,4.10000000E3,1.97653473E-9,4.10000000E3,1.98943060E-9,4.20000000E3,2.01233181E-9,4.20000000E3,1.99888072E-9,4.30000000E3,1.99387636E-9,4.30000000E3,2.03198527E-9,4.40000000E3,2.00046572E-9,4.40000000E3,2.00973689E-9,4.50000000E3,2.02964833E-9,4.50000000E3,2.01269825E-9,4.50000000E3,2.02062383E-9,4.60000000E3,2.03902994E-9,4.70000000E3,2.00581629E-9,4.70000000E3,2.01235099E-9,4.70000000E3,2.04463720E-9,4.80000000E3,2.01080617E-9,4.80000000E3,2.01642427E-9,4.90000000E3,2.03350809E-9,4.90000000E3,2.01332290E-9,5.00000000E3,2.00498925E-9,5.00000000E3,2.03511057E-9,5.10000000E3,2.00163566E-9,5.10000000E3,2.00618506E-9,5.10000000E3,2.03549432E-9,5.20000000E3,2.00156816E-9,5.20000000E3,2.00570680E-9,5.30000000E3,2.02219619E-9,5.30000000E3,2.00077014E-9,5.40000000E3,1.99280792E-9,5.40000000E3,2.02132375E-9,5.50000000E3,1.98831824E-9,5.50000000E3,1.99195094E-9,5.60000000E3,2.00913951E-9,5.60000000E3,1.98741718E-9,5.70000000E3,1.97979748E-9,5.70000000E3,2.00725893E-9,5.80000000E3,1.97496370E-9,5.80000000E3,1.97817360E-9,5.80000000E3,2.00592305E-9,5.90000000E3,1.97405775E-9,5.90000000E3,1.97708544E-9,6.00000000E3,1.99398695E-9,6.10000000E3,1.96231603E-9,6.10000000E3,1.96514438E-9,6.10000000E3,1.99251021E-9,6.20000000E3,1.96116165E-9,6.20000000E3,1.96403607E-9,6.30000000E3,1.98191440E-9,6.30000000E3,1.96045240E-9,6.40000000E3,1.95408363E-9,6.40000000E3,1.98105586E-9,6.50000000E3,1.95035402E-9,6.50000000E3,1.95278305E-9,6.60000000E3,1.97086218E-9,6.60000000E3,1.94890114E-9,6.70000000E3,1.94297537E-9,6.70000000E3,1.96977876E-9,6.80000000E3,1.93979818E-9,6.80000000E3,1.94222273E-9,6.90000000E3,1.96087293E-9,6.90000000E3,1.93937006E-9,7.00000000E3,1.93386728E-9,7.00000000E3,1.96077642E-9,7.10000000E3,1.93155375E-9,7.10000000E3,1.93362531E-9,7.20000000E3,1.95461945E-9,7.30000000E3,1.92571350E-9,7.30000000E3,1.92799588E-9,7.30000000E3,1.95191748E-9,7.40000000E3,1.92305434E-9,7.40000000E3,1.92513536E-9,7.50000000E3,1.94461147E-9,7.50000000E3,1.92318180E-9,7.60000000E3,1.91833235E-9,7.60000000E3,1.94500890E-9,7.70000000E3,1.91682965E-9,7.70000000E3,1.91890115E-9,7.80000000E3,1.93856661E-9,7.80000000E3,1.91726292E-9,7.90000000E3,1.91210051E-9,7.90000000E3,1.93874004E-9,8.00000000E3,1.91064800E-9,8.00000000E3,1.91251630E-9,8.10000000E3,1.93270236E-9,8.10000000E3,1.91110170E-9,8.20000000E3,1.90699230E-9,8.20000000E3,1.93272449E-9,8.30000000E3,1.90542105E-9,8.30000000E3,1.90721187E-9,8.40000000E3,1.92809639E-9,8.50000000E3,1.90119789E-9,8.50000000E3,1.90296133E-9,8.50000000E3,1.92915280E-9,8.60000000E3,1.90203648E-9,8.60000000E3,1.90362727E-9,8.70000000E3,1.92459561E-9,8.80000000E3,1.89790148E-9,8.80000000E3,1.89949684E-9,8.80000000E3,1.92660547E-9,7.00000000E3,2.03648548E-9,8.90000000E3,1.90180724E-9
3400.0,1.86827057e-09,3400.0,1.83793552e-09,3400.0,1.84511059e-09,3.50000000E3,1.87281030E-9,3.50000000E3,1.85213292E-9,3.60000000E3,1.84689044E-9,3.60000000E3,1.88982048E-9,3.70000000E3,1.85749807E-9,3.70000000E3,1.87069191E-9,3.70000000E3,1.91487467E-9,3.80000000E3,1.88453954E-9,3.80000000E3,1.89880298E-9,3.90000000E3,1.92775274E-9,3.90000000E3,1.91583838E-9,4.00000000E3,1.91406599E-9,4.00000000E3,1.95769517E-9,4.10000000E3,1.93010061E-9,4.10000000E3,1.94398183E-9,4.10000000E3,1.98856641E-9,4.20000000E3,1.96044097E-9,4.20000000E3,1.97303429E-9,4.30000000E3,1.99628396E-9,4.30000000E3,1.98279372E-9,4.40000000E3,1.97823914E-9,4.40000000E3,2.01594419E-9,4.50000000E3,1.98519584E-9,4.50000000E3,1.99430673E-9,4.60000000E3,2.01469061E-9,4.60000000E3,1.99777861E-9,4.60000000E3,2.00555881E-9,4.70000000E3,2.02434001E-9,4.80000000E3,1.99192998E-9,4.80000000E3,1.99834001E-9,4.80000000E3,2.03036154E-9,4.90000000E3,1.99727339E-9,4.90000000E3,2.00276603E-9,5.00000000E3,2.02020088E-9,5.00000000E3,2.00016739E-9,5.10000000E3,1.99222171E-9,5.10000000E3,2.02229364E-9,5.20000000E3,1.98911364E-9,5.20000000E3,1.99353764E-9,5.20000000E3,2.02275500E-9,5.30000000E3,1.98947242E-9,5.30000000E3,1.99349383E-9,5.40000000E3,2.01034440E-9,5.40000000E3,1.98911499E-9,5.50000000E3,1.98146395E-9,5.50000000E3,2.00977218E-9,5.60000000E3,1.97721978E-9,5.60000000E3,1.98074790E-9,5.70000000E3,1.99807018E-9,5.70000000E3,1.97662886E-9,5.80000000E3,1.96943079E-9,5.80000000E3,1.99666858E-9,5.90000000E3,1.96482330E-9,5.90000000E3,1.96792180E-9,5.90000000E3,1.99547090E-9,6.00000000E3,1.96396119E-9,6.00000000E3,1.96710450E-9,6.10000000E3,1.98431533E-9,6.20000000E3,1.95303060E-9,6.20000000E3,1.95575541E-9,6.20000000E3,1.98287077E-9,6.30000000E3,1.95189200E-9,6.30000000E3,1.95466031E-9,6.40000000E3,1.97276202E-9,6.40000000E3,1.95127909E-9,6.50000000E3,1.94508527E-9,6.50000000E3,1.97217298E-9,6.60000000E3,1.94190543E-9,6.60000000E3,1.94425331E-9,6.70000000E3,1.96256769E-9,6.70000000E3,1.94058138E-9,6.80000000E3,1.93490458E-9,6.80000000E3,1.96154705E-9,6.90000000E3,1.93184799E-9,6.90000000E3,1.93418920E-9,7.00000000E3,1.95302733E-9,7.00000000E3,1.93148891E-9,7.10000000E3,1.92618270E-9,7.10000000E3,1.95290638E-9,7.20000000E3,1.92401834E-9,7.20000000E3,1.92634843E-9,7.30000000E3,1.94710602E-9,7.40000000E3,1.91843282E-9,7.40000000E3,1.92043110E-9,7.40000000E3,1.94483487E-9,7.50000000E3,1.91608187E-9,7.50000000E3,1.91813439E-9,7.60000000E3,1.93785837E-9,7.60000000E3,1.91628113E-9,7.70000000E3,1.91172125E-9,7.70000000E3,1.93820036E-9,7.80000000E3,1.90993654E-9,7.80000000E3,1.91189769E-9,7.90000000E3,1.93180261E-9,7.90000000E3,1.91019530E-9,8.00000000E3,1.90600366E-9,8.00000000E3,1.93224479E-9,8.10000000E3,1.90474983E-9,8.10000000E3,1.90650641E-9,8.20000000E3,1.92685509E-9,8.20000000E3,1.90522041E-9,8.30000000E3,1.90127369E-9,8.30000000E3,1.92686772E-9,8.40000000E3,1.89980076E-9,8.40000000E3,1.90153816E-9,8.50000000E3,1.92246383E-9,8.60000000E3,1.89575566E-9,8.60000000E3,1.89747430E-9,8.60000000E3,1.92382733E-9,8.70000000E3,1.89685884E-9,8.70000000E3,1.89841338E-9,8.80000000E3,1.91946127E-9,8.90000000E3,1.89297097E-9,8.90000000E3,1.89451979E-9,8.90000000E3,1.92150767E-9,6.90000000E3,2.04715826E-9,9.00000000E3,1.89683343E-9
3500.0,1.85193734e-09,3500.0,1.82201435e-09,3500.0,1.82886683e-09,3.60000000E3,1.85678800E-9,3.60000000E3,1.83617603E-9,3.70000000E3,1.83147299E-9,3.70000000E3,1.87385195E-9,3.80000000E3,1.84239459E-9,3.80000000E3,1.85516709E-9,3.80000000E3,1.89797747E-9,3.90000000E3,1.86989359E-9,3.90000000E3,1.88373827E-9,4.00000000E3,1.91193433E-9,4.00000000E3,1.89986679E-9,4.10000000E3,1.89864232E-9,4.10000000E3,1.94156090E-9,4.20000000E3,1.91466839E-9,4.20000000E3,1.92822586E-9,4.20000000E3,1.97259188E-9,4.30000000E3,1.94490867E-9,4.30000000E3,1.95724197E-9,4.40000000E3,1.98088054E-9,4.40000000E3,1.96736001E-9,4.50000000E3,1.96326631E-9,4.50000000E3,2.00063333E-9,4.60000000E3,1.97072193E-9,4.60000000E3,1.97968322E-9,4.70000000E3,2.00045859E-9,4.70000000E3,1.98357568E-9,4.70000000E3,1.99121335E-9,4.80000000E3,2.01039241E-9,4.90000000E3,1.97864844E-9,4.90000000E3,1.98494526E-9,4.90000000E3,2.01671311E-9,5.00000000E3,1.98428503E-9,5.00000000E3,1.98966608E-9,5.10000000E3,2.00736881E-9,5.10000000E3,1.98735703E-9,5.20000000E3,1.97989168E-9,5.20000000E3,2.00975744E-9,5.30000000E3,1.97717971E-9,5.30000000E3,1.98149054E-9,5.30000000E3,2.01063636E-9,5.40000000E3,1.97794576E-9,5.40000000E3,1.98187097E-9,5.50000000E3,1.99894769E-9,5.50000000E3,1.97788458E-9,5.60000000E3,1.97057736E-9,5.60000000E3,1.99864851E-9,5.70000000E3,1.96658873E-9,5.70000000E3,1.96999805E-9,5.80000000E3,1.98764440E-9,5.80000000E3,1.96635289E-9,5.90000000E3,1.95940402E-9,5.90000000E3,1.98653302E-9,6.00000000E3,1.95505773E-9,6.00000000E3,1.95805683E-9,6.00000000E3,1.98540264E-9,6.10000000E3,1.95417917E-9,6.10000000E3,1.95721408E-9,6.20000000E3,1.97503053E-9,6.30000000E3,1.94412972E-9,6.30000000E3,1.94675540E-9,6.30000000E3,1.97362646E-9,6.40000000E3,1.94300501E-9,6.40000000E3,1.94568272E-9,6.50000000E3,1.96393332E-9,6.50000000E3,1.94239149E-9,6.60000000E3,1.93652195E-9,6.60000000E3,1.96342720E-9,6.70000000E3,1.93368544E-9,6.70000000E3,1.93618267E-9,6.80000000E3,1.95460154E-9,6.80000000E3,1.93259795E-9,6.90000000E3,1.92702761E-9,6.90000000E3,1.95362448E-9,7.00000000E3,1.92418106E-9,7.00000000E3,1.92643935E-9,7.10000000E3,1.94546109E-9,7.10000000E3,1.92388600E-9,7.20000000E3,1.91879459E-9,7.20000000E3,1.94535699E-9,7.30000000E3,1.91670339E-9,7.30000000E3,1.91895416E-9,7.40000000E3,1.94045720E-9,7.50000000E3,1.91169207E-9,7.50000000E3,1.91362535E-9,7.50000000E3,1.93775941E-9,7.60000000E3,1.90970211E-9,7.60000000E3,1.91164896E-9,7.70000000E3,1.93136730E-9,7.70000000E3,1.90974486E-9,7.80000000E3,1.90533784E-9,7.80000000E3,1.93148139E-9,7.90000000E3,1.90378998E-9,7.90000000E3,1.90561300E-9,8.00000000E3,1.92599773E-9,8.00000000E3,1.90420684E-9,8.10000000E3,1.90046775E-9,8.10000000E3,1.92656298E-9,8.20000000E3,1.89904609E-9,8.20000000E3,1.90074539E-9,8.30000000E3,1.92121878E-9,8.30000000E3,1.89955466E-9,8.40000000E3,1.89575564E-9,8.40000000E3,1.92125938E-9,8.50000000E3,1.89436426E-9,8.50000000E3,1.89605223E-9,8.60000000E3,1.91704564E-9,8.70000000E3,1.89054352E-9,8.70000000E3,1.89222354E-9,8.70000000E3,1.91865299E-9,8.80000000E3,1.89188413E-9,8.80000000E3,1.89340035E-9,8.90000000E3,1.91454835E-9,9.00000000E3,1.88824489E-9,9.00000000E3,1.88975332E-9,9.00000000E3,1.91659293E-9,6.80000000E3,2.05842458E-9,9.10000000E3,1.89202939E-9
3600.0,1.84031971e-09,3600.0,1.81075144e-09,3600.0,1.81732279e-09,3.70000000E3,1.84161890E-9,3.70000000E3,1.82105278E-9,3.80000000E3,1.81720597E-9,3.80000000E3,1.85869443E-9,3.90000000E3,1.82791303E-9,3.90000000E3,1.84022938E-9,3.90000000E3,1.88345824E-9,4.00000000E3,1.85479952E-9,4.00000000E3,1.86829915E-9,4.10000000E3,1.89706276E-9,4.10000000E3,1.88481968E-9,4.20000000E3,1.88393558E-9,4.20000000E3,1.92625738E-9,4.30000000E3,1.89996723E-9,4.30000000E3,1.91322672E-9,4.30000000E3,1.95717462E-9,4.40000000E3,1.92998475E-9,4.40000000E3,1.94208483E-9,4.50000000E3,1.96616248E-9,4.50000000E3,1.95259381E-9,4.60000000E3,1.94897991E-9,4.60000000E3,1.98612252E-9,4.70000000E3,1.95686797E-9,4.70000000E3,1.96568390E-9,4.80000000E3,1.98679365E-9,4.80000000E3,1.96994793E-9,4.80000000E3,1.97745482E-9,4.90000000E3,1.99705146E-9,5.00000000E3,1.96593632E-9,5.00000000E3,1.97211822E-9,5.00000000E3,2.00362882E-9,5.10000000E3,1.97186013E-9,5.10000000E3,1.97712127E-9,5.20000000E3,1.99502667E-9,5.20000000E3,1.97506459E-9,5.30000000E3,1.96812541E-9,5.30000000E3,1.99779649E-9,5.40000000E3,1.96582712E-9,5.40000000E3,1.97003484E-9,5.40000000E3,1.99903876E-9,5.50000000E3,1.96684194E-9,5.50000000E3,1.97065639E-9,5.60000000E3,1.98799660E-9,5.60000000E3,1.96699029E-9,5.70000000E3,1.96017190E-9,5.70000000E3,1.98803104E-9,5.80000000E3,1.95636744E-9,5.80000000E3,1.95967960E-9,5.90000000E3,1.97754973E-9,5.90000000E3,1.95629503E-9,6.00000000E3,1.94973110E-9,6.00000000E3,1.97676656E-9,6.10000000E3,1.94567638E-9,6.10000000E3,1.94858519E-9,6.10000000E3,1.97564077E-9,6.20000000E3,1.94485344E-9,6.20000000E3,1.94779431E-9,6.30000000E3,1.96593092E-9,6.40000000E3,1.93554842E-9,6.40000000E3,1.93808555E-9,6.40000000E3,1.96475636E-9,6.50000000E3,1.93436078E-9,6.50000000E3,1.93692835E-9,6.60000000E3,1.95546596E-9,6.60000000E3,1.93391226E-9,6.70000000E3,1.92817714E-9,6.70000000E3,1.95501992E-9,6.80000000E3,1.92559064E-9,6.80000000E3,1.92813816E-9,6.90000000E3,1.94684010E-9,6.90000000E3,1.92480124E-9,7.00000000E3,1.91954920E-9,7.00000000E3,1.94597559E-9,7.10000000E3,1.91681840E-9,7.10000000E3,1.91900140E-9,7.20000000E3,1.93817706E-9,7.20000000E3,1.91657514E-9,7.30000000E3,1.91165734E-9,7.30000000E3,1.93807883E-9,7.40000000E3,1.90967626E-9,7.40000000E3,1.91185592E-9,7.50000000E3,1.93358582E-9,7.60000000E3,1.90522482E-9,7.60000000E3,1.90709380E-9,7.60000000E3,1.93154243E-9,7.70000000E3,1.90333686E-9,7.70000000E3,1.90521789E-9,7.80000000E3,1.92525021E-9,7.80000000E3,1.90346719E-9,7.90000000E3,1.89958853E-9,7.90000000E3,1.92560364E-9,8.00000000E3,1.89817097E-9,8.00000000E3,1.89989449E-9,8.10000000E3,1.92025248E-9,8.10000000E3,1.89879011E-9,8.20000000E3,1.89484873E-9,8.20000000E3,1.92087867E-9,8.30000000E3,1.89354759E-9,8.30000000E3,1.89519757E-9,8.40000000E3,1.91575821E-9,8.40000000E3,1.89408231E-9,8.50000000E3,1.89040862E-9,8.50000000E3,1.91584404E-9,8.60000000E3,1.88899068E-9,8.60000000E3,1.89063801E-9,8.70000000E3,1.91184288E-9,8.80000000E3,1.88547082E-9,8.80000000E3,1.88710227E-9,8.80000000E3,1.91360488E-9,8.90000000E3,1.88707240E-9,8.90000000E3,1.88854455E-9,9.00000000E3,1.90983610E-9,9.10000000E3,1.88416679E-9,9.10000000E3,1.88558243E-9,9.10000000E3,1.91184816E-9,6.70000000E3,2.07014154E-9,9.20000000E3,1.88740814E-9
3700.0,1.82533625e-09,3700.0,1.79614199e-09,3700.0,1.80254169e-09,3.80000000E3,1.82745665E-9,3.80000000E3,1.80638343E-9,3.90000000E3,1.80296911E-9,3.90000000E3,1.84406390E-9,4.00000000E3,1.81399405E-9,4.00000000E3,1.82600315E-9,4.00000000E3,1.86851452E-9,4.10000000E3,1.84045319E-9,4.10000000E3,1.85357804E-9,4.20000000E3,1.88282867E-9,4.20000000E3,1.87045068E-9,4.30000000E3,1.86977200E-9,4.30000000E3,1.91169019E-9,4.40000000E3,1.88661314E-9,4.40000000E3,1.89950001E-9,4.40000000E3,1.94235703E-9,4.50000000E3,1.91474291E-9,4.50000000E3,1.92666092E-9,4.60000000E3,1.95211074E-9,4.60000000E3,1.93851712E-9,4.70000000E3,1.93537089E-9,4.70000000E3,1.97225075E-9,4.80000000E3,1.94350622E-9,4.80000000E3,1.95217995E-9,4.90000000E3,1.97370673E-9,4.90000000E3,1.95689361E-9,4.90000000E3,1.96427678E-9,5.00000000E3,1.98427492E-9,5.10000000E3,1.95369173E-9,5.10000000E3,1.95976426E-9,5.10000000E3,1.99107793E-9,5.20000000E3,1.95990543E-9,5.20000000E3,1.96506767E-9,5.30000000E3,1.98330575E-9,5.30000000E3,1.96339756E-9,5.40000000E3,1.95677944E-9,5.40000000E3,1.98640492E-9,5.50000000E3,1.95480494E-9,5.50000000E3,1.95891249E-9,5.50000000E3,1.98791402E-9,5.60000000E3,1.95616707E-9,5.60000000E3,1.95987836E-9,5.70000000E3,1.97760478E-9,5.70000000E3,1.95656681E-9,5.80000000E3,1.94996337E-9,5.80000000E3,1.97779304E-9,5.90000000E3,1.94652869E-9,5.90000000E3,1.94974348E-9,6.00000000E3,1.96779526E-9,6.00000000E3,1.94654265E-9,6.10000000E3,1.94025647E-9,6.10000000E3,1.96737830E-9,6.20000000E3,1.93663351E-9,6.20000000E3,1.93944863E-9,6.20000000E3,1.96632471E-9,6.30000000E3,1.93590640E-9,6.30000000E3,1.93874846E-9,6.40000000E3,1.95707489E-9,6.50000000E3,1.92723161E-9,6.50000000E3,1.92984918E-9,6.50000000E3,1.95617245E-9,6.60000000E3,1.92613060E-9,6.60000000E3,1.92861464E-9,6.70000000E3,1.94724032E-9,6.70000000E3,1.92565677E-9,6.80000000E3,1.92020613E-9,6.80000000E3,1.94695837E-9,6.90000000E3,1.91774510E-9,6.90000000E3,1.92020983E-9,7.00000000E3,1.93926661E-9,7.00000000E3,1.91740274E-9,7.10000000E3,1.91239366E-9,7.10000000E3,1.93863298E-9,7.20000000E3,1.90970969E-9,7.20000000E3,1.91181867E-9,7.30000000E3,1.93113740E-9,7.30000000E3,1.90951300E-9,7.40000000E3,1.90481018E-9,7.40000000E3,1.93109921E-9,7.50000000E3,1.90312040E-9,7.50000000E3,1.90526944E-9,7.60000000E3,1.92676835E-9,7.70000000E3,1.89889998E-9,7.70000000E3,1.90097992E-9,7.70000000E3,1.92519908E-9,7.80000000E3,1.89750248E-9,7.80000000E3,1.89927592E-9,7.90000000E3,1.91942449E-9,7.90000000E3,1.89784578E-9,8.00000000E3,1.89357502E-9,8.00000000E3,1.91991229E-9,8.10000000E3,1.89203168E-9,8.10000000E3,1.89388002E-9,8.20000000E3,1.91437293E-9,8.20000000E3,1.89311554E-9,8.30000000E3,1.88922191E-9,8.30000000E3,1.91539917E-9,8.40000000E3,1.88816543E-9,8.40000000E3,1.88977270E-9,8.50000000E3,1.91046787E-9,8.50000000E3,1.88878080E-9,8.60000000E3,1.88525200E-9,8.60000000E3,1.91050290E-9,8.70000000E3,1.88389168E-9,8.70000000E3,1.88549742E-9,8.80000000E3,1.90678889E-9,8.90000000E3,1.88056291E-9,8.90000000E3,1.88215204E-9,8.90000000E3,1.90857503E-9,9.00000000E3,1.88246355E-9,9.00000000E3,1.88389714E-9,9.10000000E3,1.90530912E-9,9.20000000E3,1.87955756E-9,9.20000000E3,1.88110764E-9,9.20000000E3,1.90726395E-9,6.60000000E3,2.08190758E-9,9.30000000E3,1.88294311E-9
3800.0,1.81116311e-09,3800.0,1.78233325e-09,3800.0,1.78855137e-09,3.90000000E3,1.81362592E-9,3.90000000E3,1.79321042E-9,4.00000000E3,1.78940741E-9,4.00000000E3,1.83021395E-9,4.10000000E3,1.80055352E-9,4.10000000E3,1.81217495E-9,4.10000000E3,1.85418224E-9,4.20000000E3,1.82685343E-9,4.20000000E3,1.83963960E-9,4.30000000E3,1.86892560E-9,4.30000000E3,1.85653161E-9,4.40000000E3,1.85568467E-9,4.40000000E3,1.89860405E-9,4.50000000E3,1.87257892E-9,4.50000000E3,1.88527391E-9,4.50000000E3,1.92714108E-9,4.60000000E3,1.90102779E-9,4.60000000E3,1.91271197E-9,4.70000000E3,1.93873872E-9,4.70000000E3,1.92510219E-9,4.80000000E3,1.92227637E-9,4.80000000E3,1.95886516E-9,4.90000000E3,1.93067603E-9,4.90000000E3,1.93924414E-9,5.00000000E3,1.96116893E-9,5.00000000E3,1.94438477E-9,5.00000000E3,1.95164447E-9,5.10000000E3,1.97199828E-9,5.20000000E3,1.94195923E-9,5.20000000E3,1.94794993E-9,5.20000000E3,1.97903085E-9,5.30000000E3,1.94835108E-9,5.30000000E3,1.95343075E-9,5.40000000E3,1.97202350E-9,5.40000000E3,1.95215072E-9,5.50000000E3,1.94601296E-9,5.50000000E3,1.97535285E-9,5.60000000E3,1.94419888E-9,5.60000000E3,1.94820850E-9,5.60000000E3,1.97710481E-9,5.70000000E3,1.94593595E-9,5.70000000E3,1.94954111E-9,5.80000000E3,1.96747376E-9,5.80000000E3,1.94645214E-9,5.90000000E3,1.94009770E-9,5.90000000E3,1.96793920E-9,6.00000000E3,1.93710258E-9,6.00000000E3,1.94022895E-9,6.10000000E3,1.95841036E-9,6.10000000E3,1.93715961E-9,6.20000000E3,1.93113641E-9,6.20000000E3,1.95832673E-9,6.30000000E3,1.92790397E-9,6.30000000E3,1.93063242E-9,6.30000000E3,1.95738290E-9,6.40000000E3,1.92726378E-9,6.40000000E3,1.93002304E-9,6.50000000E3,1.94854423E-9,6.60000000E3,1.91905259E-9,6.60000000E3,1.92173064E-9,6.60000000E3,1.94794738E-9,6.70000000E3,1.91817477E-9,6.70000000E3,1.92057650E-9,6.80000000E3,1.93936945E-9,6.80000000E3,1.91776932E-9,6.90000000E3,1.91256086E-9,6.90000000E3,1.93914430E-9,7.00000000E3,1.91024236E-9,7.00000000E3,1.91262956E-9,7.10000000E3,1.93181475E-9,7.10000000E3,1.91031801E-9,7.20000000E3,1.90548848E-9,7.20000000E3,1.93154501E-9,7.30000000E3,1.90287170E-9,7.30000000E3,1.90491196E-9,7.40000000E3,1.92439690E-9,7.40000000E3,1.90273853E-9,7.50000000E3,1.89820321E-9,7.50000000E3,1.92446166E-9,7.60000000E3,1.89651486E-9,7.60000000E3,1.89855884E-9,7.70000000E3,1.92019380E-9,7.80000000E3,1.89224348E-9,7.80000000E3,1.89420583E-9,7.80000000E3,1.91902005E-9,7.90000000E3,1.89115417E-9,7.90000000E3,1.89309097E-9,8.00000000E3,1.91303724E-9,8.00000000E3,1.89166643E-9,8.10000000E3,1.88741597E-9,8.10000000E3,1.91345862E-9,8.20000000E3,1.88626645E-9,8.20000000E3,1.88805811E-9,8.30000000E3,1.90869347E-9,8.30000000E3,1.88740882E-9,8.40000000E3,1.88380772E-9,8.40000000E3,1.91001884E-9,8.50000000E3,1.88300510E-9,8.50000000E3,1.88456870E-9,8.60000000E3,1.90536872E-9,8.60000000E3,1.88367229E-9,8.70000000E3,1.88024728E-9,8.70000000E3,1.90540823E-9,8.80000000E3,1.87898962E-9,8.80000000E3,1.88054786E-9,8.90000000E3,1.90189801E-9,9.00000000E3,1.87570903E-9,9.00000000E3,1.87720270E-9,9.00000000E3,1.90375055E-9,9.10000000E3,1.87788779E-9,9.10000000E3,1.87938283E-9,9.20000000E3,1.90071050E-9,9.30000000E3,1.87478206E-9,9.30000000E3,1.87618624E-9,9.30000000E3,1.90282793E-9,6.50000000E3,2.09431924E-9,9.40000000E3,1.87861504E-9
3900.0,1.79746587e-09,3900.0,1.76900428e-09,3900.0,1.77512383e-09,4.00000000E3,1.80017490E-9,4.00000000E3,1.77984672E-9,4.10000000E3,1.77673004E-9,4.10000000E3,1.81695493E-9,4.20000000E3,1.78783764E-9,4.20000000E3,1.79914152E-9,4.20000000E3,1.84077222E-9,4.30000000E3,1.81389564E-9,4.30000000E3,1.82636109E-9,4.40000000E3,1.85541235E-9,4.40000000E3,1.84279183E-9,4.50000000E3,1.84295606E-9,4.50000000E3,1.88454225E-9,4.60000000E3,1.86051541E-9,4.60000000E3,1.87291360E-9,4.60000000E3,1.91354990E-9,4.70000000E3,1.88795920E-9,4.70000000E3,1.89943385E-9,4.80000000E3,1.92585956E-9,4.80000000E3,1.91218980E-9,4.90000000E3,1.90975651E-9,4.90000000E3,1.94596470E-9,5.00000000E3,1.91840261E-9,5.00000000E3,1.92684304E-9,5.10000000E3,1.94905921E-9,5.10000000E3,1.93229073E-9,5.10000000E3,1.93942892E-9,5.20000000E3,1.96017977E-9,5.30000000E3,1.93056735E-9,5.30000000E3,1.93645565E-9,5.30000000E3,1.96743019E-9,5.40000000E3,1.93732461E-9,5.40000000E3,1.94231557E-9,5.50000000E3,1.96135468E-9,5.50000000E3,1.94159158E-9,5.60000000E3,1.93532888E-9,5.60000000E3,1.96471621E-9,5.70000000E3,1.93402161E-9,5.70000000E3,1.93793729E-9,5.70000000E3,1.96671500E-9,5.80000000E3,1.93607104E-9,5.80000000E3,1.93959265E-9,5.90000000E3,1.95768853E-9,5.90000000E3,1.93668065E-9,6.00000000E3,1.93065404E-9,6.00000000E3,1.95850089E-9,6.10000000E3,1.92803094E-9,6.10000000E3,1.93107042E-9,6.20000000E3,1.94936787E-9,6.20000000E3,1.92812219E-9,6.30000000E3,1.92231818E-9,6.30000000E3,1.94958589E-9,6.40000000E3,1.91947134E-9,6.40000000E3,1.92212782E-9,6.40000000E3,1.94873075E-9,6.50000000E3,1.91888314E-9,6.50000000E3,1.92155238E-9,6.60000000E3,1.94036550E-9,6.70000000E3,1.91110574E-9,6.70000000E3,1.91370662E-9,6.70000000E3,1.94001136E-9,6.80000000E3,1.91056084E-9,6.80000000E3,1.91288299E-9,6.90000000E3,1.93182694E-9,6.90000000E3,1.91020751E-9,7.00000000E3,1.90518172E-9,7.00000000E3,1.93166190E-9,7.10000000E3,1.90298275E-9,7.10000000E3,1.90529024E-9,7.20000000E3,1.92461500E-9,7.20000000E3,1.90337080E-9,7.30000000E3,1.89867441E-9,7.30000000E3,1.92472884E-9,7.40000000E3,1.89633638E-9,7.40000000E3,1.89830813E-9,7.50000000E3,1.91772790E-9,7.50000000E3,1.89615363E-9,7.60000000E3,1.89190859E-9,7.60000000E3,1.91798804E-9,7.70000000E3,1.89023927E-9,7.70000000E3,1.89221101E-9,7.80000000E3,1.91370873E-9,7.90000000E3,1.88630549E-9,7.90000000E3,1.88812314E-9,7.90000000E3,1.91255236E-9,8.00000000E3,1.88511569E-9,8.00000000E3,1.88694264E-9,8.10000000E3,1.90729312E-9,8.10000000E3,1.88565025E-9,8.20000000E3,1.88183593E-9,8.20000000E3,1.90772449E-9,8.30000000E3,1.88079455E-9,8.30000000E3,1.88253561E-9,8.40000000E3,1.90333767E-9,8.40000000E3,1.88204040E-9,8.50000000E3,1.87848133E-9,8.50000000E3,1.90471192E-9,8.60000000E3,1.87801767E-9,8.60000000E3,1.87954151E-9,8.70000000E3,1.90039870E-9,8.70000000E3,1.87870549E-9,8.80000000E3,1.87542014E-9,8.80000000E3,1.90052122E-9,8.90000000E3,1.87424011E-9,8.90000000E3,1.87575738E-9,9.00000000E3,1.89726497E-9,9.10000000E3,1.87121251E-9,9.10000000E3,1.87266593E-9,9.10000000E3,1.89905459E-9,9.20000000E3,1.87340702E-9,9.20000000E3,1.87492911E-9,9.30000000E3,1.89637872E-9,9.40000000E3,1.87056194E-9,9.40000000E3,1.87193745E-9,9.40000000E3,1.89852014E-9,6.40000000E3,2.10718648E-9,9.50000000E3,1.87442395E-9
4000.0,1.78448684e-09,4000.0,1.75638632e-09,4000.0,1.76242951e-09,4.10000000E3,1.78767104E-9,4.10000000E3,1.76713405E-9,4.20000000E3,1.76485566E-9,4.20000000E3,1.80437934E-9,4.30000000E3,1.77592793E-9,4.30000000E3,1.78684318E-9,4.30000000E3,1.82793095E-9,4.40000000E3,1.80148224E-9,4.40000000E3,1.81359137E-9,4.50000000E3,1.84310758E-9,4.50000000E3,1.83035829E-9,4.60000000E3,1.83117522E-9,4.60000000E3,1.87264311E-9,4.70000000E3,1.84736737E-9,4.70000000E3,1.85958867E-9,4.70000000E3,1.90055711E-9,4.80000000E3,1.87548480E-9,4.80000000E3,1.88676639E-9,4.90000000E3,1.91354613E-9,4.90000000E3,1.89983405E-9,5.00000000E3,1.89768199E-9,5.00000000E3,1.93367901E-9,5.10000000E3,1.90667470E-9,5.10000000E3,1.91496215E-9,5.20000000E3,1.93752518E-9,5.20000000E3,1.92077883E-9,5.20000000E3,1.92780182E-9,5.30000000E3,1.94875001E-9,5.40000000E3,1.91970667E-9,5.40000000E3,1.92550998E-9,5.40000000E3,1.95632889E-9,5.50000000E3,1.92655516E-9,5.50000000E3,1.93147789E-9,5.60000000E3,1.95070646E-9,5.60000000E3,1.93089489E-9,5.70000000E3,1.92526308E-9,5.70000000E3,1.95451712E-9,5.80000000E3,1.92424409E-9,5.80000000E3,1.92807933E-9,5.80000000E3,1.95673804E-9,5.90000000E3,1.92653553E-9,5.90000000E3,1.93000932E-9,6.00000000E3,1.94831534E-9,6.00000000E3,1.92732975E-9,6.10000000E3,1.92152621E-9,6.10000000E3,1.94941456E-9,6.20000000E3,1.91928028E-9,6.20000000E3,1.92223464E-9,6.30000000E3,1.94063089E-9,6.30000000E3,1.91939079E-9,6.40000000E3,1.91386413E-9,6.40000000E3,1.94106371E-9,6.50000000E3,1.91139482E-9,6.50000000E3,1.91396424E-9,6.50000000E3,1.94037837E-9,6.60000000E3,1.91096004E-9,6.60000000E3,1.91355747E-9,6.70000000E3,1.93242917E-9,6.80000000E3,1.90344071E-9,6.80000000E3,1.90596716E-9,6.80000000E3,1.93240293E-9,6.90000000E3,1.90324494E-9,6.90000000E3,1.90549270E-9,7.00000000E3,1.92453726E-9,7.00000000E3,1.90290353E-9,7.10000000E3,1.89807091E-9,7.10000000E3,1.92442273E-9,7.20000000E3,1.89598520E-9,7.20000000E3,1.89821905E-9,7.30000000E3,1.91767150E-9,7.30000000E3,1.89640741E-9,7.40000000E3,1.89192090E-9,7.40000000E3,1.91822233E-9,7.50000000E3,1.88972375E-9,7.50000000E3,1.89167097E-9,7.60000000E3,1.91167406E-9,7.60000000E3,1.88996632E-9,7.70000000E3,1.88573750E-9,7.70000000E3,1.91175135E-9,7.80000000E3,1.88415556E-9,7.80000000E3,1.88604052E-9,7.90000000E3,1.90803150E-9,8.00000000E3,1.88058780E-9,8.00000000E3,1.88251470E-9,8.00000000E3,1.90667964E-9,8.10000000E3,1.87979469E-9,8.10000000E3,1.88147628E-9,8.20000000E3,1.90179063E-9,8.20000000E3,1.88012710E-9,8.30000000E3,1.87647993E-9,8.30000000E3,1.90227555E-9,8.40000000E3,1.87551079E-9,8.40000000E3,1.87720784E-9,8.50000000E3,1.89807563E-9,8.50000000E3,1.87676028E-9,8.60000000E3,1.87332545E-9,8.60000000E3,1.89950105E-9,8.70000000E3,1.87313911E-9,8.70000000E3,1.87462738E-9,8.80000000E3,1.89562063E-9,8.80000000E3,1.87391822E-9,8.90000000E3,1.87074427E-9,8.90000000E3,1.89578533E-9,9.00000000E3,1.86966602E-9,9.00000000E3,1.87114349E-9,9.10000000E3,1.89277411E-9,9.20000000E3,1.86681452E-9,9.20000000E3,1.86824329E-9,9.20000000E3,1.89456916E-9,9.30000000E3,1.86907630E-9,9.30000000E3,1.87058616E-9,9.40000000E3,1.89214553E-9,9.50000000E3,1.86646323E-9,9.50000000E3,1.86781431E-9,9.50000000E3,1.89435289E-9,6.30000000E3,2.12094412E-9,9.60000000E3,1.87036232E-9
4100.0,1.77186429e-09,4100.0,1.74417383e-09,4100.0,1.75008036e-09,4.20000000E3,1.77594622E-9,4.20000000E3,1.75549482E-9,4.30000000E3,1.75294924E-9,4.30000000E3,1.79272731E-9,4.40000000E3,1.76430847E-9,4.40000000E3,1.77500213E-9,4.40000000E3,1.81585342E-9,4.50000000E3,1.78969146E-9,4.50000000E3,1.80151914E-9,4.60000000E3,1.83154374E-9,4.60000000E3,1.81878688E-9,4.70000000E3,1.81936130E-9,4.70000000E3,1.85967263E-9,4.80000000E3,1.83631117E-9,4.80000000E3,1.84826514E-9,4.80000000E3,1.88815824E-9,4.90000000E3,1.86343136E-9,4.90000000E3,1.87452735E-9,5.00000000E3,1.90167757E-9,5.00000000E3,1.88792335E-9,5.10000000E3,1.88614003E-9,5.10000000E3,1.92198487E-9,5.20000000E3,1.89535671E-9,5.20000000E3,1.90352666E-9,5.30000000E3,1.92629558E-9,5.30000000E3,1.90958201E-9,5.30000000E3,1.91649910E-9,5.40000000E3,1.93784766E-9,5.50000000E3,1.90916181E-9,5.50000000E3,1.91487864E-9,5.50000000E3,1.94556299E-9,5.60000000E3,1.91638301E-9,5.60000000E3,1.92131127E-9,5.70000000E3,1.94071574E-9,5.70000000E3,1.92092435E-9,5.80000000E3,1.91556272E-9,5.80000000E3,1.94467390E-9,5.90000000E3,1.91480599E-9,5.90000000E3,1.91856742E-9,5.90000000E3,1.94712562E-9,6.00000000E3,1.91730297E-9,6.00000000E3,1.92079160E-9,6.10000000E3,1.93925538E-9,6.10000000E3,1.91828527E-9,6.20000000E3,1.91272637E-9,6.20000000E3,1.94052551E-9,6.30000000E3,1.91081144E-9,6.30000000E3,1.91368792E-9,6.40000000E3,1.93224359E-9,6.40000000E3,1.91101842E-9,6.50000000E3,1.90558899E-9,6.50000000E3,1.93273734E-9,6.60000000E3,1.90359291E-9,6.60000000E3,1.90609956E-9,6.60000000E3,1.93244077E-9,6.70000000E3,1.90321704E-9,6.70000000E3,1.90573848E-9,6.80000000E3,1.92476423E-9,6.90000000E3,1.89605925E-9,6.90000000E3,1.89851896E-9,6.90000000E3,1.92502329E-9,7.00000000E3,1.89611985E-9,7.00000000E3,1.89831499E-9,7.10000000E3,1.91750949E-9,7.10000000E3,1.89586309E-9,7.20000000E3,1.89121134E-9,7.20000000E3,1.91744077E-9,7.30000000E3,1.88923906E-9,7.30000000E3,1.89140334E-9,7.40000000E3,1.91103196E-9,7.40000000E3,1.88973034E-9,7.50000000E3,1.88561380E-9,7.50000000E3,1.91152217E-9,7.60000000E3,1.88392296E-9,7.60000000E3,1.88577802E-9,7.70000000E3,1.90557991E-9,7.70000000E3,1.88385728E-9,7.80000000E3,1.87987913E-9,7.80000000E3,1.90576900E-9,7.90000000E3,1.87852295E-9,7.90000000E3,1.88029716E-9,8.00000000E3,1.90188578E-9,8.10000000E3,1.87488367E-9,8.10000000E3,1.87675292E-9,8.10000000E3,1.90162541E-9,8.20000000E3,1.87444489E-9,8.20000000E3,1.87607773E-9,8.30000000E3,1.89649735E-9,8.30000000E3,1.87481822E-9,8.40000000E3,1.87125556E-9,8.40000000E3,1.89699823E-9,8.50000000E3,1.87035865E-9,8.50000000E3,1.87200825E-9,8.60000000E3,1.89297410E-9,8.60000000E3,1.87164758E-9,8.70000000E3,1.86838959E-9,8.70000000E3,1.89448481E-9,8.80000000E3,1.86839222E-9,8.80000000E3,1.86990255E-9,8.90000000E3,1.89099155E-9,8.90000000E3,1.86928162E-9,9.00000000E3,1.86623167E-9,9.00000000E3,1.89122487E-9,9.10000000E3,1.86523948E-9,9.10000000E3,1.86667972E-9,9.20000000E3,1.88835861E-9,9.30000000E3,1.86262529E-9,9.30000000E3,1.86407208E-9,9.30000000E3,1.89023022E-9,9.40000000E3,1.86486407E-9,9.40000000E3,1.86634402E-9,9.50000000E3,1.88803425E-9,9.60000000E3,1.86255284E-9,9.60000000E3,1.86387410E-9,9.60000000E3,1.89035116E-9,6.20000000E3,2.13534710E-9,9.70000000E3,1.86642343E-9
4200.0,1.75992113e-09,4200.0,1.73246716e-09,4200.0,1.7383682e-09,4.30000000E3,1.76420179E-9,4.30000000E3,1.74383921E-9,4.40000000E3,1.74154529E-9,4.40000000E3,1.78117349E-9,4.50000000E3,1.75310881E-9,4.50000000E3,1.76360963E-9,4.50000000E3,1.80415935E-9,4.60000000E3,1.77853447E-9,4.60000000E3,1.79009071E-9,4.70000000E3,1.82027250E-9,4.70000000E3,1.80728982E-9,4.80000000E3,1.80789126E-9,4.80000000E3,1.84874688E-9,4.90000000E3,1.82486944E-9,4.90000000E3,1.83660294E-9,4.90000000E3,1.87618266E-9,5.00000000E3,1.85191436E-9,5.00000000E3,1.86282283E-9,5.10000000E3,1.89033507E-9,5.10000000E3,1.87653891E-9,5.20000000E3,1.87498035E-9,5.20000000E3,1.91065644E-9,5.30000000E3,1.88441818E-9,5.30000000E3,1.89247582E-9,5.40000000E3,1.91572962E-9,5.40000000E3,1.89903916E-9,5.40000000E3,1.90586418E-9,5.50000000E3,1.92725106E-9,5.60000000E3,1.89895626E-9,5.60000000E3,1.90459016E-9,5.60000000E3,1.93532494E-9,5.70000000E3,1.90660967E-9,5.70000000E3,1.91149902E-9,5.80000000E3,1.93104455E-9,5.80000000E3,1.91129815E-9,5.90000000E3,1.90617651E-9,5.90000000E3,1.93515060E-9,6.00000000E3,1.90570252E-9,6.00000000E3,1.90939544E-9,6.00000000E3,1.93787624E-9,6.10000000E3,1.90838142E-9,6.10000000E3,1.91183679E-9,6.20000000E3,1.93052428E-9,6.20000000E3,1.90956958E-9,6.30000000E3,1.90424733E-9,6.30000000E3,1.93191968E-9,6.40000000E3,1.90262288E-9,6.40000000E3,1.90542900E-9,6.50000000E3,1.92407824E-9,6.50000000E3,1.90282521E-9,6.60000000E3,1.89773071E-9,6.60000000E3,1.92483464E-9,6.70000000E3,1.89592352E-9,6.70000000E3,1.89839759E-9,6.70000000E3,1.92469051E-9,6.80000000E3,1.89574393E-9,6.80000000E3,1.89820333E-9,6.90000000E3,1.91737941E-9,7.00000000E3,1.88893263E-9,7.00000000E3,1.89132263E-9,7.00000000E3,1.91768139E-9,7.10000000E3,1.88929678E-9,7.10000000E3,1.89142647E-9,7.20000000E3,1.91071993E-9,7.20000000E3,1.88906733E-9,7.30000000E3,1.88459903E-9,7.30000000E3,1.91071795E-9,7.40000000E3,1.88272108E-9,7.40000000E3,1.88482431E-9,7.50000000E3,1.90468413E-9,7.50000000E3,1.88345472E-9,7.60000000E3,1.87912035E-9,7.60000000E3,1.90540011E-9,7.70000000E3,1.87803884E-9,7.70000000E3,1.87983634E-9,7.80000000E3,1.89988370E-9,7.80000000E3,1.87807881E-9,7.90000000E3,1.87446224E-9,7.90000000E3,1.90030553E-9,8.00000000E3,1.87324264E-9,8.00000000E3,1.87507483E-9,8.10000000E3,1.89619734E-9,8.20000000E3,1.86954464E-9,8.20000000E3,1.87136509E-9,8.20000000E3,1.89596680E-9,8.30000000E3,1.86928922E-9,8.30000000E3,1.87087587E-9,8.40000000E3,1.89131246E-9,8.40000000E3,1.86963616E-9,8.50000000E3,1.86622386E-9,8.50000000E3,1.89185940E-9,8.60000000E3,1.86544952E-9,8.60000000E3,1.86705592E-9,8.70000000E3,1.88807593E-9,8.70000000E3,1.86675038E-9,8.80000000E3,1.86358048E-9,8.80000000E3,1.88958058E-9,8.90000000E3,1.86363853E-9,8.90000000E3,1.86525065E-9,9.00000000E3,1.88651672E-9,9.00000000E3,1.86480134E-9,9.10000000E3,1.86174927E-9,9.10000000E3,1.88680605E-9,9.20000000E3,1.86092591E-9,9.20000000E3,1.86233744E-9,9.30000000E3,1.88398949E-9,9.40000000E3,1.85848878E-9,9.40000000E3,1.85991047E-9,9.40000000E3,1.88601266E-9,9.50000000E3,1.86075795E-9,9.50000000E3,1.86221114E-9,9.60000000E3,1.88413550E-9,9.70000000E3,1.85872741E-9,9.70000000E3,1.86002418E-9,9.70000000E3,1.88643173E-9,6.10000000E3,2.15073576E-9,9.80000000E3,1.86260508E-9
4300.0,1.74853465e-09,4300.0,1.72129149e-09,4300.0,1.72708636e-09,4.40000000E3,1.75294319E-9,4.40000000E3,1.73267667E-9,4.50000000E3,1.73045248E-9,4.50000000E3,1.77004826E-9,4.60000000E3,1.74240090E-9,4.60000000E3,1.75268827E-9,4.60000000E3,1.79312838E-9,4.70000000E3,1.76751801E-9,4.70000000E3,1.77893253E-9,4.80000000E3,1.80911631E-9,4.80000000E3,1.79605276E-9,4.90000000E3,1.79692369E-9,4.90000000E3,1.83737669E-9,5.00000000E3,1.81386013E-9,5.00000000E3,1.82539272E-9,5.00000000E3,1.86474131E-9,5.10000000E3,1.84088412E-9,5.10000000E3,1.85158564E-9,5.20000000E3,1.87936122E-9,5.20000000E3,1.86553247E-9,5.30000000E3,1.86429523E-9,5.30000000E3,1.89970022E-9,5.40000000E3,1.87396916E-9,5.40000000E3,1.88191961E-9,5.50000000E3,1.90533193E-9,5.50000000E3,1.88866307E-9,5.50000000E3,1.89538621E-9,5.60000000E3,1.91700359E-9,5.70000000E3,1.88920165E-9,5.70000000E3,1.89476593E-9,5.70000000E3,1.92551639E-9,5.80000000E3,1.89710313E-9,5.80000000E3,1.90191533E-9,5.90000000E3,1.92169971E-9,5.90000000E3,1.90198864E-9,6.00000000E3,1.89710082E-9,6.00000000E3,1.92597136E-9,6.10000000E3,1.89692855E-9,6.10000000E3,1.90054722E-9,6.10000000E3,1.92894365E-9,6.20000000E3,1.89981304E-9,6.20000000E3,1.90319522E-9,6.30000000E3,1.92210968E-9,6.30000000E3,1.90116781E-9,6.40000000E3,1.89606892E-9,6.40000000E3,1.92359064E-9,6.50000000E3,1.89465382E-9,6.50000000E3,1.89744367E-9,6.60000000E3,1.91626358E-9,6.60000000E3,1.89503489E-9,6.70000000E3,1.89013476E-9,6.70000000E3,1.91704383E-9,6.80000000E3,1.88853962E-9,6.80000000E3,1.89107898E-9,6.80000000E3,1.91720990E-9,6.90000000E3,1.88853612E-9,6.90000000E3,1.89092640E-9,7.00000000E3,1.91024991E-9,7.10000000E3,1.88204102E-9,7.10000000E3,1.88436857E-9,7.10000000E3,1.91067033E-9,7.20000000E3,1.88268633E-9,7.20000000E3,1.88475550E-9,7.30000000E3,1.90416771E-9,7.30000000E3,1.88251229E-9,7.40000000E3,1.87823543E-9,7.40000000E3,1.90422736E-9,7.50000000E3,1.87650158E-9,7.50000000E3,1.87859020E-9,7.60000000E3,1.89840879E-9,7.60000000E3,1.87706505E-9,7.70000000E3,1.87300540E-9,7.70000000E3,1.89920910E-9,7.80000000E3,1.87175315E-9,7.80000000E3,1.87374902E-9,7.90000000E3,1.89372530E-9,7.90000000E3,1.87249802E-9,8.00000000E3,1.86839328E-9,8.00000000E3,1.89444131E-9,8.10000000E3,1.86699528E-9,8.10000000E3,1.86876886E-9,8.20000000E3,1.89086793E-9,8.30000000E3,1.86423353E-9,8.30000000E3,1.86600008E-9,8.30000000E3,1.89053590E-9,8.40000000E3,1.86413564E-9,8.40000000E3,1.86578342E-9,8.50000000E3,1.88633254E-9,8.50000000E3,1.86464720E-9,8.60000000E3,1.86134396E-9,8.60000000E3,1.88695884E-9,8.70000000E3,1.86066119E-9,8.70000000E3,1.86223207E-9,8.80000000E3,1.88332094E-9,8.80000000E3,1.86198279E-9,8.90000000E3,1.85893046E-9,8.90000000E3,1.88484025E-9,9.00000000E3,1.85866785E-9,9.00000000E3,1.86017567E-9,9.10000000E3,1.88148936E-9,9.10000000E3,1.86022468E-9,9.20000000E3,1.85738785E-9,9.20000000E3,1.88248188E-9,9.30000000E3,1.85672181E-9,9.30000000E3,1.85810721E-9,9.40000000E3,1.87984095E-9,9.50000000E3,1.85447500E-9,9.50000000E3,1.85587254E-9,9.50000000E3,1.88190242E-9,9.60000000E3,1.85670421E-9,9.60000000E3,1.85812647E-9,9.70000000E3,1.88030917E-9,9.80000000E3,1.85500706E-9,9.80000000E3,1.85627776E-9,9.80000000E3,1.88264589E-9,6.00000000E3,2.16705293E-9,9.90000000E3,1.85890113E-9
4400.0,1.73751992e-09,4400.0,1.71047921e-09,4400.0,1.71624925e-09,4.50000000E3,1.74199413E-9,4.50000000E3,1.72181958E-9,4.60000000E3,1.71990789E-9,4.60000000E3,1.75921077E-9,4.70000000E3,1.73220077E-9,4.70000000E3,1.74227581E-9,4.70000000E3,1.78199518E-9,4.80000000E3,1.75757875E-9,4.80000000E3,1.76865799E-9,4.90000000E3,1.79843753E-9,4.90000000E3,1.78530368E-9,5.00000000E3,1.78665540E-9,5.00000000E3,1.82644237E-9,5.10000000E3,1.80338860E-9,5.10000000E3,1.81473137E-9,5.10000000E3,1.85377118E-9,5.20000000E3,1.83026959E-9,5.20000000E3,1.84080724E-9,5.30000000E3,1.86885111E-9,5.30000000E3,1.85498658E-9,5.40000000E3,1.85365887E-9,5.40000000E3,1.88924390E-9,5.50000000E3,1.86393101E-9,5.50000000E3,1.87177453E-9,5.60000000E3,1.89529250E-9,5.60000000E3,1.87864753E-9,5.60000000E3,1.88528136E-9,5.70000000E3,1.90718791E-9,5.80000000E3,1.87983463E-9,5.80000000E3,1.88533013E-9,5.80000000E3,1.91597253E-9,5.90000000E3,1.88791236E-9,5.90000000E3,1.89265244E-9,6.00000000E3,1.91266427E-9,6.00000000E3,1.89298825E-9,6.10000000E3,1.88841469E-9,6.10000000E3,1.91711399E-9,6.20000000E3,1.88846770E-9,6.20000000E3,1.89201980E-9,6.20000000E3,1.92035311E-9,6.30000000E3,1.89151220E-9,6.30000000E3,1.89482051E-9,6.40000000E3,1.91397605E-9,6.40000000E3,1.89305887E-9,6.50000000E3,1.88815436E-9,6.50000000E3,1.91555141E-9,6.60000000E3,1.88688318E-9,6.60000000E3,1.88971643E-9,6.70000000E3,1.90872733E-9,6.70000000E3,1.88751046E-9,6.80000000E3,1.88281109E-9,6.80000000E3,1.90965480E-9,6.90000000E3,1.88133238E-9,6.90000000E3,1.88386720E-9,6.90000000E3,1.90999064E-9,7.00000000E3,1.88173620E-9,7.00000000E3,1.88404562E-9,7.10000000E3,1.90335294E-9,7.20000000E3,1.87538959E-9,7.20000000E3,1.87765628E-9,7.20000000E3,1.90388072E-9,7.30000000E3,1.87615201E-9,7.30000000E3,1.87831044E-9,7.40000000E3,1.89786968E-9,7.40000000E3,1.87621280E-9,7.50000000E3,1.87187431E-9,7.50000000E3,1.89789559E-9,7.60000000E3,1.87035271E-9,7.60000000E3,1.87233312E-9,7.70000000E3,1.89237692E-9,7.70000000E3,1.87100780E-9,7.80000000E3,1.86710127E-9,7.80000000E3,1.89301245E-9,7.90000000E3,1.86584941E-9,7.90000000E3,1.86773978E-9,8.00000000E3,1.88789503E-9,8.00000000E3,1.86652860E-9,8.10000000E3,1.86283381E-9,8.10000000E3,1.88852553E-9,8.20000000E3,1.86169701E-9,8.20000000E3,1.86341865E-9,8.30000000E3,1.88557197E-9,8.40000000E3,1.85922807E-9,8.40000000E3,1.86083871E-9,8.40000000E3,1.88531635E-9,8.50000000E3,1.85903211E-9,8.50000000E3,1.86076855E-9,8.60000000E3,1.88149828E-9,8.60000000E3,1.85980768E-9,8.70000000E3,1.85657380E-9,8.70000000E3,1.88216249E-9,8.80000000E3,1.85602294E-9,8.80000000E3,1.85755457E-9,8.90000000E3,1.87871361E-9,8.90000000E3,1.85737366E-9,9.00000000E3,1.85445000E-9,9.00000000E3,1.88010577E-9,9.10000000E3,1.85431274E-9,9.10000000E3,1.85578063E-9,9.20000000E3,1.87716541E-9,9.20000000E3,1.85589714E-9,9.30000000E3,1.85337807E-9,9.30000000E3,1.87825657E-9,9.40000000E3,1.85269042E-9,9.40000000E3,1.85404385E-9,9.50000000E3,1.87581707E-9,9.60000000E3,1.85057637E-9,9.60000000E3,1.85193213E-9,9.60000000E3,1.87786698E-9,9.70000000E3,1.85283063E-9,9.70000000E3,1.85422518E-9,9.80000000E3,1.87657610E-9,9.90000000E3,1.85140885E-9,9.90000000E3,1.85265192E-9,9.90000000E3,1.87895771E-9,5.90000000E3,2.18427005E-9,10.0000000E3,1.85531804E-9
4500.0,1.7269368e-09,4500.0,1.70011874e-09,4500.0,1.70582054e-09,4.60000000E3,1.73163301E-9,4.60000000E3,1.71153243E-9,4.70000000E3,1.70993126E-9,4.70000000E3,1.74904903E-9,4.80000000E3,1.72231084E-9,4.80000000E3,1.73215351E-9,4.80000000E3,1.77227781E-9,4.90000000E3,1.74742380E-9,4.90000000E3,1.75829219E-9,5.00000000E3,1.78845288E-9,5.00000000E3,1.77525037E-9,5.10000000E3,1.77633188E-9,5.10000000E3,1.81607672E-9,5.20000000E3,1.79330662E-9,5.20000000E3,1.80446195E-9,5.20000000E3,1.84323261E-9,5.30000000E3,1.82008877E-9,5.30000000E3,1.83053386E-9,5.40000000E3,1.85830158E-9,5.40000000E3,1.84445833E-9,5.50000000E3,1.84415322E-9,5.50000000E3,1.87919868E-9,5.60000000E3,1.85424491E-9,5.60000000E3,1.86198854E-9,5.70000000E3,1.88563396E-9,5.70000000E3,1.86901332E-9,5.70000000E3,1.87557238E-9,5.80000000E3,1.89777498E-9,5.90000000E3,1.87078043E-9,5.90000000E3,1.87620602E-9,5.90000000E3,1.90674571E-9,6.00000000E3,1.87905658E-9,6.00000000E3,1.88372526E-9,6.10000000E3,1.90401532E-9,6.10000000E3,1.88437133E-9,6.20000000E3,1.88003374E-9,6.20000000E3,1.90856928E-9,6.30000000E3,1.88028597E-9,6.30000000E3,1.88378631E-9,6.30000000E3,1.91202691E-9,6.40000000E3,1.88348496E-9,6.40000000E3,1.88672742E-9,6.50000000E3,1.90612216E-9,6.50000000E3,1.88521362E-9,6.60000000E3,1.88051793E-9,6.60000000E3,1.90776826E-9,6.70000000E3,1.87938984E-9,6.70000000E3,1.88218558E-9,6.80000000E3,1.90144998E-9,6.80000000E3,1.88024933E-9,6.90000000E3,1.87583118E-9,6.90000000E3,1.90244293E-9,7.00000000E3,1.87437039E-9,7.00000000E3,1.87683967E-9,7.00000000E3,1.90320822E-9,7.10000000E3,1.87500262E-9,7.10000000E3,1.87725394E-9,7.20000000E3,1.89669851E-9,7.30000000E3,1.86890884E-9,7.30000000E3,1.87112006E-9,7.30000000E3,1.89732666E-9,7.40000000E3,1.86979524E-9,7.40000000E3,1.87200261E-9,7.50000000E3,1.89139702E-9,7.50000000E3,1.86985820E-9,7.60000000E3,1.86608483E-9,7.60000000E3,1.89186896E-9,7.70000000E3,1.86448827E-9,7.70000000E3,1.86641159E-9,7.80000000E3,1.88662530E-9,7.80000000E3,1.86518639E-9,7.90000000E3,1.86143832E-9,7.90000000E3,1.88725635E-9,8.00000000E3,1.86035227E-9,8.00000000E3,1.86213980E-9,8.10000000E3,1.88284432E-9,8.10000000E3,1.86113800E-9,8.20000000E3,1.85761060E-9,8.20000000E3,1.88324116E-9,8.30000000E3,1.85657220E-9,8.30000000E3,1.85824675E-9,8.40000000E3,1.88090671E-9,8.50000000E3,1.85411755E-9,8.50000000E3,1.85580611E-9,8.50000000E3,1.88023144E-9,8.60000000E3,1.85410921E-9,8.60000000E3,1.85580202E-9,8.70000000E3,1.87673205E-9,8.70000000E3,1.85506779E-9,8.80000000E3,1.85199946E-9,8.80000000E3,1.87751934E-9,8.90000000E3,1.85151417E-9,8.90000000E3,1.85301138E-9,9.00000000E3,1.87460671E-9,9.00000000E3,1.85300406E-9,9.10000000E3,1.85011247E-9,9.10000000E3,1.87574232E-9,9.20000000E3,1.85006669E-9,9.20000000E3,1.85150263E-9,9.30000000E3,1.87353267E-9,9.30000000E3,1.85204450E-9,9.40000000E3,1.84938484E-9,9.40000000E3,1.87422532E-9,9.50000000E3,1.84876836E-9,9.50000000E3,1.85009281E-9,9.60000000E3,1.87192738E-9,9.70000000E3,1.84679842E-9,9.70000000E3,1.84812985E-9,9.70000000E3,1.87399997E-9,9.80000000E3,1.84908350E-9,9.80000000E3,1.85044884E-9,9.90000000E3,1.87290269E-9,10.0000000E3,1.84789569E-9,10.0000000E3,1.84911854E-9,10.0000000E3,1.87539396E-9,5.80000000E3,2.20263934E-9,50.0000000E3,1.71384020E-9
4600.0,1.71683959e-09,4600.0,1.69023678e-09,4600.0,1.69590799e-09,4.70000000E3,1.72176557E-9,4.70000000E3,1.70177077E-9,4.80000000E3,1.70021488E-9,4.80000000E3,1.73925272E-9,4.90000000E3,1.71285964E-9,4.90000000E3,1.72249425E-9,4.90000000E3,1.76216926E-9,5.00000000E3,1.73758459E-9,5.00000000E3,1.74823990E-9,5.10000000E3,1.77852207E-9,5.10000000E3,1.76516800E-9,5.20000000E3,1.76654936E-9,5.20000000E3,1.80606488E-9,5.30000000E3,1.78360798E-9,5.30000000E3,1.79455635E-9,5.30000000E3,1.83313137E-9,5.40000000E3,1.81101657E-9,5.40000000E3,1.82126208E-9,5.50000000E3,1.84912136E-9,5.50000000E3,1.83511051E-9,5.60000000E3,1.83458339E-9,5.60000000E3,1.86951076E-9,5.70000000E3,1.84499544E-9,5.70000000E3,1.85263757E-9,5.80000000E3,1.87641580E-9,5.80000000E3,1.85981083E-9,5.80000000E3,1.86627678E-9,5.90000000E3,1.88867588E-9,6.00000000E3,1.86201578E-9,6.00000000E3,1.86737219E-9,6.00000000E3,1.89785411E-9,6.10000000E3,1.87046250E-9,6.10000000E3,1.87506409E-9,6.20000000E3,1.89566200E-9,6.20000000E3,1.87605324E-9,6.30000000E3,1.87188638E-9,6.30000000E3,1.90030226E-9,6.40000000E3,1.87237997E-9,6.40000000E3,1.87584572E-9,6.40000000E3,1.90397054E-9,6.50000000E3,1.87570710E-9,6.50000000E3,1.87888394E-9,6.60000000E3,1.89850255E-9,6.60000000E3,1.87763688E-9,6.70000000E3,1.87314475E-9,6.70000000E3,1.90025911E-9,6.80000000E3,1.87215273E-9,6.80000000E3,1.87488627E-9,6.90000000E3,1.89450235E-9,6.90000000E3,1.87332647E-9,7.00000000E3,1.86901299E-9,7.00000000E3,1.89547385E-9,7.10000000E3,1.86764884E-9,7.10000000E3,1.87005844E-9,7.10000000E3,1.89646324E-9,7.20000000E3,1.86849941E-9,7.20000000E3,1.87069353E-9,7.30000000E3,1.89021886E-9,7.40000000E3,1.86267266E-9,7.40000000E3,1.86482632E-9,7.40000000E3,1.89098390E-9,7.50000000E3,1.86365694E-9,7.50000000E3,1.86560029E-9,7.60000000E3,1.88581706E-9,7.60000000E3,1.86416596E-9,7.70000000E3,1.86023219E-9,7.70000000E3,1.88601036E-9,7.80000000E3,1.85898059E-9,7.80000000E3,1.86081940E-9,7.90000000E3,1.88120624E-9,7.90000000E3,1.85962851E-9,8.00000000E3,1.85626609E-9,8.00000000E3,1.88189889E-9,8.10000000E3,1.85522567E-9,8.10000000E3,1.85710424E-9,8.20000000E3,1.87766505E-9,8.20000000E3,1.85595814E-9,8.30000000E3,1.85255928E-9,8.30000000E3,1.87812442E-9,8.40000000E3,1.85160535E-9,8.40000000E3,1.85324266E-9,8.50000000E3,1.87544954E-9,8.60000000E3,1.84919951E-9,8.60000000E3,1.85083919E-9,8.60000000E3,1.87531819E-9,8.70000000E3,1.84947765E-9,8.70000000E3,1.85114363E-9,8.80000000E3,1.87217210E-9,8.80000000E3,1.85052359E-9,8.90000000E3,1.84752005E-9,8.90000000E3,1.87300361E-9,9.00000000E3,1.84765178E-9,9.00000000E3,1.84920646E-9,9.10000000E3,1.87027994E-9,9.10000000E3,1.84869251E-9,9.20000000E3,1.84593366E-9,9.20000000E3,1.87149371E-9,9.30000000E3,1.84624171E-9,9.30000000E3,1.84771526E-9,9.40000000E3,1.86943718E-9,9.40000000E3,1.84808085E-9,9.50000000E3,1.84550296E-9,9.50000000E3,1.87030307E-9,9.60000000E3,1.84497789E-9,9.60000000E3,1.84627427E-9,9.70000000E3,1.86814929E-9,9.80000000E3,1.84313126E-9,9.80000000E3,1.84443739E-9,9.80000000E3,1.87024713E-9,9.90000000E3,1.84543757E-9,9.90000000E3,1.84677381E-9,10.0000000E3,1.86933427E-9,50.0000000E3,1.70761243E-9,50.0000000E3,1.70807522E-9,50.0000000E3,1.73378324E-9,5.70000000E3,2.22213192E-9,100.000000E3,1.72399411E-9
4700.0,1.70728825e-09,4700.0,1.68086301e-09,4700.0,1.68652564e-09,4.80000000E3,1.71208057E-9,4.80000000E3,1.69218603E-9,4.90000000E3,1.69104253E-9,4.90000000E3,1.72986636E-9,5.00000000E3,1.70376279E-9,5.00000000E3,1.71326696E-9,5.00000000E3,1.75241202E-9,5.10000000E3,1.72802974E-9,5.10000000E3,1.73849965E-9,5.20000000E3,1.76906884E-9,5.20000000E3,1.75560241E-9,5.30000000E3,1.75719695E-9,5.30000000E3,1.79638486E-9,5.40000000E3,1.77439579E-9,5.40000000E3,1.78516691E-9,5.40000000E3,1.82416100E-9,5.50000000E3,1.80147240E-9,5.50000000E3,1.81157363E-9,5.60000000E3,1.83963302E-9,5.60000000E3,1.82568130E-9,5.70000000E3,1.82531139E-9,5.70000000E3,1.86025152E-9,5.80000000E3,1.83591511E-9,5.80000000E3,1.84346221E-9,5.90000000E3,1.86748258E-9,5.90000000E3,1.85090116E-9,5.90000000E3,1.85727993E-9,6.00000000E3,1.87987247E-9,6.10000000E3,1.85357829E-9,6.10000000E3,1.85886976E-9,6.10000000E3,1.88922751E-9,6.20000000E3,1.86214091E-9,6.20000000E3,1.86667667E-9,6.30000000E3,1.88754117E-9,6.30000000E3,1.86796982E-9,6.40000000E3,1.86388443E-9,6.40000000E3,1.89248980E-9,6.50000000E3,1.86471680E-9,6.50000000E3,1.86814088E-9,6.50000000E3,1.89617325E-9,6.60000000E3,1.86821034E-9,6.60000000E3,1.87133417E-9,6.70000000E3,1.89110575E-9,6.70000000E3,1.87032421E-9,6.80000000E3,1.86600362E-9,6.80000000E3,1.89300494E-9,6.90000000E3,1.86499382E-9,6.90000000E3,1.86767090E-9,7.00000000E3,1.88774034E-9,7.00000000E3,1.86657039E-9,7.10000000E3,1.86244553E-9,7.10000000E3,1.88874399E-9,7.20000000E3,1.86116157E-9,7.20000000E3,1.86351418E-9,7.20000000E3,1.88994818E-9,7.30000000E3,1.86219681E-9,7.30000000E3,1.86433700E-9,7.40000000E3,1.88398709E-9,7.50000000E3,1.85667882E-9,7.50000000E3,1.85880627E-9,7.50000000E3,1.88484757E-9,7.60000000E3,1.85762728E-9,7.60000000E3,1.85972396E-9,7.70000000E3,1.87987347E-9,7.70000000E3,1.85837842E-9,7.80000000E3,1.85489906E-9,7.80000000E3,1.88058770E-9,7.90000000E3,1.85380522E-9,7.90000000E3,1.85563705E-9,8.00000000E3,1.87598154E-9,8.00000000E3,1.85455578E-9,8.10000000E3,1.85058826E-9,8.10000000E3,1.87640161E-9,8.20000000E3,1.84998974E-9,8.20000000E3,1.85182256E-9,8.30000000E3,1.87250943E-9,8.30000000E3,1.85094729E-9,8.40000000E3,1.84759503E-9,8.40000000E3,1.87314106E-9,8.50000000E3,1.84694170E-9,8.50000000E3,1.84854240E-9,8.60000000E3,1.87056021E-9,8.70000000E3,1.84465028E-9,8.70000000E3,1.84626929E-9,8.70000000E3,1.87065332E-9,8.80000000E3,1.84490568E-9,8.80000000E3,1.84653778E-9,8.90000000E3,1.86770793E-9,8.90000000E3,1.84607468E-9,9.00000000E3,1.84310462E-9,9.00000000E3,1.86879605E-9,9.10000000E3,1.84338897E-9,9.10000000E3,1.84493517E-9,9.20000000E3,1.86612616E-9,9.20000000E3,1.84454253E-9,9.30000000E3,1.84178900E-9,9.30000000E3,1.86744902E-9,9.40000000E3,1.84219903E-9,9.40000000E3,1.84364098E-9,9.50000000E3,1.86545168E-9,9.50000000E3,1.84422789E-9,9.60000000E3,1.84177717E-9,9.60000000E3,1.86652194E-9,9.70000000E3,1.84131395E-9,9.70000000E3,1.84258693E-9,9.80000000E3,1.86447429E-9,9.90000000E3,1.83956876E-9,9.90000000E3,1.84084901E-9,9.90000000E3,1.86660267E-9,10.0000000E3,1.84191404E-9,10.0000000E3,1.84322884E-9,50.0000000E3,1.72805025E-9,100.000000E3,1.71751582E-9,100.000000E3,1.71800653E-9,100.000000E3,1.74384144E-9, , , , 
4800.0,1.6977806e-09,4800.0,1.67158195e-09,4800.0,1.67715108e-09,4.90000000E3,1.70297873E-9,4.90000000E3,1.68306223E-9,5.00000000E3,1.68217630E-9,5.00000000E3,1.72082764E-9,5.10000000E3,1.69489361E-9,5.10000000E3,1.70421077E-9,5.10000000E3,1.74299582E-9,5.20000000E3,1.71893248E-9,5.20000000E3,1.72933618E-9,5.30000000E3,1.75996932E-9,5.30000000E3,1.74643710E-9,5.40000000E3,1.74820297E-9,5.40000000E3,1.78720701E-9,5.50000000E3,1.76493950E-9,5.50000000E3,1.77553319E-9,5.50000000E3,1.81469212E-9,5.60000000E3,1.79238363E-9,5.60000000E3,1.80229772E-9,5.70000000E3,1.83051835E-9,5.70000000E3,1.81653225E-9,5.80000000E3,1.81643891E-9,5.80000000E3,1.85115446E-9,5.90000000E3,1.82715867E-9,5.90000000E3,1.83462135E-9,6.00000000E3,1.85884997E-9,6.00000000E3,1.84227910E-9,6.00000000E3,1.84858430E-9,6.10000000E3,1.87139564E-9,6.20000000E3,1.84543127E-9,6.20000000E3,1.85066083E-9,6.20000000E3,1.88087076E-9,6.30000000E3,1.85412583E-9,6.30000000E3,1.85860377E-9,6.40000000E3,1.87956326E-9,6.40000000E3,1.86002560E-9,6.50000000E3,1.85627326E-9,6.50000000E3,1.88465821E-9,6.60000000E3,1.85730554E-9,6.60000000E3,1.86069691E-9,6.60000000E3,1.88864536E-9,6.70000000E3,1.86095553E-9,6.70000000E3,1.86402059E-9,6.80000000E3,1.88391730E-9,6.80000000E3,1.86322864E-9,6.90000000E3,1.85912761E-9,6.90000000E3,1.88584287E-9,7.00000000E3,1.85821864E-9,7.00000000E3,1.86083617E-9,7.10000000E3,1.88121992E-9,7.10000000E3,1.86006239E-9,7.20000000E3,1.85602327E-9,7.20000000E3,1.88225426E-9,7.30000000E3,1.85487143E-9,7.30000000E3,1.85717178E-9,7.30000000E3,1.88354235E-9,7.40000000E3,1.85614548E-9,7.40000000E3,1.85823528E-9,7.50000000E3,1.87791840E-9,7.60000000E3,1.85074729E-9,7.60000000E3,1.85279189E-9,7.60000000E3,1.87881886E-9,7.70000000E3,1.85188665E-9,7.70000000E3,1.85392876E-9,7.80000000E3,1.87402482E-9,7.80000000E3,1.85287652E-9,7.90000000E3,1.84908174E-9,7.90000000E3,1.87493866E-9,8.00000000E3,1.84816648E-9,8.00000000E3,1.85006300E-9,8.10000000E3,1.87008430E-9,8.10000000E3,1.84876106E-9,8.20000000E3,1.84541860E-9,8.20000000E3,1.87117191E-9,8.30000000E3,1.84482226E-9,8.30000000E3,1.84661296E-9,8.40000000E3,1.86752634E-9,8.40000000E3,1.84601489E-9,8.50000000E3,1.84280800E-9,8.50000000E3,1.86847039E-9,8.60000000E3,1.84224584E-9,8.60000000E3,1.84380816E-9,8.70000000E3,1.86596344E-9,8.80000000E3,1.84011606E-9,8.80000000E3,1.84170221E-9,8.80000000E3,1.86607431E-9,8.90000000E3,1.84049503E-9,8.90000000E3,1.84209439E-9,9.00000000E3,1.86288587E-9,9.00000000E3,1.84158717E-9,9.10000000E3,1.83885783E-9,9.10000000E3,1.86452266E-9,9.20000000E3,1.83918410E-9,9.20000000E3,1.84069652E-9,9.30000000E3,1.86167986E-9,9.30000000E3,1.84035792E-9,9.40000000E3,1.83781069E-9,9.40000000E3,1.86340850E-9,9.50000000E3,1.83828426E-9,9.50000000E3,1.83969480E-9,9.60000000E3,1.86152480E-9,9.60000000E3,1.84042490E-9,9.70000000E3,1.83806204E-9,9.70000000E3,1.86285760E-9,9.80000000E3,1.83770225E-9,9.80000000E3,1.83894958E-9,9.90000000E3,1.86091149E-9,10.0000000E3,1.83609340E-9,10.0000000E3,1.83735296E-9,10.0000000E3,1.86307054E-9,50.0000000E3,1.70203040E-9,50.0000000E3,1.70248244E-9,100.000000E3,1.73790939E-9, , , , , , , , , , 
4900.0,1.6886793e-09,4900.0,1.662656e-09,4900.0,1.66821583e-09,5.00000000E3,1.69417793E-9,5.00000000E3,1.67424895E-9,5.10000000E3,1.67356789E-9,5.10000000E3,1.71195525E-9,5.20000000E3,1.68625476E-9,5.20000000E3,1.69547551E-9,5.20000000E3,1.73400834E-9,5.30000000E3,1.71029730E-9,5.30000000E3,1.72053796E-9,5.40000000E3,1.75136237E-9,5.40000000E3,1.73766522E-9,5.50000000E3,1.73963827E-9,5.50000000E3,1.77777087E-9,5.60000000E3,1.75624071E-9,5.60000000E3,1.76670044E-9,5.60000000E3,1.80564802E-9,5.70000000E3,1.78343935E-9,5.70000000E3,1.79324452E-9,5.80000000E3,1.82182149E-9,5.80000000E3,1.80777856E-9,5.90000000E3,1.80782029E-9,5.90000000E3,1.84239274E-9,6.00000000E3,1.81875876E-9,6.00000000E3,1.82613025E-9,6.10000000E3,1.85051996E-9,6.10000000E3,1.83396369E-9,6.10000000E3,1.84019218E-9,6.20000000E3,1.86321055E-9,6.30000000E3,1.83755303E-9,6.30000000E3,1.84272437E-9,6.30000000E3,1.87282645E-9,6.40000000E3,1.84635419E-9,6.40000000E3,1.85077084E-9,6.50000000E3,1.87197192E-9,6.50000000E3,1.85247158E-9,6.60000000E3,1.84890943E-9,6.60000000E3,1.87722362E-9,6.70000000E3,1.85017009E-9,6.70000000E3,1.85354095E-9,6.70000000E3,1.88136721E-9,6.80000000E3,1.85394180E-9,6.80000000E3,1.85695330E-9,6.90000000E3,1.87701711E-9,6.90000000E3,1.85640594E-9,7.00000000E3,1.85245067E-9,7.00000000E3,1.87905378E-9,7.10000000E3,1.85169203E-9,7.10000000E3,1.85425704E-9,7.20000000E3,1.87474805E-9,7.20000000E3,1.85369171E-9,7.30000000E3,1.84981718E-9,7.30000000E3,1.87595899E-9,7.40000000E3,1.84881936E-9,7.40000000E3,1.85106212E-9,7.40000000E3,1.87735197E-9,7.50000000E3,1.84993307E-9,7.50000000E3,1.85200878E-9,7.60000000E3,1.87205097E-9,7.70000000E3,1.84509290E-9,7.70000000E3,1.84708321E-9,7.70000000E3,1.87308707E-9,7.80000000E3,1.84618868E-9,7.80000000E3,1.84814526E-9,7.90000000E3,1.86844884E-9,7.90000000E3,1.84717062E-9,8.00000000E3,1.84361265E-9,8.00000000E3,1.86939570E-9,8.10000000E3,1.84262973E-9,8.10000000E3,1.84439238E-9,8.20000000E3,1.86496135E-9,8.20000000E3,1.84363842E-9,8.30000000E3,1.84042409E-9,8.30000000E3,1.86602129E-9,8.40000000E3,1.84003965E-9,8.40000000E3,1.84179479E-9,8.50000000E3,1.86265358E-9,8.50000000E3,1.84126278E-9,8.60000000E3,1.83815197E-9,8.60000000E3,1.86376480E-9,8.70000000E3,1.83764884E-9,8.70000000E3,1.83918981E-9,8.80000000E3,1.86142029E-9,8.90000000E3,1.83572248E-9,8.90000000E3,1.83727698E-9,8.90000000E3,1.86165561E-9,9.00000000E3,1.83590609E-9,9.00000000E3,1.83737786E-9,9.10000000E3,1.85866905E-9,9.10000000E3,1.83737238E-9,9.20000000E3,1.83472531E-9,9.20000000E3,1.86032217E-9,9.30000000E3,1.83480180E-9,9.30000000E3,1.83618370E-9,9.40000000E3,1.85772747E-9,9.40000000E3,1.83640753E-9,9.50000000E3,1.83395011E-9,9.50000000E3,1.85949658E-9,9.60000000E3,1.83444741E-9,9.60000000E3,1.83582762E-9,9.70000000E3,1.85777330E-9,9.70000000E3,1.83666648E-9,9.80000000E3,1.83436540E-9,9.80000000E3,1.85922761E-9,9.90000000E3,1.83421736E-9,9.90000000E3,1.83543928E-9,10.0000000E3,1.85742534E-9,50.0000000E3,1.69666754E-9,50.0000000E3,1.69710640E-9,50.0000000E3,1.72248795E-9,100.000000E3,1.71177813E-9,100.000000E3,1.71225743E-9, , , , , , , , , , , , 
5000.0,1.6798745e-09,5000.0,1.65401578e-09,5000.0,1.65955414e-09,5.10000000E3,1.68564039E-9,5.10000000E3,1.66576969E-9,5.20000000E3,1.66532019E-9,5.20000000E3,1.70335543E-9,5.30000000E3,1.67783845E-9,5.30000000E3,1.68707873E-9,5.30000000E3,1.72541923E-9,5.40000000E3,1.70174564E-9,5.40000000E3,1.71206703E-9,5.50000000E3,1.74304582E-9,5.50000000E3,1.72926241E-9,5.60000000E3,1.73133494E-9,5.60000000E3,1.76914481E-9,5.70000000E3,1.74780831E-9,5.70000000E3,1.75810359E-9,5.70000000E3,1.79675169E-9,5.80000000E3,1.77513137E-9,5.80000000E3,1.78482571E-9,5.90000000E3,1.81331372E-9,5.90000000E3,1.79926485E-9,6.00000000E3,1.79955667E-9,6.00000000E3,1.83398463E-9,6.10000000E3,1.81062274E-9,6.10000000E3,1.81791003E-9,6.20000000E3,1.84246422E-9,6.20000000E3,1.82592511E-9,6.20000000E3,1.83207761E-9,6.30000000E3,1.85529949E-9,6.40000000E3,1.82994159E-9,6.40000000E3,1.83505070E-9,6.40000000E3,1.86502401E-9,6.50000000E3,1.83887102E-9,6.50000000E3,1.84323442E-9,6.60000000E3,1.86462471E-9,6.60000000E3,1.84516331E-9,6.70000000E3,1.84175706E-9,6.70000000E3,1.87006869E-9,6.80000000E3,1.84321607E-9,6.80000000E3,1.84646525E-9,6.80000000E3,1.87432601E-9,6.90000000E3,1.84712509E-9,6.90000000E3,1.85008431E-9,7.00000000E3,1.87033401E-9,7.00000000E3,1.84978375E-9,7.10000000E3,1.84601075E-9,7.10000000E3,1.87250820E-9,7.20000000E3,1.84536944E-9,7.20000000E3,1.84788384E-9,7.30000000E3,1.86849358E-9,7.30000000E3,1.84753464E-9,7.40000000E3,1.84383925E-9,7.40000000E3,1.86990010E-9,7.50000000E3,1.84289417E-9,7.50000000E3,1.84510479E-9,7.50000000E3,1.87122770E-9,7.60000000E3,1.84426815E-9,7.60000000E3,1.84630225E-9,7.70000000E3,1.86639131E-9,7.80000000E3,1.83977408E-9,7.80000000E3,1.84170034E-9,7.80000000E3,1.86746491E-9,7.90000000E3,1.84081739E-9,7.90000000E3,1.84268170E-9,8.00000000E3,1.86313580E-9,8.00000000E3,1.84177419E-9,8.10000000E3,1.83868566E-9,8.10000000E3,1.86407944E-9,8.20000000E3,1.83760954E-9,8.20000000E3,1.83932719E-9,8.30000000E3,1.86000561E-9,8.30000000E3,1.83868694E-9,8.40000000E3,1.83557295E-9,8.40000000E3,1.86121451E-9,8.50000000E3,1.83517332E-9,8.50000000E3,1.83688747E-9,8.60000000E3,1.85791423E-9,8.60000000E3,1.83664059E-9,8.70000000E3,1.83356881E-9,8.70000000E3,1.85912634E-9,8.80000000E3,1.83322547E-9,8.80000000E3,1.83473671E-9,8.90000000E3,1.85701740E-9,9.00000000E3,1.83167127E-9,9.00000000E3,1.83310052E-9,9.00000000E3,1.85733342E-9,9.10000000E3,1.83175882E-9,9.10000000E3,1.83320070E-9,9.20000000E3,1.85457508E-9,9.20000000E3,1.83327316E-9,9.30000000E3,1.83089386E-9,9.30000000E3,1.85625254E-9,9.40000000E3,1.83092446E-9,9.40000000E3,1.83228164E-9,9.50000000E3,1.85389012E-9,9.50000000E3,1.83257157E-9,9.60000000E3,1.83018126E-9,9.60000000E3,1.85567796E-9,9.70000000E3,1.83074370E-9,9.70000000E3,1.83209964E-9,9.80000000E3,1.85411129E-9,9.80000000E3,1.83300072E-9,9.90000000E3,1.83081906E-9,9.90000000E3,1.85573682E-9,10.0000000E3,1.83075266E-9,10.0000000E3,1.83195404E-9,50.0000000E3,1.71714564E-9,100.000000E3,1.70617620E-9,100.000000E3,1.70664191E-9,100.000000E3,1.73219370E-9, , , , , , , , , , , , , , , , 
5100.0,1.67134755e-09,5100.0,1.6457023e-09,5100.0,1.65120696e-09,5.20000000E3,1.67743185E-9,5.20000000E3,1.65756281E-9,5.30000000E3,1.65745114E-9,5.30000000E3,1.69507674E-9,5.40000000E3,1.66964261E-9,5.40000000E3,1.67901088E-9,5.40000000E3,1.71707210E-9,5.50000000E3,1.69372587E-9,5.50000000E3,1.70395989E-9,5.60000000E3,1.73468827E-9,5.60000000E3,1.72103639E-9,5.70000000E3,1.72332909E-9,5.70000000E3,1.76074822E-9,5.80000000E3,1.73985462E-9,5.80000000E3,1.75000464E-9,5.80000000E3,1.78848774E-9,5.90000000E3,1.76699262E-9,5.90000000E3,1.77656797E-9,6.00000000E3,1.80522195E-9,6.00000000E3,1.79113819E-9,6.10000000E3,1.79148478E-9,6.10000000E3,1.82584829E-9,6.20000000E3,1.80275773E-9,6.20000000E3,1.80996569E-9,6.30000000E3,1.83468216E-9,6.30000000E3,1.81815609E-9,6.30000000E3,1.82423760E-9,6.40000000E3,1.84766407E-9,6.50000000E3,1.82257919E-9,6.50000000E3,1.82763327E-9,6.50000000E3,1.85751021E-9,6.60000000E3,1.83164509E-9,6.60000000E3,1.83595158E-9,6.70000000E3,1.85746097E-9,6.70000000E3,1.83805080E-9,6.80000000E3,1.83485210E-9,6.80000000E3,1.86311040E-9,6.90000000E3,1.83667611E-9,6.90000000E3,1.83994622E-9,6.90000000E3,1.86748123E-9,7.00000000E3,1.84051795E-9,7.00000000E3,1.84342675E-9,7.10000000E3,1.86388051E-9,7.10000000E3,1.84338830E-9,7.20000000E3,1.83976025E-9,7.20000000E3,1.86617053E-9,7.30000000E3,1.83924714E-9,7.30000000E3,1.84171370E-9,7.40000000E3,1.86246270E-9,7.40000000E3,1.84160360E-9,7.50000000E3,1.83790989E-9,7.50000000E3,1.86392780E-9,7.60000000E3,1.83705513E-9,7.60000000E3,1.83920793E-9,7.60000000E3,1.86527586E-9,7.70000000E3,1.83859433E-9,7.70000000E3,1.84071171E-9,7.80000000E3,1.86110758E-9,7.90000000E3,1.83450169E-9,7.90000000E3,1.83651369E-9,7.90000000E3,1.86221587E-9,8.00000000E3,1.83587638E-9,8.00000000E3,1.83765706E-9,8.10000000E3,1.85815158E-9,8.10000000E3,1.83697968E-9,8.20000000E3,1.83376950E-9,8.20000000E3,1.85905604E-9,8.30000000E3,1.83274550E-9,8.30000000E3,1.83442549E-9,8.40000000E3,1.85517500E-9,8.40000000E3,1.83387252E-9,8.50000000E3,1.83086364E-9,8.50000000E3,1.85635838E-9,8.60000000E3,1.83054007E-9,8.60000000E3,1.83221416E-9,8.70000000E3,1.85340297E-9,8.70000000E3,1.83208253E-9,8.80000000E3,1.82934708E-9,8.80000000E3,1.85468522E-9,8.90000000E3,1.82895099E-9,8.90000000E3,1.83043402E-9,9.00000000E3,1.85322276E-9,9.10000000E3,1.82758057E-9,9.10000000E3,1.82897891E-9,9.10000000E3,1.85317501E-9,9.20000000E3,1.82773970E-9,9.20000000E3,1.82914576E-9,9.30000000E3,1.85112327E-9,9.30000000E3,1.82956220E-9,9.40000000E3,1.82702306E-9,9.40000000E3,1.85236681E-9,9.50000000E3,1.82714412E-9,9.50000000E3,1.82847573E-9,9.60000000E3,1.85016770E-9,9.60000000E3,1.82883522E-9,9.70000000E3,1.82652675E-9,9.70000000E3,1.85197787E-9,9.80000000E3,1.82716217E-9,9.80000000E3,1.82848272E-9,9.90000000E3,1.85059284E-9,9.90000000E3,1.82948158E-9,10.0000000E3,1.82728661E-9,10.0000000E3,1.85225394E-9,50.0000000E3,1.69132222E-9,50.0000000E3,1.69175171E-9,100.000000E3,1.72661410E-9, , , , , , , , , , , , , , , , , , , , , , 
5200.0,1.66309509e-09,5200.0,1.63770146e-09,5200.0,1.64312348e-09,5.30000000E3,1.66958838E-9,5.30000000E3,1.64963584E-9,5.40000000E3,1.65008313E-9,5.40000000E3,1.68698835E-9,5.50000000E3,1.66245145E-9,5.50000000E3,1.67174951E-9,5.50000000E3,1.70910938E-9,5.60000000E3,1.68622109E-9,5.60000000E3,1.69588296E-9,5.70000000E3,1.72690008E-9,5.70000000E3,1.71318687E-9,5.80000000E3,1.71554338E-9,5.80000000E3,1.75284907E-9,5.90000000E3,1.73213786E-9,5.90000000E3,1.74214484E-9,5.90000000E3,1.78038099E-9,6.00000000E3,1.75917894E-9,6.00000000E3,1.76861650E-9,6.10000000E3,1.79729183E-9,6.10000000E3,1.78317206E-9,6.20000000E3,1.78368486E-9,6.20000000E3,1.81799266E-9,6.30000000E3,1.79513969E-9,6.30000000E3,1.80226951E-9,6.40000000E3,1.82714969E-9,6.40000000E3,1.81064054E-9,6.40000000E3,1.81665694E-9,6.50000000E3,1.84026735E-9,6.60000000E3,1.81545554E-9,6.60000000E3,1.82045602E-9,6.60000000E3,1.85026142E-9,6.70000000E3,1.82462889E-9,6.70000000E3,1.82888441E-9,6.80000000E3,1.85056997E-9,6.80000000E3,1.83119440E-9,6.90000000E3,1.82830297E-9,6.90000000E3,1.85653136E-9,7.00000000E3,1.83020705E-9,7.00000000E3,1.83342643E-9,7.00000000E3,1.86084683E-9,7.10000000E3,1.83412260E-9,7.10000000E3,1.83698602E-9,7.20000000E3,1.85762384E-9,7.20000000E3,1.83714313E-9,7.30000000E3,1.83368708E-9,7.30000000E3,1.86002728E-9,7.40000000E3,1.83339162E-9,7.40000000E3,1.83579712E-9,7.50000000E3,1.85663045E-9,7.50000000E3,1.83570383E-9,7.60000000E3,1.83216822E-9,7.60000000E3,1.85811009E-9,7.70000000E3,1.83145569E-9,7.70000000E3,1.83355229E-9,7.70000000E3,1.85960066E-9,7.80000000E3,1.83303627E-9,7.80000000E3,1.83508685E-9,7.90000000E3,1.85555571E-9,8.00000000E3,1.82923265E-9,8.00000000E3,1.83116733E-9,8.00000000E3,1.85699856E-9,8.10000000E3,1.83050914E-9,8.10000000E3,1.83238931E-9,8.20000000E3,1.85312240E-9,8.20000000E3,1.83207854E-9,8.30000000E3,1.82884817E-9,8.30000000E3,1.85418510E-9,8.40000000E3,1.82798816E-9,8.40000000E3,1.82963951E-9,8.50000000E3,1.85048750E-9,8.50000000E3,1.82919841E-9,8.60000000E3,1.82627930E-9,8.60000000E3,1.85172246E-9,8.70000000E3,1.82616976E-9,8.70000000E3,1.82782262E-9,8.80000000E3,1.84914800E-9,8.80000000E3,1.82789215E-9,8.90000000E3,1.82508240E-9,8.90000000E3,1.85039587E-9,9.00000000E3,1.82474570E-9,9.00000000E3,1.82620004E-9,9.10000000E3,1.84912367E-9,9.20000000E3,1.82356542E-9,9.20000000E3,1.82493053E-9,9.20000000E3,1.84915217E-9,9.30000000E3,1.82401660E-9,9.30000000E3,1.82549127E-9,9.40000000E3,1.84726558E-9,9.40000000E3,1.82571707E-9,9.50000000E3,1.82327260E-9,9.50000000E3,1.84857907E-9,9.60000000E3,1.82345550E-9,9.60000000E3,1.82475613E-9,9.70000000E3,1.84653482E-9,9.70000000E3,1.82521083E-9,9.80000000E3,1.82298570E-9,9.80000000E3,1.84839213E-9,9.90000000E3,1.82368850E-9,9.90000000E3,1.82498699E-9,10.0000000E3,1.84709077E-9,10.0000000E3,1.82597571E-9,50.0000000E3,1.68643452E-9,50.0000000E3,1.71180634E-9,100.000000E3,1.70070915E-9,100.000000E3,1.70116893E-9, , , , , , , , , , , , , , , , , , , , , , , , 
5300.0,1.65510227e-09,5300.0,1.62996271e-09,5300.0,1.63528833e-09,5.40000000E3,1.66228558E-9,5.40000000E3,1.64230878E-9,5.50000000E3,1.64256040E-9,5.50000000E3,1.67965747E-9,5.60000000E3,1.65457489E-9,5.60000000E3,1.66375260E-9,5.60000000E3,1.70139106E-9,5.70000000E3,1.67872211E-9,5.70000000E3,1.68824000E-9,5.80000000E3,1.71934777E-9,5.80000000E3,1.70556690E-9,5.90000000E3,1.70806710E-9,5.90000000E3,1.74519710E-9,6.00000000E3,1.72546996E-9,6.00000000E3,1.73531961E-9,6.00000000E3,1.77260105E-9,6.10000000E3,1.75154625E-9,6.10000000E3,1.76085513E-9,6.20000000E3,1.78957977E-9,6.20000000E3,1.77545337E-9,6.30000000E3,1.77612979E-9,6.30000000E3,1.81037374E-9,6.40000000E3,1.78780011E-9,6.40000000E3,1.79484263E-9,6.50000000E3,1.81989000E-9,6.50000000E3,1.80338901E-9,6.50000000E3,1.80933718E-9,6.60000000E3,1.83311319E-9,6.70000000E3,1.80856698E-9,6.70000000E3,1.81351612E-9,6.70000000E3,1.84321727E-9,6.80000000E3,1.81783177E-9,6.80000000E3,1.82203810E-9,6.90000000E3,1.84402537E-9,6.90000000E3,1.82468790E-9,7.00000000E3,1.82187917E-9,7.00000000E3,1.85003920E-9,7.10000000E3,1.82389736E-9,7.10000000E3,1.82706978E-9,7.10000000E3,1.85442462E-9,7.20000000E3,1.82792856E-9,7.20000000E3,1.83074861E-9,7.30000000E3,1.85155181E-9,7.30000000E3,1.83108702E-9,7.40000000E3,1.82783479E-9,7.40000000E3,1.85416261E-9,7.50000000E3,1.82775973E-9,7.50000000E3,1.83014113E-9,7.60000000E3,1.85070697E-9,7.60000000E3,1.82991463E-9,7.70000000E3,1.82662343E-9,7.70000000E3,1.85251519E-9,7.80000000E3,1.82622029E-9,7.80000000E3,1.82825786E-9,7.80000000E3,1.85408191E-9,7.90000000E3,1.82757319E-9,7.90000000E3,1.82954973E-9,8.00000000E3,1.85035604E-9,8.10000000E3,1.82409307E-9,8.10000000E3,1.82593009E-9,8.10000000E3,1.85166009E-9,8.20000000E3,1.82554552E-9,8.20000000E3,1.82738204E-9,8.30000000E3,1.84813070E-9,8.30000000E3,1.82707117E-9,8.40000000E3,1.82412927E-9,8.40000000E3,1.84940901E-9,8.50000000E3,1.82339216E-9,8.50000000E3,1.82500725E-9,8.60000000E3,1.84593240E-9,8.60000000E3,1.82464827E-9,8.70000000E3,1.82183766E-9,8.70000000E3,1.84732965E-9,8.80000000E3,1.82181486E-9,8.80000000E3,1.82343382E-9,8.90000000E3,1.84484194E-9,8.90000000E3,1.82365512E-9,9.00000000E3,1.82092998E-9,9.00000000E3,1.84617815E-9,9.10000000E3,1.82069493E-9,9.10000000E3,1.82212169E-9,9.20000000E3,1.84509732E-9,9.30000000E3,1.81939388E-9,9.30000000E3,1.82082950E-9,9.30000000E3,1.84514181E-9,9.40000000E3,1.82016700E-9,9.40000000E3,1.82161357E-9,9.50000000E3,1.84348797E-9,9.50000000E3,1.82199162E-9,9.60000000E3,1.81968521E-9,9.60000000E3,1.84488304E-9,9.70000000E3,1.81989326E-9,9.70000000E3,1.82117293E-9,9.80000000E3,1.84302115E-9,9.80000000E3,1.82169675E-9,9.90000000E3,1.81955600E-9,9.90000000E3,1.84492153E-9,10.0000000E3,1.82028699E-9,10.0000000E3,1.82156006E-9,50.0000000E3,1.70648334E-9,50.0000000E3,1.68600371E-9,100.000000E3,1.69582385E-9,100.000000E3,1.72117238E-9, , , , , , , , , , , , , , , , , , , , , , , , , , , , 
5400.0,1.64732573e-09,5400.0,1.62249985e-09,5400.0,1.62769415e-09,5.50000000E3,1.65480862E-9,5.50000000E3,1.63480545E-9,5.60000000E3,1.63530717E-9,5.60000000E3,1.67195152E-9,5.70000000E3,1.64780209E-9,5.70000000E3,1.65690643E-9,5.70000000E3,1.69394912E-9,5.80000000E3,1.67139628E-9,5.80000000E3,1.68087328E-9,5.90000000E3,1.71208947E-9,5.90000000E3,1.69824292E-9,6.00000000E3,1.70091209E-9,6.00000000E3,1.73860495E-9,6.10000000E3,1.71810675E-9,6.10000000E3,1.72781624E-9,6.10000000E3,1.76504982E-9,6.20000000E3,1.74419053E-9,6.20000000E3,1.75338661E-9,6.30000000E3,1.78213188E-9,6.30000000E3,1.76798985E-9,6.40000000E3,1.76886350E-9,6.40000000E3,1.80301619E-9,6.50000000E3,1.78069264E-9,6.50000000E3,1.78767487E-9,6.60000000E3,1.81297343E-9,6.60000000E3,1.79649033E-9,6.60000000E3,1.80237489E-9,6.70000000E3,1.82619988E-9,6.80000000E3,1.80189518E-9,6.80000000E3,1.80679312E-9,6.80000000E3,1.83639262E-9,6.90000000E3,1.81125885E-9,6.90000000E3,1.81541477E-9,7.00000000E3,1.83761660E-9,7.00000000E3,1.81831221E-9,7.10000000E3,1.81561161E-9,7.10000000E3,1.84370380E-9,7.20000000E3,1.81765653E-9,7.20000000E3,1.82079289E-9,7.20000000E3,1.84820652E-9,7.30000000E3,1.82192666E-9,7.30000000E3,1.82470181E-9,7.40000000E3,1.84570044E-9,7.40000000E3,1.82524842E-9,7.50000000E3,1.82202966E-9,7.50000000E3,1.84847821E-9,7.60000000E3,1.82202680E-9,7.60000000E3,1.82434758E-9,7.70000000E3,1.84517072E-9,7.70000000E3,1.82438880E-9,7.80000000E3,1.82106195E-9,7.80000000E3,1.84730793E-9,7.90000000E3,1.82096432E-9,7.90000000E3,1.82305644E-9,7.90000000E3,1.84869770E-9,8.00000000E3,1.82253595E-9,8.00000000E3,1.82444531E-9,8.10000000E3,1.84532634E-9,8.20000000E3,1.81924052E-9,8.20000000E3,1.82104014E-9,8.20000000E3,1.84669564E-9,8.30000000E3,1.82074278E-9,8.30000000E3,1.82253699E-9,8.40000000E3,1.84339439E-9,8.40000000E3,1.82234237E-9,8.50000000E3,1.81950011E-9,8.50000000E3,1.84480270E-9,8.60000000E3,1.81891367E-9,8.60000000E3,1.82049575E-9,8.70000000E3,1.84150274E-9,8.70000000E3,1.82023812E-9,8.80000000E3,1.81752264E-9,8.80000000E3,1.84296961E-9,8.90000000E3,1.81758466E-9,8.90000000E3,1.81916967E-9,9.00000000E3,1.84064729E-9,9.00000000E3,1.81952957E-9,9.10000000E3,1.81691047E-9,9.10000000E3,1.84211641E-9,9.20000000E3,1.81672186E-9,9.20000000E3,1.81812699E-9,9.30000000E3,1.84064298E-9,9.40000000E3,1.81557631E-9,9.40000000E3,1.81698597E-9,9.40000000E3,1.84128732E-9,9.50000000E3,1.81642202E-9,9.50000000E3,1.81784172E-9,9.60000000E3,1.83970885E-9,9.60000000E3,1.81843527E-9,9.70000000E3,1.81614357E-9,9.70000000E3,1.84131604E-9,9.80000000E3,1.81643707E-9,9.80000000E3,1.81769454E-9,9.90000000E3,1.83961148E-9,9.90000000E3,1.81829164E-9,10.0000000E3,1.81617029E-9,10.0000000E3,1.84152236E-9,50.0000000E3,1.68072466E-9,50.0000000E3,1.68113287E-9,100.000000E3,1.71584254E-9,100.000000E3,1.69537346E-9, , , , , , , , , , , , , , , , , , , , , , , , , , , , , , , , 
5500.0,1.63994056e-09,5500.0,1.61535827e-09,5500.0,1.62045453e-09,5.60000000E3,1.64758490E-9,5.60000000E3,1.62755497E-9,5.70000000E3,1.62833917E-9,5.70000000E3,1.66517725E-9,5.80000000E3,1.64084900E-9,5.80000000E3,1.64984782E-9,5.80000000E3,1.68670726E-9,5.90000000E3,1.66436897E-9,5.90000000E3,1.67378963E-9,6.00000000E3,1.70512558E-9,6.00000000E3,1.69122092E-9,6.10000000E3,1.69395477E-9,6.10000000E3,1.73127773E-9,6.20000000E3,1.71099602E-9,6.20000000E3,1.72059687E-9,6.20000000E3,1.75772893E-9,6.30000000E3,1.73707772E-9,6.30000000E3,1.74616578E-9,6.40000000E3,1.77497585E-9,6.40000000E3,1.76081346E-9,6.50000000E3,1.76185379E-9,6.50000000E3,1.79589525E-9,6.60000000E3,1.77377042E-9,6.60000000E3,1.78068544E-9,6.70000000E3,1.80615732E-9,6.70000000E3,1.78968305E-9,6.70000000E3,1.79550876E-9,6.80000000E3,1.81950686E-9,6.90000000E3,1.79545019E-9,6.90000000E3,1.80029502E-9,6.90000000E3,1.82979354E-9,7.00000000E3,1.80503013E-9,7.00000000E3,1.80913655E-9,7.10000000E3,1.83136052E-9,7.10000000E3,1.81208723E-9,7.20000000E3,1.80953970E-9,7.20000000E3,1.83743383E-9,7.30000000E3,1.81175365E-9,7.30000000E3,1.81484492E-9,7.30000000E3,1.84217774E-9,7.40000000E3,1.81612313E-9,7.40000000E3,1.81885784E-9,7.50000000E3,1.83994699E-9,7.50000000E3,1.81953197E-9,7.60000000E3,1.81646251E-9,7.60000000E3,1.84276448E-9,7.70000000E3,1.81662194E-9,7.70000000E3,1.81890149E-9,7.80000000E3,1.83966703E-9,7.80000000E3,1.81887411E-9,7.90000000E3,1.81585561E-9,7.90000000E3,1.84180861E-9,8.00000000E3,1.81580101E-9,8.00000000E3,1.81782897E-9,8.00000000E3,1.84370126E-9,8.10000000E3,1.81784434E-9,8.10000000E3,1.81979644E-9,8.20000000E3,1.84046693E-9,8.30000000E3,1.81452788E-9,8.30000000E3,1.81629075E-9,8.30000000E3,1.84188894E-9,8.40000000E3,1.81608294E-9,8.40000000E3,1.81784377E-9,8.50000000E3,1.83878878E-9,8.50000000E3,1.81774115E-9,8.60000000E3,1.81499342E-9,8.60000000E3,1.84031418E-9,8.70000000E3,1.81454504E-9,8.70000000E3,1.81610048E-9,8.80000000E3,1.83720885E-9,8.80000000E3,1.81595300E-9,8.90000000E3,1.81332049E-9,8.90000000E3,1.83873178E-9,9.00000000E3,1.81347965E-9,9.00000000E3,1.81503380E-9,9.10000000E3,1.83657340E-9,9.10000000E3,1.81553692E-9,9.20000000E3,1.81294483E-9,9.20000000E3,1.83811769E-9,9.30000000E3,1.81288494E-9,9.30000000E3,1.81426557E-9,9.40000000E3,1.83681883E-9,9.50000000E3,1.81185667E-9,9.50000000E3,1.81324207E-9,9.50000000E3,1.83753753E-9,9.60000000E3,1.81273718E-9,9.60000000E3,1.81412360E-9,9.70000000E3,1.83610580E-9,9.70000000E3,1.81491342E-9,9.80000000E3,1.81271050E-9,9.80000000E3,1.83785925E-9,9.90000000E3,1.81308088E-9,9.90000000E3,1.81431140E-9,10.0000000E3,1.83624416E-9,10.0000000E3,1.81492849E-9,50.0000000E3,1.67605472E-9,50.0000000E3,1.70128879E-9,100.000000E3,1.69013981E-9,100.000000E3,1.69058786E-9, , , , , , , , , , , , , , , , , , , , , , , , , , , , , , , , , , , , 
5600.0,1.63273299e-09,5600.0,1.60836028e-09,5600.0,1.61336564e-09,5.70000000E3,1.64064134E-9,5.70000000E3,1.62064961E-9,5.80000000E3,1.62151663E-9,5.80000000E3,1.65817055E-9,5.90000000E3,1.63419112E-9,5.90000000E3,1.64304342E-9,5.90000000E3,1.67975982E-9,6.00000000E3,1.65767765E-9,6.00000000E3,1.66700804E-9,6.10000000E3,1.69835845E-9,6.10000000E3,1.68440042E-9,6.20000000E3,1.68709976E-9,6.20000000E3,1.72422784E-9,6.30000000E3,1.70415076E-9,6.30000000E3,1.71362084E-9,6.30000000E3,1.75065337E-9,6.40000000E3,1.73017226E-9,6.40000000E3,1.73916682E-9,6.50000000E3,1.76806225E-9,6.50000000E3,1.75388827E-9,6.60000000E3,1.75506349E-9,6.60000000E3,1.78896899E-9,6.70000000E3,1.76708967E-9,6.70000000E3,1.77393566E-9,6.80000000E3,1.79954488E-9,6.80000000E3,1.78307924E-9,6.80000000E3,1.78884929E-9,6.90000000E3,1.81303793E-9,7.00000000E3,1.78940417E-9,7.00000000E3,1.79419871E-9,7.00000000E3,1.82354021E-9,7.10000000E3,1.79886217E-9,7.10000000E3,1.80293403E-9,7.20000000E3,1.82530064E-9,7.20000000E3,1.80605748E-9,7.30000000E3,1.80369614E-9,7.30000000E3,1.83150795E-9,7.40000000E3,1.80603294E-9,7.40000000E3,1.80908134E-9,7.40000000E3,1.83635011E-9,7.50000000E3,1.81045504E-9,7.50000000E3,1.81315868E-9,7.60000000E3,1.83438514E-9,7.60000000E3,1.81396651E-9,7.70000000E3,1.81104559E-9,7.70000000E3,1.83734018E-9,7.80000000E3,1.81136200E-9,7.80000000E3,1.81358055E-9,7.90000000E3,1.83460174E-9,7.90000000E3,1.81374974E-9,8.00000000E3,1.81083253E-9,8.00000000E3,1.83670257E-9,8.10000000E3,1.81111022E-9,8.10000000E3,1.81305794E-9,8.10000000E3,1.83881002E-9,8.20000000E3,1.81298379E-9,8.20000000E3,1.81489803E-9,8.30000000E3,1.83574385E-9,8.40000000E3,1.80993332E-9,8.40000000E3,1.81166565E-9,8.40000000E3,1.83721638E-9,8.50000000E3,1.81154206E-9,8.50000000E3,1.81326883E-9,8.60000000E3,1.83431548E-9,8.60000000E3,1.81327158E-9,8.70000000E3,1.81063382E-9,8.70000000E3,1.83592284E-9,8.80000000E3,1.81031761E-9,8.80000000E3,1.81184532E-9,8.90000000E3,1.83302629E-9,8.90000000E3,1.81178019E-9,9.00000000E3,1.80923901E-9,9.00000000E3,1.83461898E-9,9.10000000E3,1.80958654E-9,9.10000000E3,1.81110416E-9,9.20000000E3,1.83264441E-9,9.20000000E3,1.81159210E-9,9.30000000E3,1.80914400E-9,9.30000000E3,1.83426741E-9,9.40000000E3,1.80915305E-9,9.40000000E3,1.81051121E-9,9.50000000E3,1.83309099E-9,9.60000000E3,1.80829080E-9,9.60000000E3,1.80963552E-9,9.60000000E3,1.83386982E-9,9.70000000E3,1.80920414E-9,9.70000000E3,1.81056814E-9,9.80000000E3,1.83258065E-9,9.80000000E3,1.81150054E-9,9.90000000E3,1.80936371E-9,9.90000000E3,1.83448687E-9,10.0000000E3,1.80977117E-9,10.0000000E3,1.81098002E-9,50.0000000E3,1.69618896E-9,50.0000000E3,1.67564762E-9,100.000000E3,1.68542691E-9,100.000000E3,1.71062016E-9, , , , , , , , , , , , , , , , , , , , , , , , , , , , , , , , , , , , , , , , 
5700.0,1.62587465e-09,5700.0,1.60165489e-09,5700.0,1.60655128e-09,5.80000000E3,1.63383977E-9,5.80000000E3,1.61395395E-9,5.90000000E3,1.61488371E-9,5.90000000E3,1.65141971E-9,6.00000000E3,1.62782003E-9,6.00000000E3,1.63656152E-9,6.00000000E3,1.67310921E-9,6.10000000E3,1.65112277E-9,6.10000000E3,1.66038252E-9,6.20000000E3,1.69167266E-9,6.20000000E3,1.67767046E-9,6.30000000E3,1.68040620E-9,6.30000000E3,1.71742438E-9,6.40000000E3,1.69754795E-9,6.40000000E3,1.70691776E-9,6.40000000E3,1.74382191E-9,6.50000000E3,1.72299467E-9,6.50000000E3,1.73190075E-9,6.60000000E3,1.76137389E-9,6.60000000E3,1.74718573E-9,6.70000000E3,1.74846504E-9,6.70000000E3,1.78227928E-9,6.80000000E3,1.76062722E-9,6.80000000E3,1.76740490E-9,6.90000000E3,1.79315774E-9,6.90000000E3,1.77670193E-9,6.90000000E3,1.78241200E-9,7.00000000E3,1.80697224E-9,7.10000000E3,1.78335588E-9,7.10000000E3,1.78810339E-9,7.10000000E3,1.81734424E-9,7.20000000E3,1.79289030E-9,7.20000000E3,1.79691502E-9,7.30000000E3,1.81946992E-9,7.30000000E3,1.80025571E-9,7.40000000E3,1.79810960E-9,7.40000000E3,1.82576426E-9,7.50000000E3,1.80056925E-9,7.50000000E3,1.80357753E-9,7.50000000E3,1.83064167E-9,7.60000000E3,1.80499782E-9,7.60000000E3,1.80765553E-9,7.70000000E3,1.82899324E-9,7.70000000E3,1.80859021E-9,7.80000000E3,1.80578350E-9,7.80000000E3,1.83202686E-9,7.90000000E3,1.80639456E-9,7.90000000E3,1.80864551E-9,8.00000000E3,1.82963734E-9,8.00000000E3,1.80879008E-9,8.10000000E3,1.80623715E-9,8.10000000E3,1.83210482E-9,8.20000000E3,1.80632658E-9,8.20000000E3,1.80824370E-9,8.20000000E3,1.83394465E-9,8.30000000E3,1.80827754E-9,8.30000000E3,1.81015549E-9,8.40000000E3,1.83109792E-9,8.50000000E3,1.80548140E-9,8.50000000E3,1.80718137E-9,8.50000000E3,1.83266829E-9,8.60000000E3,1.80712634E-9,8.60000000E3,1.80882041E-9,8.70000000E3,1.82997590E-9,8.70000000E3,1.80894511E-9,8.80000000E3,1.80637233E-9,8.80000000E3,1.83168336E-9,8.90000000E3,1.80620848E-9,8.90000000E3,1.80770632E-9,9.00000000E3,1.82896419E-9,9.00000000E3,1.80772725E-9,9.10000000E3,1.80527271E-9,9.10000000E3,1.83072737E-9,9.20000000E3,1.80577475E-9,9.20000000E3,1.80727282E-9,9.30000000E3,1.82881477E-9,9.30000000E3,1.80781183E-9,9.40000000E3,1.80543660E-9,9.40000000E3,1.83052302E-9,9.50000000E3,1.80553682E-9,9.50000000E3,1.80686353E-9,9.60000000E3,1.82954147E-9,9.70000000E3,1.80479805E-9,9.70000000E3,1.80611937E-9,9.70000000E3,1.83033443E-9,9.80000000E3,1.80575916E-9,9.80000000E3,1.80709985E-9,9.90000000E3,1.82919440E-9,9.90000000E3,1.80817426E-9,10.0000000E3,1.80610222E-9,10.0000000E3,1.83116756E-9,50.0000000E3,1.67062778E-9,50.0000000E3,1.67103197E-9,100.000000E3,1.70545986E-9,100.000000E3,1.68498547E-9, , , , , , , , , , , , , , , , , , , , , , , , , , , , , , , , , , , , , , , , , , , , 
5800.0,1.61913466e-09,5800.0,1.5950348e-09,5800.0,1.59984633e-09,5.90000000E3,1.62722751E-9,5.90000000E3,1.60744000E-9,6.00000000E3,1.60858127E-9,6.00000000E3,1.64500148E-9,6.10000000E3,1.62159475E-9,6.10000000E3,1.63023297E-9,6.10000000E3,1.66660153E-9,6.20000000E3,1.64510814E-9,6.20000000E3,1.65430041E-9,6.30000000E3,1.68519265E-9,6.30000000E3,1.67111908E-9,6.40000000E3,1.67403401E-9,6.40000000E3,1.71085306E-9,6.50000000E3,1.69117893E-9,6.50000000E3,1.70041680E-9,6.50000000E3,1.73663982E-9,6.60000000E3,1.71649561E-9,6.60000000E3,1.72530297E-9,6.70000000E3,1.75492684E-9,6.70000000E3,1.74068706E-9,6.80000000E3,1.74213676E-9,6.80000000E3,1.77581264E-9,6.90000000E3,1.75433628E-9,6.90000000E3,1.76105530E-9,7.00000000E3,1.78704254E-9,7.00000000E3,1.77059719E-9,7.00000000E3,1.77625376E-9,7.10000000E3,1.80090195E-9,7.20000000E3,1.77747933E-9,7.20000000E3,1.78218266E-9,7.20000000E3,1.81134666E-9,7.30000000E3,1.78714087E-9,7.30000000E3,1.79112296E-9,7.40000000E3,1.81390192E-9,7.40000000E3,1.79469893E-9,7.50000000E3,1.79252638E-9,7.50000000E3,1.82027535E-9,7.60000000E3,1.79464271E-9,7.60000000E3,1.79760659E-9,7.60000000E3,1.82514667E-9,7.70000000E3,1.79971005E-9,7.70000000E3,1.80233141E-9,7.80000000E3,1.82377991E-9,7.80000000E3,1.80337458E-9,7.90000000E3,1.80066562E-9,7.90000000E3,1.82698184E-9,8.00000000E3,1.80136909E-9,8.00000000E3,1.80357092E-9,8.10000000E3,1.82487173E-9,8.10000000E3,1.80415475E-9,8.20000000E3,1.80143541E-9,8.20000000E3,1.82729196E-9,8.30000000E3,1.80173354E-9,8.30000000E3,1.80361860E-9,8.30000000E3,1.82923297E-9,8.40000000E3,1.80370688E-9,8.40000000E3,1.80555263E-9,8.50000000E3,1.82657430E-9,8.60000000E3,1.80115684E-9,8.60000000E3,1.80282487E-9,8.60000000E3,1.82824445E-9,8.70000000E3,1.80288808E-9,8.70000000E3,1.80455221E-9,8.80000000E3,1.82574154E-9,8.80000000E3,1.80471720E-9,8.90000000E3,1.80223793E-9,8.90000000E3,1.82755944E-9,9.00000000E3,1.80221759E-9,9.00000000E3,1.80368626E-9,9.10000000E3,1.82501750E-9,9.10000000E3,1.80378920E-9,9.20000000E3,1.80140084E-9,9.20000000E3,1.82689875E-9,9.30000000E3,1.80200957E-9,9.30000000E3,1.80348019E-9,9.40000000E3,1.82507551E-9,9.40000000E3,1.80407724E-9,9.50000000E3,1.80180554E-9,9.50000000E3,1.82688469E-9,9.60000000E3,1.80205791E-9,9.60000000E3,1.80335377E-9,9.70000000E3,1.82604293E-9,9.80000000E3,1.80139970E-9,9.80000000E3,1.80270096E-9,9.80000000E3,1.82689195E-9,9.90000000E3,1.80243448E-9,9.90000000E3,1.80375239E-9,10.0000000E3,1.82586911E-9,10.0000000E3,1.80486229E-9,50.0000000E3,1.66602541E-9,50.0000000E3,1.69114909E-9,100.000000E3,1.67990922E-9,100.000000E3,1.68034390E-9, , , , , , , , , , , , , , , , , , , , , , , , , , , , , , , , , , , , , , , , , , , , , , , , 
5900.0,1.61270093e-09,5900.0,1.58873367e-09,5900.0,1.59348283e-09,6.00000000E3,1.62092906E-9,6.00000000E3,1.60123624E-9,6.10000000E3,1.60244647E-9,6.10000000E3,1.63869594E-9,6.20000000E3,1.61556929E-9,6.20000000E3,1.62408899E-9,6.20000000E3,1.66061917E-9,6.30000000E3,1.63898126E-9,6.30000000E3,1.64810769E-9,6.40000000E3,1.67894207E-9,6.40000000E3,1.66484868E-9,6.50000000E3,1.66783182E-9,6.50000000E3,1.70454914E-9,6.60000000E3,1.68499784E-9,6.60000000E3,1.69414813E-9,6.60000000E3,1.73012725E-9,6.70000000E3,1.71021736E-9,6.70000000E3,1.71893770E-9,6.80000000E3,1.74865900E-9,6.80000000E3,1.73442014E-9,6.90000000E3,1.73596775E-9,6.90000000E3,1.76951942E-9,7.00000000E3,1.74834022E-9,7.00000000E3,1.75500329E-9,7.10000000E3,1.78104243E-9,7.10000000E3,1.76460102E-9,7.10000000E3,1.77020196E-9,7.20000000E3,1.79500216E-9,7.30000000E3,1.77179581E-9,7.30000000E3,1.77645871E-9,7.30000000E3,1.80557693E-9,7.40000000E3,1.78155024E-9,7.40000000E3,1.78549060E-9,7.50000000E3,1.80832724E-9,7.50000000E3,1.78915307E-9,7.60000000E3,1.78689786E-9,7.60000000E3,1.81433039E-9,7.70000000E3,1.78969026E-9,7.70000000E3,1.79262318E-9,7.70000000E3,1.81981614E-9,7.80000000E3,1.79457897E-9,7.80000000E3,1.79717192E-9,7.90000000E3,1.81872770E-9,7.90000000E3,1.79830604E-9,8.00000000E3,1.79565717E-9,8.00000000E3,1.82196000E-9,8.10000000E3,1.79646243E-9,8.10000000E3,1.79861279E-9,8.20000000E3,1.82009386E-9,8.20000000E3,1.79938892E-9,8.30000000E3,1.79678186E-9,8.30000000E3,1.82269041E-9,8.40000000E3,1.79719688E-9,8.40000000E3,1.79905150E-9,8.40000000E3,1.82464919E-9,8.50000000E3,1.79926338E-9,8.50000000E3,1.80107365E-9,8.60000000E3,1.82218015E-9,8.70000000E3,1.79692915E-9,8.70000000E3,1.79856892E-9,8.70000000E3,1.82397949E-9,8.80000000E3,1.79871759E-9,8.80000000E3,1.80034806E-9,8.90000000E3,1.82163009E-9,8.90000000E3,1.80061354E-9,9.00000000E3,1.79822809E-9,9.00000000E3,1.82355387E-9,9.10000000E3,1.79833893E-9,9.10000000E3,1.79978132E-9,9.20000000E3,1.82115326E-9,9.20000000E3,1.79994145E-9,9.30000000E3,1.79765550E-9,9.30000000E3,1.82312639E-9,9.40000000E3,1.79833935E-9,9.40000000E3,1.79978325E-9,9.50000000E3,1.82141283E-9,9.50000000E3,1.80041837E-9,9.60000000E3,1.79823922E-9,9.60000000E3,1.82341417E-9,9.70000000E3,1.79863087E-9,9.70000000E3,1.79990411E-9,9.80000000E3,1.82263950E-9,9.90000000E3,1.79807973E-9,9.90000000E3,1.79935545E-9,9.90000000E3,1.82355982E-9,10.0000000E3,1.79917663E-9,10.0000000E3,1.80047203E-9,50.0000000E3,1.68612606E-9,50.0000000E3,1.66562080E-9,100.000000E3,1.67537092E-9,100.000000E3,1.70040215E-9, , , , , , , , , , , , , , , , , , , , , , , , , , , , , , , , , , , , , , , , , , , , , , , , , , , , 
6000.0,1.60666113e-09,6000.0,1.58287845e-09,6000.0,1.58758677e-09,6.10000000E3,1.61479628E-9,6.10000000E3,1.59519437E-9,6.20000000E3,1.59649860E-9,6.20000000E3,1.63260236E-9,6.30000000E3,1.60973993E-9,6.30000000E3,1.61813335E-9,6.30000000E3,1.65452583E-9,6.40000000E3,1.63303437E-9,6.40000000E3,1.64201483E-9,6.50000000E3,1.67290668E-9,6.50000000E3,1.65875602E-9,6.60000000E3,1.66201203E-9,6.60000000E3,1.69841982E-9,6.70000000E3,1.67903628E-9,6.70000000E3,1.68807937E-9,6.70000000E3,1.72387003E-9,6.80000000E3,1.70415556E-9,6.80000000E3,1.71278717E-9,6.90000000E3,1.74259183E-9,6.90000000E3,1.72832872E-9,7.00000000E3,1.73008142E-9,7.00000000E3,1.76352777E-9,7.10000000E3,1.74251710E-9,7.10000000E3,1.74912047E-9,7.20000000E3,1.77523845E-9,7.20000000E3,1.75880870E-9,7.20000000E3,1.76435365E-9,7.30000000E3,1.78929893E-9,7.40000000E3,1.76631106E-9,7.40000000E3,1.77093143E-9,7.40000000E3,1.79995884E-9,7.50000000E3,1.77604690E-9,7.50000000E3,1.77994272E-9,7.60000000E3,1.80270684E-9,7.60000000E3,1.78356576E-9,7.70000000E3,1.78167049E-9,7.70000000E3,1.80936294E-9,7.80000000E3,1.78437490E-9,7.80000000E3,1.78726402E-9,7.80000000E3,1.81462324E-9,7.90000000E3,1.78948667E-9,7.90000000E3,1.79208575E-9,8.00000000E3,1.81365448E-9,8.00000000E3,1.79334349E-9,8.10000000E3,1.79090507E-9,8.10000000E3,1.81709213E-9,8.20000000E3,1.79176769E-9,8.20000000E3,1.79388565E-9,8.30000000E3,1.81546201E-9,8.30000000E3,1.79476904E-9,8.40000000E3,1.79227801E-9,8.40000000E3,1.81812893E-9,8.50000000E3,1.79285645E-9,8.50000000E3,1.79468013E-9,8.50000000E3,1.82019468E-9,8.60000000E3,1.79494458E-9,8.60000000E3,1.79672428E-9,8.70000000E3,1.81791334E-9,8.80000000E3,1.79282565E-9,8.80000000E3,1.79443744E-9,8.80000000E3,1.81980059E-9,8.90000000E3,1.79466478E-9,8.90000000E3,1.79626728E-9,9.00000000E3,1.81764325E-9,9.00000000E3,1.79663358E-9,9.10000000E3,1.79432411E-9,9.10000000E3,1.81966191E-9,9.20000000E3,1.79453154E-9,9.20000000E3,1.79595153E-9,9.30000000E3,1.81742319E-9,9.30000000E3,1.79622167E-9,9.40000000E3,1.79399053E-9,9.40000000E3,1.81944566E-9,9.50000000E3,1.79475097E-9,9.50000000E3,1.79616868E-9,9.60000000E3,1.81782503E-9,9.60000000E3,1.79681868E-9,9.70000000E3,1.79477278E-9,9.70000000E3,1.81997792E-9,9.80000000E3,1.79531732E-9,9.80000000E3,1.79656967E-9,9.90000000E3,1.81929760E-9,10.0000000E3,1.79486404E-9,10.0000000E3,1.79612441E-9,10.0000000E3,1.82029798E-9,50.0000000E3,1.66066885E-9,50.0000000E3,1.66108026E-9,100.000000E3,1.69542757E-9,100.000000E3,1.67494333E-9, , , , , , , , , , , , , , , , , , , , , , , , , , , , , , , , , , , , , , , , , , , , , , , , , , , , , , , , 
6100.0,1.6004902e-09,6100.0,1.57685075e-09,6100.0,1.58160548e-09,6.20000000E3,1.60885685E-9,6.20000000E3,1.58934158E-9,6.30000000E3,1.59074192E-9,6.30000000E3,1.62669155E-9,6.40000000E3,1.60403465E-9,6.40000000E3,1.61233926E-9,6.40000000E3,1.64856898E-9,6.50000000E3,1.62716439E-9,6.50000000E3,1.63608752E-9,6.60000000E3,1.66725790E-9,6.60000000E3,1.65306542E-9,6.70000000E3,1.65619100E-9,6.70000000E3,1.69248208E-9,6.80000000E3,1.67324602E-9,6.80000000E3,1.68219595E-9,6.80000000E3,1.71784475E-9,6.90000000E3,1.69827988E-9,6.90000000E3,1.70682830E-9,7.00000000E3,1.73684882E-9,7.00000000E3,1.72254097E-9,7.10000000E3,1.72446933E-9,7.10000000E3,1.75770003E-9,7.20000000E3,1.73684811E-9,7.20000000E3,1.74338023E-9,7.30000000E3,1.76964218E-9,7.30000000E3,1.75321982E-9,7.30000000E3,1.75871179E-9,7.40000000E3,1.78379433E-9,7.50000000E3,1.76079284E-9,7.50000000E3,1.76537797E-9,7.50000000E3,1.79445606E-9,7.60000000E3,1.77051052E-9,7.60000000E3,1.77436359E-9,7.70000000E3,1.79750779E-9,7.70000000E3,1.77838079E-9,7.80000000E3,1.77660025E-9,7.80000000E3,1.80402909E-9,7.90000000E3,1.77945303E-9,7.90000000E3,1.78229982E-9,7.90000000E3,1.80951788E-9,8.00000000E3,1.78457912E-9,8.00000000E3,1.78712852E-9,8.10000000E3,1.80891212E-9,8.10000000E3,1.78858879E-9,8.20000000E3,1.78622899E-9,8.20000000E3,1.81237072E-9,8.30000000E3,1.78720698E-9,8.30000000E3,1.78929327E-9,8.40000000E3,1.81097153E-9,8.40000000E3,1.79029493E-9,8.50000000E3,1.78788868E-9,8.50000000E3,1.81376703E-9,8.60000000E3,1.78859522E-9,8.60000000E3,1.79038876E-9,8.60000000E3,1.81586500E-9,8.70000000E3,1.79075157E-9,8.70000000E3,1.79250454E-9,8.80000000E3,1.81376975E-9,8.90000000E3,1.78882886E-9,8.90000000E3,1.79041649E-9,8.90000000E3,1.81573828E-9,9.00000000E3,1.79072421E-9,9.00000000E3,1.79229993E-9,9.10000000E3,1.81376484E-9,9.10000000E3,1.79276342E-9,9.20000000E3,1.79053338E-9,9.20000000E3,1.81583327E-9,9.30000000E3,1.79085428E-9,9.30000000E3,1.79225019E-9,9.40000000E3,1.81377588E-9,9.40000000E3,1.79258459E-9,9.50000000E3,1.79057396E-9,9.50000000E3,1.81585001E-9,9.60000000E3,1.79120658E-9,9.60000000E3,1.79258821E-9,9.70000000E3,1.81438186E-9,9.70000000E3,1.79337786E-9,9.80000000E3,1.79142023E-9,9.80000000E3,1.81666010E-9,9.90000000E3,1.79206327E-9,9.90000000E3,1.79329816E-9,10.0000000E3,1.81608041E-9,50.0000000E3,1.65587832E-9,50.0000000E3,1.65627200E-9,50.0000000E3,1.68115240E-9,100.000000E3,1.66997272E-9,100.000000E3,1.67040061E-9, , , , , , , , , , , , , , , , , , , , , , , , , , , , , , , , , , , , , , , , , , , , , , , , , , , , , , , , , , , , 
6200.0,1.59450026e-09,6200.0,1.57099433e-09,6200.0,1.57581426e-09,6.30000000E3,1.60310121E-9,6.30000000E3,1.58366250E-9,6.40000000E3,1.58506497E-9,6.40000000E3,1.62103015E-9,6.50000000E3,1.59857804E-9,6.50000000E3,1.60676208E-9,6.50000000E3,1.64274338E-9,6.60000000E3,1.62150153E-9,6.60000000E3,1.63043012E-9,6.70000000E3,1.66157405E-9,6.70000000E3,1.64733361E-9,6.80000000E3,1.65050773E-9,6.80000000E3,1.68670530E-9,6.90000000E3,1.66761187E-9,6.90000000E3,1.67645140E-9,6.90000000E3,1.71199925E-9,7.00000000E3,1.69257792E-9,7.00000000E3,1.70104162E-9,7.10000000E3,1.73130404E-9,7.10000000E3,1.71699730E-9,7.20000000E3,1.71889677E-9,7.20000000E3,1.75205495E-9,7.30000000E3,1.73132692E-9,7.30000000E3,1.73779815E-9,7.40000000E3,1.76419551E-9,7.40000000E3,1.74778253E-9,7.40000000E3,1.75322269E-9,7.50000000E3,1.77824813E-9,7.60000000E3,1.75551349E-9,7.60000000E3,1.76005020E-9,7.60000000E3,1.78889569E-9,7.70000000E3,1.76537361E-9,7.70000000E3,1.76918916E-9,7.80000000E3,1.79243220E-9,7.80000000E3,1.77333729E-9,7.90000000E3,1.77158989E-9,7.90000000E3,1.79908537E-9,8.00000000E3,1.77462798E-9,8.00000000E3,1.77744366E-9,8.00000000E3,1.80461657E-9,8.10000000E3,1.77993617E-9,8.10000000E3,1.78243021E-9,8.20000000E3,1.80425248E-9,8.20000000E3,1.78394595E-9,8.30000000E3,1.78168240E-9,8.30000000E3,1.80776965E-9,8.40000000E3,1.78278002E-9,8.40000000E3,1.78483638E-9,8.50000000E3,1.80659878E-9,8.50000000E3,1.78593586E-9,8.60000000E3,1.78362135E-9,8.60000000E3,1.80946341E-9,8.70000000E3,1.78441389E-9,8.70000000E3,1.78618324E-9,8.70000000E3,1.81165412E-9,8.80000000E3,1.78666755E-9,8.80000000E3,1.78839234E-9,8.90000000E3,1.80974075E-9,9.00000000E3,1.78493184E-9,9.00000000E3,1.78649366E-9,9.00000000E3,1.81178754E-9,9.10000000E3,1.78689020E-9,9.10000000E3,1.78844047E-9,9.20000000E3,1.80998873E-9,9.20000000E3,1.78899833E-9,9.30000000E3,1.78682502E-9,9.30000000E3,1.81209836E-9,9.40000000E3,1.78728711E-9,9.40000000E3,1.78865508E-9,9.50000000E3,1.81037472E-9,9.50000000E3,1.78919839E-9,9.60000000E3,1.78710583E-9,9.60000000E3,1.81231705E-9,9.70000000E3,1.78782863E-9,9.70000000E3,1.78918699E-9,9.80000000E3,1.81105750E-9,9.80000000E3,1.79004991E-9,9.90000000E3,1.78815349E-9,9.90000000E3,1.81339412E-9,10.0000000E3,1.78891806E-9,10.0000000E3,1.79013337E-9,50.0000000E3,1.67641190E-9,100.000000E3,1.66535426E-9,100.000000E3,1.66577516E-9,100.000000E3,1.69045127E-9, , , , , , , , , , , , , , , , , , , , , , , , , , , , , , , , , , , , , , , , , , , , , , , , , , , , , , , , , , , , , , , , 
6300.0,1.58870414e-09,6300.0,1.56533625e-09,6300.0,1.57020337e-09,6.40000000E3,1.59742776E-9,6.40000000E3,1.57809090E-9,6.50000000E3,1.57961432E-9,6.50000000E3,1.61548544E-9,6.60000000E3,1.59334048E-9,6.60000000E3,1.60142471E-9,6.60000000E3,1.63711139E-9,6.70000000E3,1.61618549E-9,6.70000000E3,1.62502165E-9,6.80000000E3,1.65604062E-9,6.80000000E3,1.64177183E-9,6.90000000E3,1.64503998E-9,6.90000000E3,1.68113981E-9,7.00000000E3,1.66219746E-9,7.00000000E3,1.67094256E-9,7.00000000E3,1.70632248E-9,7.10000000E3,1.68706904E-9,7.10000000E3,1.69543486E-9,7.20000000E3,1.72581867E-9,7.20000000E3,1.71150405E-9,7.30000000E3,1.71347103E-9,7.30000000E3,1.74653338E-9,7.40000000E3,1.72597748E-9,7.40000000E3,1.73239385E-9,7.50000000E3,1.75911595E-9,7.50000000E3,1.74263235E-9,7.50000000E3,1.74799414E-9,7.60000000E3,1.77295809E-9,7.70000000E3,1.75015362E-9,7.70000000E3,1.75466068E-9,7.70000000E3,1.78373864E-9,7.80000000E3,1.76052666E-9,7.80000000E3,1.76430422E-9,7.90000000E3,1.78740854E-9,7.90000000E3,1.76834822E-9,8.00000000E3,1.76682824E-9,8.00000000E3,1.79423011E-9,8.10000000E3,1.77024727E-9,8.10000000E3,1.77305267E-9,8.10000000E3,1.79994340E-9,8.20000000E3,1.77534163E-9,8.20000000E3,1.77780660E-9,8.30000000E3,1.79971963E-9,8.30000000E3,1.77943022E-9,8.40000000E3,1.77725252E-9,8.40000000E3,1.80331602E-9,8.50000000E3,1.77847051E-9,8.50000000E3,1.78049891E-9,8.60000000E3,1.80234670E-9,8.60000000E3,1.78169722E-9,8.70000000E3,1.77948032E-9,8.70000000E3,1.80526352E-9,8.80000000E3,1.78037574E-9,8.80000000E3,1.78211988E-9,8.80000000E3,1.80755846E-9,8.90000000E3,1.78269524E-9,8.90000000E3,1.78439241E-9,9.00000000E3,1.80581045E-9,9.10000000E3,1.78116083E-9,9.10000000E3,1.78269840E-9,9.10000000E3,1.80794216E-9,9.20000000E3,1.78315854E-9,9.20000000E3,1.78468679E-9,9.30000000E3,1.80630497E-9,9.30000000E3,1.78531924E-9,9.40000000E3,1.78323814E-9,9.40000000E3,1.80846586E-9,9.50000000E3,1.78380471E-9,9.50000000E3,1.78515032E-9,9.60000000E3,1.80693344E-9,9.60000000E3,1.78575679E-9,9.70000000E3,1.78373504E-9,9.70000000E3,1.80893377E-9,9.80000000E3,1.78452571E-9,9.80000000E3,1.78586102E-9,9.90000000E3,1.80780745E-9,9.90000000E3,1.78680381E-9,10.0000000E3,1.78496950E-9,10.0000000E3,1.81023894E-9,50.0000000E3,1.65097154E-9,50.0000000E3,1.65136923E-9,100.000000E3,1.68585069E-9, , , , , , , , , , , , , , , , , , , , , , , , , , , , , , , , , , , , , , , , , , , , , , , , , , , , , , , , , , , , , , , , , , , , , , 
6400.0,1.58306513e-09,6400.0,1.55983481e-09,6400.0,1.56474946e-09,6.50000000E3,1.59198248E-9,6.50000000E3,1.57274994E-9,6.60000000E3,1.57458850E-9,6.60000000E3,1.61006043E-9,6.70000000E3,1.58812386E-9,6.70000000E3,1.59612435E-9,6.70000000E3,1.63178229E-9,6.80000000E3,1.61088023E-9,6.80000000E3,1.61963185E-9,6.90000000E3,1.65068819E-9,6.90000000E3,1.63638902E-9,7.00000000E3,1.63971946E-9,7.00000000E3,1.67575559E-9,7.10000000E3,1.65694199E-9,7.10000000E3,1.66559909E-9,7.10000000E3,1.70086577E-9,7.20000000E3,1.68176042E-9,7.20000000E3,1.69005028E-9,7.30000000E3,1.72048608E-9,7.30000000E3,1.70613961E-9,7.40000000E3,1.70819884E-9,7.40000000E3,1.74118830E-9,7.50000000E3,1.72057685E-9,7.50000000E3,1.72687558E-9,7.60000000E3,1.75397246E-9,7.60000000E3,1.73750934E-9,7.60000000E3,1.74282759E-9,7.70000000E3,1.76755699E-9,7.80000000E3,1.74562996E-9,7.80000000E3,1.75010360E-9,7.80000000E3,1.77887850E-9,7.90000000E3,1.75559943E-9,7.90000000E3,1.75935300E-9,8.00000000E3,1.78269766E-9,8.00000000E3,1.76362853E-9,8.10000000E3,1.76211708E-9,8.10000000E3,1.78982339E-9,8.20000000E3,1.76566113E-9,8.20000000E3,1.76842828E-9,8.20000000E3,1.79532465E-9,8.30000000E3,1.77087888E-9,8.30000000E3,1.77331557E-9,8.40000000E3,1.79529688E-9,8.40000000E3,1.77502808E-9,8.50000000E3,1.77293025E-9,8.50000000E3,1.79897566E-9,8.60000000E3,1.77427302E-9,8.60000000E3,1.77627553E-9,8.70000000E3,1.79821570E-9,8.70000000E3,1.77758270E-9,8.80000000E3,1.77543888E-9,8.80000000E3,1.80119194E-9,8.90000000E3,1.77644483E-9,8.90000000E3,1.77816466E-9,8.90000000E3,1.80357313E-9,9.00000000E3,1.77882204E-9,9.00000000E3,1.78049194E-9,9.10000000E3,1.80200440E-9,9.20000000E3,1.77745249E-9,9.20000000E3,1.77896676E-9,9.20000000E3,1.80419130E-9,9.30000000E3,1.77951590E-9,9.30000000E3,1.78102101E-9,9.40000000E3,1.80273227E-9,9.40000000E3,1.78175612E-9,9.50000000E3,1.77973531E-9,9.50000000E3,1.80492241E-9,9.60000000E3,1.78045507E-9,9.60000000E3,1.78177506E-9,9.70000000E3,1.80357552E-9,9.70000000E3,1.78240834E-9,9.80000000E3,1.78045812E-9,9.80000000E3,1.80562812E-9,9.90000000E3,1.78132281E-9,9.90000000E3,1.78263751E-9,10.0000000E3,1.80464340E-9,10.0000000E3,1.78364186E-9,50.0000000E3,1.64673463E-9,50.0000000E3,1.67149367E-9,100.000000E3,1.66026642E-9,100.000000E3,1.66070657E-9, , , , , , , , , , , , , , , , , , , , , , , , , , , , , , , , , , , , , , , , , , , , , , , , , , , , , , , , , , , , , , , , , , , , , , , , 
6500.0,1.5775537e-09,6500.0,1.55449506e-09,6500.0,1.55940276e-09,6.60000000E3,1.58695163E-9,6.60000000E3,1.56798888E-9,6.70000000E3,1.56931323E-9,6.70000000E3,1.60478563E-9,6.80000000E3,1.58305565E-9,6.80000000E3,1.59096643E-9,6.80000000E3,1.62645951E-9,6.90000000E3,1.60576170E-9,6.90000000E3,1.61441705E-9,7.00000000E3,1.64549998E-9,7.00000000E3,1.63117916E-9,7.10000000E3,1.63458074E-9,7.10000000E3,1.67053557E-9,7.20000000E3,1.65185092E-9,7.20000000E3,1.66042211E-9,7.20000000E3,1.69556297E-9,7.30000000E3,1.67660355E-9,7.30000000E3,1.68481803E-9,7.40000000E3,1.71529416E-9,7.40000000E3,1.70092556E-9,7.50000000E3,1.70308230E-9,7.50000000E3,1.73587944E-9,7.60000000E3,1.71569272E-9,7.60000000E3,1.72200459E-9,7.70000000E3,1.74894892E-9,7.70000000E3,1.73249489E-9,7.70000000E3,1.73776922E-9,7.80000000E3,1.76312022E-9,7.90000000E3,1.74030067E-9,7.90000000E3,1.74469980E-9,7.90000000E3,1.77391227E-9,8.00000000E3,1.75077711E-9,8.00000000E3,1.75450794E-9,8.10000000E3,1.77794308E-9,8.10000000E3,1.75893458E-9,8.20000000E3,1.75759061E-9,8.20000000E3,1.78522970E-9,8.30000000E3,1.76125194E-9,8.30000000E3,1.76399049E-9,8.30000000E3,1.79083899E-9,8.40000000E3,1.76649558E-9,8.40000000E3,1.76890817E-9,8.50000000E3,1.79098574E-9,8.50000000E3,1.77073445E-9,8.60000000E3,1.76874861E-9,8.60000000E3,1.79474914E-9,8.70000000E3,1.77023689E-9,8.70000000E3,1.77221626E-9,8.80000000E3,1.79419187E-9,8.80000000E3,1.77357186E-9,8.90000000E3,1.77151132E-9,8.90000000E3,1.79723168E-9,9.00000000E3,1.77261883E-9,9.00000000E3,1.77431525E-9,9.00000000E3,1.79968633E-9,9.10000000E3,1.77506119E-9,9.10000000E3,1.77670403E-9,9.20000000E3,1.79828358E-9,9.30000000E3,1.77385282E-9,9.30000000E3,1.77535524E-9,9.30000000E3,1.80053429E-9,9.40000000E3,1.77598091E-9,9.40000000E3,1.77746374E-9,9.50000000E3,1.79924285E-9,9.50000000E3,1.77827643E-9,9.60000000E3,1.77629650E-9,9.60000000E3,1.80144922E-9,9.70000000E3,1.77713468E-9,9.70000000E3,1.77843399E-9,9.80000000E3,1.80031391E-9,9.80000000E3,1.77915372E-9,9.90000000E3,1.77726500E-9,9.90000000E3,1.80241769E-9,10.0000000E3,1.77826927E-9,10.0000000E3,1.77956205E-9,50.0000000E3,1.66681506E-9,50.0000000E3,1.64632750E-9,100.000000E3,1.65599527E-9,100.000000E3,1.68075695E-9, , , , , , , , , , , , , , , , , , , , , , , , , , , , , , , , , , , , , , , , , , , , , , , , , , , , , , , , , , , , , , , , , , , , , , , , , , , , 
6600.0,1.57217901e-09,6600.0,1.54920297e-09,6600.0,1.55421638e-09,6.70000000E3,1.58166817E-9,6.70000000E3,1.56278771E-9,6.80000000E3,1.56431337E-9,6.80000000E3,1.59964592E-9,6.90000000E3,1.57813084E-9,6.90000000E3,1.58596356E-9,6.90000000E3,1.62131910E-9,7.00000000E3,1.60080925E-9,7.00000000E3,1.60938996E-9,7.10000000E3,1.64048330E-9,7.10000000E3,1.62611723E-9,7.20000000E3,1.62959295E-9,7.20000000E3,1.66547356E-9,7.30000000E3,1.64709169E-9,7.30000000E3,1.65558392E-9,7.30000000E3,1.69043385E-9,7.40000000E3,1.67175260E-9,7.40000000E3,1.67989160E-9,7.50000000E3,1.71025300E-9,7.50000000E3,1.69588126E-9,7.60000000E3,1.69810791E-9,7.60000000E3,1.73092336E-9,7.70000000E3,1.71092308E-9,7.70000000E3,1.71718783E-9,7.80000000E3,1.74413550E-9,7.80000000E3,1.72771727E-9,7.80000000E3,1.73295950E-9,7.90000000E3,1.75772875E-9,8.00000000E3,1.73590368E-9,8.00000000E3,1.74028162E-9,8.00000000E3,1.76911974E-9,8.10000000E3,1.74650588E-9,8.10000000E3,1.75019179E-9,8.20000000E3,1.77347856E-9,8.20000000E3,1.75445880E-9,8.30000000E3,1.75314080E-9,8.30000000E3,1.78080286E-9,8.40000000E3,1.75703963E-9,8.40000000E3,1.75975817E-9,8.40000000E3,1.78644593E-9,8.50000000E3,1.76227667E-9,8.50000000E3,1.76466250E-9,8.60000000E3,1.78681533E-9,8.60000000E3,1.76657483E-9,8.70000000E3,1.76466380E-9,8.70000000E3,1.79069576E-9,8.80000000E3,1.76627065E-9,8.80000000E3,1.76822653E-9,8.90000000E3,1.79027649E-9,8.90000000E3,1.76966963E-9,9.00000000E3,1.76768857E-9,9.00000000E3,1.79337765E-9,9.10000000E3,1.76888246E-9,9.10000000E3,1.77055585E-9,9.10000000E3,1.79591339E-9,9.20000000E3,1.77144964E-9,9.20000000E3,1.77308475E-9,9.30000000E3,1.79466977E-9,9.40000000E3,1.77032178E-9,9.40000000E3,1.77181856E-9,9.40000000E3,1.79698548E-9,9.50000000E3,1.77254162E-9,9.50000000E3,1.77400305E-9,9.60000000E3,1.79583005E-9,9.60000000E3,1.77486401E-9,9.70000000E3,1.77295648E-9,9.70000000E3,1.79807754E-9,9.80000000E3,1.77390741E-9,9.80000000E3,1.77519694E-9,9.90000000E3,1.79712970E-9,9.90000000E3,1.77598019E-9,10.0000000E3,1.77423657E-9,10.0000000E3,1.79935858E-9,50.0000000E3,1.64165717E-9,50.0000000E3,1.64207655E-9,100.000000E3,1.67604179E-9,100.000000E3,1.65556945E-9, , , , , , , , , , , , , , , , , , , , , , , , , , , , , , , , , , , , , , , , , , , , , , , , , , , , , , , , , , , , , , , , , , , , , , , , , , , , , , , , 
6700.0,1.56696684e-09,6700.0,1.54413019e-09,6700.0,1.54917909e-09,6.80000000E3,1.57667059E-9,6.80000000E3,1.55764242E-9,6.90000000E3,1.55979093E-9,6.90000000E3,1.59466033E-9,7.00000000E3,1.57337386E-9,7.00000000E3,1.58112793E-9,7.00000000E3,1.61634337E-9,7.10000000E3,1.59600159E-9,7.10000000E3,1.60449660E-9,7.20000000E3,1.63559558E-9,7.20000000E3,1.62121695E-9,7.30000000E3,1.62475345E-9,7.30000000E3,1.66072121E-9,7.40000000E3,1.64224729E-9,7.40000000E3,1.65052372E-9,7.40000000E3,1.68559629E-9,7.50000000E3,1.66738461E-9,7.50000000E3,1.67541031E-9,7.60000000E3,1.70535028E-9,7.60000000E3,1.69096596E-9,7.70000000E3,1.69265621E-9,7.70000000E3,1.72612873E-9,7.80000000E3,1.70592532E-9,7.80000000E3,1.71215072E-9,7.90000000E3,1.73878106E-9,7.90000000E3,1.72246734E-9,7.90000000E3,1.72770945E-9,8.00000000E3,1.75331237E-9,8.10000000E3,1.73171289E-9,8.10000000E3,1.73607671E-9,8.10000000E3,1.76479685E-9,8.20000000E3,1.74209096E-9,8.20000000E3,1.74574350E-9,8.30000000E3,1.76903467E-9,8.30000000E3,1.75003585E-9,8.40000000E3,1.74883382E-9,8.40000000E3,1.77655643E-9,8.50000000E3,1.75277681E-9,8.50000000E3,1.75545929E-9,8.50000000E3,1.78220697E-9,8.60000000E3,1.75815841E-9,8.60000000E3,1.76051908E-9,8.70000000E3,1.78273647E-9,8.70000000E3,1.76251536E-9,8.80000000E3,1.76069597E-9,8.80000000E3,1.78670817E-9,8.90000000E3,1.76236608E-9,8.90000000E3,1.76429922E-9,9.00000000E3,1.78646481E-9,9.00000000E3,1.76587114E-9,9.10000000E3,1.76395777E-9,9.10000000E3,1.78961440E-9,9.20000000E3,1.76524987E-9,9.20000000E3,1.76690107E-9,9.20000000E3,1.79226404E-9,9.30000000E3,1.76785272E-9,9.30000000E3,1.76946283E-9,9.40000000E3,1.79113038E-9,9.50000000E3,1.76690175E-9,9.50000000E3,1.76839298E-9,9.50000000E3,1.79353261E-9,9.60000000E3,1.76917187E-9,9.60000000E3,1.77060144E-9,9.70000000E3,1.79250327E-9,9.70000000E3,1.77154621E-9,9.80000000E3,1.76971318E-9,9.80000000E3,1.79481128E-9,9.90000000E3,1.77091298E-9,9.90000000E3,1.77219563E-9,10.0000000E3,1.79410951E-9,10.0000000E3,1.77296992E-9,50.0000000E3,1.63739375E-9,50.0000000E3,1.66210964E-9,100.000000E3,1.65118087E-9,100.000000E3,1.65161343E-9, , , , , , , , , , , , , , , , , , , , , , , , , , , , , , , , , , , , , , , , , , , , , , , , , , , , , , , , , , , , , , , , , , , , , , , , , , , , , , , , , , , , 
6800.0,1.56190206e-09,6800.0,1.5392481e-09,6800.0,1.54429325e-09,6.90000000E3,1.57213672E-9,6.90000000E3,1.55319821E-9,7.00000000E3,1.55508707E-9,7.00000000E3,1.58983883E-9,7.10000000E3,1.56867457E-9,7.10000000E3,1.57633565E-9,7.10000000E3,1.61151046E-9,7.20000000E3,1.59132756E-9,7.20000000E3,1.59974622E-9,7.30000000E3,1.63086242E-9,7.30000000E3,1.61646118E-9,7.40000000E3,1.62008041E-9,7.40000000E3,1.65614043E-9,7.50000000E3,1.63720730E-9,7.50000000E3,1.64569256E-9,7.50000000E3,1.68110829E-9,7.60000000E3,1.66213525E-9,7.60000000E3,1.67013329E-9,7.70000000E3,1.69996263E-9,7.70000000E3,1.68556936E-9,7.80000000E3,1.68795499E-9,7.80000000E3,1.72121093E-9,7.90000000E3,1.70108425E-9,7.90000000E3,1.70725523E-9,8.00000000E3,1.73444275E-9,8.00000000E3,1.71811640E-9,8.00000000E3,1.72332640E-9,8.10000000E3,1.74909307E-9,8.20000000E3,1.72735233E-9,8.20000000E3,1.73168265E-9,8.20000000E3,1.76036504E-9,8.30000000E3,1.73766388E-9,8.30000000E3,1.74128348E-9,8.40000000E3,1.76473893E-9,8.40000000E3,1.74575797E-9,8.50000000E3,1.74504254E-9,8.50000000E3,1.77229120E-9,8.60000000E3,1.74871093E-9,8.60000000E3,1.75136699E-9,8.60000000E3,1.77807287E-9,8.70000000E3,1.75411276E-9,8.70000000E3,1.75645018E-9,8.80000000E3,1.77877496E-9,8.80000000E3,1.75857229E-9,8.90000000E3,1.75683513E-9,8.90000000E3,1.78278422E-9,9.00000000E3,1.75863620E-9,9.00000000E3,1.76054385E-9,9.10000000E3,1.78274561E-9,9.10000000E3,1.76216486E-9,9.20000000E3,1.76037239E-9,9.20000000E3,1.78596514E-9,9.30000000E3,1.76171747E-9,9.30000000E3,1.76334641E-9,9.30000000E3,1.78866125E-9,9.40000000E3,1.76436942E-9,9.40000000E3,1.76595510E-9,9.50000000E3,1.78770078E-9,9.60000000E3,1.76356914E-9,9.60000000E3,1.76508147E-9,9.60000000E3,1.79015637E-9,9.70000000E3,1.76590241E-9,9.70000000E3,1.76731194E-9,9.80000000E3,1.78927517E-9,9.80000000E3,1.76832530E-9,9.90000000E3,1.76655737E-9,9.90000000E3,1.79181100E-9,10.0000000E3,1.76790913E-9,10.0000000E3,1.76918979E-9,50.0000000E3,1.65736792E-9,50.0000000E3,1.63695943E-9,100.000000E3,1.64694074E-9,100.000000E3,1.67163709E-9, , , , , , , , , , , , , , , , , , , , , , , , , , , , , , , , , , , , , , , , , , , , , , , , , , , , , , , , , , , , , , , , , , , , , , , , , , , , , , , , , , , , , , , , 
6900.0,1.55709218e-09,6900.0,1.53458594e-09,6900.0,1.53955033e-09,7.00000000E3,1.56743753E-9,7.00000000E3,1.54851867E-9,7.10000000E3,1.55049326E-9,7.10000000E3,1.58509517E-9,7.20000000E3,1.56416311E-9,7.20000000E3,1.57176317E-9,7.20000000E3,1.60681540E-9,7.30000000E3,1.58678659E-9,7.30000000E3,1.59513181E-9,7.40000000E3,1.62627896E-9,7.40000000E3,1.61186162E-9,7.50000000E3,1.61560647E-9,7.50000000E3,1.65121696E-9,7.60000000E3,1.63315868E-9,7.60000000E3,1.64133767E-9,7.60000000E3,1.67602773E-9,7.70000000E3,1.65798209E-9,7.70000000E3,1.66589943E-9,7.80000000E3,1.69533510E-9,7.80000000E3,1.68092244E-9,7.90000000E3,1.68335415E-9,7.90000000E3,1.71653027E-9,8.00000000E3,1.69692486E-9,8.00000000E3,1.70295011E-9,8.10000000E3,1.73017231E-9,8.10000000E3,1.71374967E-9,8.10000000E3,1.71886618E-9,8.20000000E3,1.74471425E-9,8.30000000E3,1.72307501E-9,8.30000000E3,1.72737628E-9,8.30000000E3,1.75593436E-9,8.40000000E3,1.73353775E-9,8.40000000E3,1.73712886E-9,8.50000000E3,1.76092397E-9,8.50000000E3,1.74197626E-9,8.60000000E3,1.74100345E-9,8.60000000E3,1.76820821E-9,8.70000000E3,1.74473805E-9,8.70000000E3,1.74737198E-9,8.70000000E3,1.77401618E-9,8.80000000E3,1.75020718E-9,8.80000000E3,1.75252227E-9,8.90000000E3,1.77492143E-9,8.90000000E3,1.75473508E-9,9.00000000E3,1.75307661E-9,9.00000000E3,1.77903426E-9,9.10000000E3,1.75497568E-9,9.10000000E3,1.75685939E-9,9.20000000E3,1.77915798E-9,9.20000000E3,1.75860176E-9,9.30000000E3,1.75683444E-9,9.30000000E3,1.78240989E-9,9.40000000E3,1.75826654E-9,9.40000000E3,1.75987436E-9,9.40000000E3,1.78516465E-9,9.50000000E3,1.76098573E-9,9.50000000E3,1.76254992E-9,9.60000000E3,1.78436132E-9,9.70000000E3,1.76031594E-9,9.70000000E3,1.76180644E-9,9.70000000E3,1.78687280E-9,9.80000000E3,1.76270429E-9,9.80000000E3,1.76409356E-9,9.90000000E3,1.78612932E-9,9.90000000E3,1.76518971E-9,10.0000000E3,1.76372956E-9,10.0000000E3,1.78880254E-9,50.0000000E3,1.63207164E-9,50.0000000E3,1.63253341E-9,100.000000E3,1.66693345E-9,100.000000E3,1.64650148E-9, , , , , , , , , , , , , , , , , , , , , , , , , , , , , , , , , , , , , , , , , , , , , , , , , , , , , , , , , , , , , , , , , , , , , , , , , , , , , , , , , , , , , , , , , , , , 
7000.0,1.55243627e-09,7000.0,1.53003185e-09,7000.0,1.53489956e-09,7.10000000E3,1.56279797E-9,7.10000000E3,1.54397587E-9,7.20000000E3,1.54600227E-9,7.20000000E3,1.58053686E-9,7.30000000E3,1.55983899E-9,7.30000000E3,1.56736813E-9,7.30000000E3,1.60224529E-9,7.40000000E3,1.58239271E-9,7.40000000E3,1.59064984E-9,7.50000000E3,1.62180890E-9,7.50000000E3,1.60725446E-9,7.60000000E3,1.61136733E-9,7.60000000E3,1.64699968E-9,7.70000000E3,1.62869267E-9,7.70000000E3,1.63680096E-9,7.70000000E3,1.67192688E-9,7.80000000E3,1.65300299E-9,7.80000000E3,1.66081460E-9,7.90000000E3,1.69082637E-9,7.90000000E3,1.67638862E-9,8.00000000E3,1.67886388E-9,8.00000000E3,1.71231553E-9,8.10000000E3,1.69275804E-9,8.10000000E3,1.69881627E-9,8.20000000E3,1.72587286E-9,8.20000000E3,1.70943613E-9,8.20000000E3,1.71449909E-9,8.30000000E3,1.74042272E-9,8.40000000E3,1.71886755E-9,8.40000000E3,1.72313533E-9,8.40000000E3,1.75177838E-9,8.50000000E3,1.72935467E-9,8.50000000E3,1.73291299E-9,8.60000000E3,1.75687926E-9,8.60000000E3,1.73795667E-9,8.70000000E3,1.73704848E-9,8.70000000E3,1.76420305E-9,8.80000000E3,1.74087586E-9,8.80000000E3,1.74348482E-9,8.80000000E3,1.77009706E-9,8.90000000E3,1.74640621E-9,8.90000000E3,1.74869789E-9,9.00000000E3,1.77116904E-9,9.00000000E3,1.75100101E-9,9.10000000E3,1.74941003E-9,9.10000000E3,1.77535313E-9,9.20000000E3,1.75140589E-9,9.20000000E3,1.75327036E-9,9.30000000E3,1.77562659E-9,9.30000000E3,1.75508509E-9,9.40000000E3,1.75339146E-9,9.40000000E3,1.77893971E-9,9.50000000E3,1.75490089E-9,9.50000000E3,1.75648753E-9,9.50000000E3,1.78176829E-9,9.60000000E3,1.75770199E-9,9.60000000E3,1.75924311E-9,9.70000000E3,1.78110014E-9,9.80000000E3,1.75715043E-9,9.80000000E3,1.75861919E-9,9.80000000E3,1.78366434E-9,9.90000000E3,1.75960354E-9,9.90000000E3,1.76097445E-9,10.0000000E3,1.78331451E-9,10.0000000E3,1.76237865E-9,50.0000000E3,1.62788587E-9,50.0000000E3,1.65251781E-9,100.000000E3,1.64180140E-9,100.000000E3,1.64224888E-9, , , , , , , , , , , , , , , , , , , , , , , , , , , , , , , , , , , , , , , , , , , , , , , , , , , , , , , , , , , , , , , , , , , , , , , , , , , , , , , , , , , , , , , , , , , , , , , , 
7100.0,1.54778952e-09,7100.0,1.52549944e-09,7100.0,1.53040411e-09,7.20000000E3,1.55830353E-9,7.20000000E3,1.53956028E-9,7.30000000E3,1.54163338E-9,7.30000000E3,1.57615011E-9,7.40000000E3,1.55590940E-9,7.40000000E3,1.56336806E-9,7.40000000E3,1.59783176E-9,7.50000000E3,1.57819633E-9,7.50000000E3,1.58630128E-9,7.60000000E3,1.61747160E-9,7.60000000E3,1.60293069E-9,7.70000000E3,1.60709328E-9,7.70000000E3,1.64256236E-9,7.80000000E3,1.62440087E-9,7.80000000E3,1.63251910E-9,7.80000000E3,1.66704148E-9,7.90000000E3,1.64862703E-9,7.90000000E3,1.65621436E-9,8.00000000E3,1.68646661E-9,8.00000000E3,1.67197835E-9,8.10000000E3,1.67465394E-9,8.10000000E3,1.70799499E-9,8.20000000E3,1.68851021E-9,8.20000000E3,1.69452415E-9,8.30000000E3,1.72162623E-9,8.30000000E3,1.70519335E-9,8.30000000E3,1.71021590E-9,8.40000000E3,1.73620417E-9,8.50000000E3,1.71481632E-9,8.50000000E3,1.71905241E-9,8.50000000E3,1.74759205E-9,8.60000000E3,1.72541882E-9,8.60000000E3,1.72894800E-9,8.70000000E3,1.75293337E-9,8.70000000E3,1.73402461E-9,8.80000000E3,1.73319746E-9,8.80000000E3,1.76032468E-9,8.90000000E3,1.73711571E-9,8.90000000E3,1.73970032E-9,8.90000000E3,1.76628168E-9,9.00000000E3,1.74270558E-9,9.00000000E3,1.74497678E-9,9.10000000E3,1.76751184E-9,9.10000000E3,1.74735750E-9,9.20000000E3,1.74595500E-9,9.20000000E3,1.77177286E-9,9.30000000E3,1.74810889E-9,9.30000000E3,1.74995560E-9,9.40000000E3,1.77219440E-9,9.40000000E3,1.75166710E-9,9.50000000E3,1.75003046E-9,9.50000000E3,1.77555684E-9,9.60000000E3,1.75164500E-9,9.60000000E3,1.75320996E-9,9.60000000E3,1.77847690E-9,9.70000000E3,1.75449729E-9,9.70000000E3,1.75601818E-9,9.80000000E3,1.77792819E-9,9.90000000E3,1.75404968E-9,9.90000000E3,1.75549742E-9,9.90000000E3,1.78054983E-9,10.0000000E3,1.75679842E-9,10.0000000E3,1.75815150E-9,50.0000000E3,1.64786407E-9,50.0000000E3,1.62744696E-9,100.000000E3,1.63762961E-9,100.000000E3,1.66222827E-9, , , , , , , , , , , , , , , , , , , , , , , , , , , , , , , , , , , , , , , , , , , , , , , , , , , , , , , , , , , , , , , , , , , , , , , , , , , , , , , , , , , , , , , , , , , , , , , , , , , , 
7200.0,1.54325943e-09,7200.0,1.52109994e-09,7200.0,1.52602648e-09,7.30000000E3,1.55393599E-9,7.30000000E3,1.53526351E-9,7.40000000E3,1.53741974E-9,7.40000000E3,1.57217055E-9,7.50000000E3,1.55171340E-9,7.50000000E3,1.55901854E-9,7.50000000E3,1.59333277E-9,7.60000000E3,1.57373795E-9,7.60000000E3,1.58183277E-9,7.70000000E3,1.61327250E-9,7.70000000E3,1.59872248E-9,7.80000000E3,1.60258348E-9,7.80000000E3,1.63814484E-9,7.90000000E3,1.62020258E-9,7.90000000E3,1.62826851E-9,7.90000000E3,1.66261112E-9,8.00000000E3,1.64510048E-9,8.00000000E3,1.65269049E-9,8.10000000E3,1.68232207E-9,8.10000000E3,1.66782083E-9,8.20000000E3,1.67048001E-9,8.20000000E3,1.70375614E-9,8.30000000E3,1.68439571E-9,8.30000000E3,1.69036507E-9,8.40000000E3,1.71754005E-9,8.40000000E3,1.70110723E-9,8.40000000E3,1.70609302E-9,8.50000000E3,1.73213235E-9,8.60000000E3,1.71085087E-9,8.60000000E3,1.71505778E-9,8.60000000E3,1.74364728E-9,8.70000000E3,1.72151279E-9,8.70000000E3,1.72501006E-9,8.80000000E3,1.74908333E-9,8.80000000E3,1.73019659E-9,8.90000000E3,1.72944049E-9,8.90000000E3,1.75654916E-9,9.00000000E3,1.73345427E-9,9.00000000E3,1.73601507E-9,9.00000000E3,1.76256769E-9,9.10000000E3,1.73910480E-9,9.10000000E3,1.74135619E-9,9.20000000E3,1.76404617E-9,9.20000000E3,1.74392127E-9,9.30000000E3,1.74246875E-9,9.30000000E3,1.76846287E-9,9.40000000E3,1.74472607E-9,9.40000000E3,1.74655510E-9,9.50000000E3,1.76884083E-9,9.50000000E3,1.74832640E-9,9.60000000E3,1.74673316E-9,9.60000000E3,1.77226675E-9,9.70000000E3,1.74847003E-9,9.70000000E3,1.75001840E-9,9.70000000E3,1.77526000E-9,9.80000000E3,1.75137238E-9,9.80000000E3,1.75286916E-9,9.90000000E3,1.77482016E-9,10.0000000E3,1.75123572E-9,10.0000000E3,1.75266281E-9,10.0000000E3,1.77773407E-9,50.0000000E3,1.62278583E-9,50.0000000E3,1.62324903E-9,100.000000E3,1.65767752E-9,100.000000E3,1.63720706E-9, , , , , , , , , , , , , , , , , , , , , , , , , , , , , , , , , , , , , , , , , , , , , , , , , , , , , , , , , , , , , , , , , , , , , , , , , , , , , , , , , , , , , , , , , , , , , , , , , , , , , , , , 
7300.0,1.53884203e-09,7300.0,1.51681894e-09,7300.0,1.5217623e-09,7.40000000E3,1.54968980E-9,7.40000000E3,1.53110956E-9,7.50000000E3,1.53339378E-9,7.50000000E3,1.56811912E-9,7.60000000E3,1.54752129E-9,7.60000000E3,1.55483794E-9,7.60000000E3,1.58913194E-9,7.70000000E3,1.56968619E-9,7.70000000E3,1.57771508E-9,7.80000000E3,1.60916377E-9,7.80000000E3,1.59466880E-9,7.90000000E3,1.59864406E-9,7.90000000E3,1.63394850E-9,8.00000000E3,1.61598026E-9,8.00000000E3,1.62406513E-9,8.00000000E3,1.65899361E-9,8.10000000E3,1.64089806E-9,8.10000000E3,1.64853804E-9,8.20000000E3,1.67823495E-9,8.20000000E3,1.66371007E-9,8.30000000E3,1.66636103E-9,8.30000000E3,1.69964676E-9,8.40000000E3,1.68043417E-9,8.40000000E3,1.68635007E-9,8.50000000E3,1.71351859E-9,8.50000000E3,1.69708565E-9,8.50000000E3,1.70203501E-9,8.60000000E3,1.72814615E-9,8.70000000E3,1.70695536E-9,8.70000000E3,1.71113378E-9,8.70000000E3,1.73974000E-9,8.80000000E3,1.71772067E-9,8.80000000E3,1.72118977E-9,8.90000000E3,1.74533518E-9,8.90000000E3,1.72647191E-9,9.00000000E3,1.72578935E-9,9.00000000E3,1.75287295E-9,9.10000000E3,1.72988035E-9,9.10000000E3,1.73241784E-9,9.10000000E3,1.75895417E-9,9.20000000E3,1.73557472E-9,9.20000000E3,1.73780787E-9,9.30000000E3,1.76057900E-9,9.30000000E3,1.74045421E-9,9.40000000E3,1.73908840E-9,9.40000000E3,1.76506981E-9,9.50000000E3,1.74142845E-9,9.50000000E3,1.74323997E-9,9.60000000E3,1.76556650E-9,9.60000000E3,1.74505253E-9,9.70000000E3,1.74356285E-9,9.70000000E3,1.76907536E-9,9.80000000E3,1.74535710E-9,9.80000000E3,1.74689813E-9,9.80000000E3,1.77212018E-9,9.90000000E3,1.74831595E-9,9.90000000E3,1.74979416E-9,10.0000000E3,1.77200084E-9,50.0000000E3,1.61800218E-9,50.0000000E3,1.61849662E-9,50.0000000E3,1.64314462E-9,100.000000E3,1.63272088E-9,100.000000E3,1.63315090E-9, , , , , , , , , , , , , , , , , , , , , , , , , , , , , , , , , , , , , , , , , , , , , , , , , , , , , , , , , , , , , , , , , , , , , , , , , , , , , , , , , , , , , , , , , , , , , , , , , , , , , , , , , , , , 
7400.0,1.53482353e-09,7400.0,1.51291659e-09,7400.0,1.51749608e-09,7.50000000E3,1.54568834E-9,7.50000000E3,1.52694349E-9,7.60000000E3,1.52900857E-9,7.60000000E3,1.56379138E-9,7.70000000E3,1.54357735E-9,7.70000000E3,1.55083743E-9,7.70000000E3,1.58505428E-9,7.80000000E3,1.56561866E-9,7.80000000E3,1.57367711E-9,7.90000000E3,1.60517165E-9,7.90000000E3,1.59073017E-9,8.00000000E3,1.59483067E-9,8.00000000E3,1.62978497E-9,8.10000000E3,1.61193938E-9,8.10000000E3,1.61972760E-9,8.10000000E3,1.65469981E-9,8.20000000E3,1.63687992E-9,8.20000000E3,1.64446039E-9,8.30000000E3,1.67419995E-9,8.30000000E3,1.65964915E-9,8.40000000E3,1.66236230E-9,8.40000000E3,1.69571197E-9,8.50000000E3,1.67604227E-9,8.50000000E3,1.68192389E-9,8.60000000E3,1.70960422E-9,8.60000000E3,1.69315942E-9,8.60000000E3,1.69806187E-9,8.70000000E3,1.72425099E-9,8.80000000E3,1.70321134E-9,8.80000000E3,1.70735904E-9,8.80000000E3,1.73593722E-9,8.90000000E3,1.71403571E-9,8.90000000E3,1.71747675E-9,9.00000000E3,1.74168556E-9,9.00000000E3,1.72283844E-9,9.10000000E3,1.72223680E-9,9.10000000E3,1.74928922E-9,9.20000000E3,1.72642097E-9,9.20000000E3,1.72893557E-9,9.20000000E3,1.75540857E-9,9.30000000E3,1.73215721E-9,9.30000000E3,1.73437147E-9,9.40000000E3,1.75720359E-9,9.40000000E3,1.73709554E-9,9.50000000E3,1.73579052E-9,9.50000000E3,1.76176031E-9,9.60000000E3,1.73819713E-9,9.60000000E3,1.73998995E-9,9.70000000E3,1.76240328E-9,9.70000000E3,1.74190335E-9,9.80000000E3,1.74046301E-9,9.80000000E3,1.76595344E-9,9.90000000E3,1.74231358E-9,9.90000000E3,1.74384062E-9,9.90000000E3,1.76905038E-9,10.0000000E3,1.74534940E-9,10.0000000E3,1.74681000E-9,50.0000000E3,1.63829310E-9,100.000000E3,1.62817077E-9,100.000000E3,1.62862184E-9,100.000000E3,1.65316194E-9, , , , , , , , , , , , , , , , , , , , , , , , , , , , , , , , , , , , , , , , , , , , , , , , , , , , , , , , , , , , , , , , , , , , , , , , , , , , , , , , , , , , , , , , , , , , , , , , , , , , , , , , , , , , , , , , 
7500.0,1.53050237e-09,7500.0,1.50872108e-09,7500.0,1.51350366e-09,7.60000000E3,1.54140569E-9,7.60000000E3,1.52257398E-9,7.70000000E3,1.52516956E-9,7.70000000E3,1.55984173E-9,7.80000000E3,1.53975118E-9,7.80000000E3,1.54706957E-9,7.80000000E3,1.58126521E-9,7.90000000E3,1.56212272E-9,7.90000000E3,1.56963789E-9,8.00000000E3,1.60124353E-9,8.00000000E3,1.58691221E-9,8.10000000E3,1.59127809E-9,8.10000000E3,1.62597933E-9,8.20000000E3,1.60805591E-9,8.20000000E3,1.61580279E-9,8.20000000E3,1.65068047E-9,8.30000000E3,1.63297215E-9,8.30000000E3,1.64049828E-9,8.40000000E3,1.67028941E-9,8.40000000E3,1.65571153E-9,8.50000000E3,1.65849176E-9,8.50000000E3,1.69130431E-9,8.60000000E3,1.67216472E-9,8.60000000E3,1.67801246E-9,8.70000000E3,1.70579062E-9,8.70000000E3,1.68932830E-9,8.70000000E3,1.69422035E-9,8.80000000E3,1.72049726E-9,8.90000000E3,1.69924930E-9,8.90000000E3,1.70335106E-9,8.90000000E3,1.73224752E-9,9.00000000E3,1.71045163E-9,9.00000000E3,1.71386320E-9,9.10000000E3,1.73813966E-9,9.10000000E3,1.71930927E-9,9.20000000E3,1.71876887E-9,9.20000000E3,1.74581855E-9,9.30000000E3,1.72303466E-9,9.30000000E3,1.72553160E-9,9.30000000E3,1.75197834E-9,9.40000000E3,1.72882935E-9,9.40000000E3,1.73102461E-9,9.50000000E3,1.75391367E-9,9.50000000E3,1.73381912E-9,9.60000000E3,1.73263679E-9,9.60000000E3,1.75850851E-9,9.70000000E3,1.73503428E-9,9.70000000E3,1.73680701E-9,9.80000000E3,1.75930999E-9,9.80000000E3,1.73882283E-9,9.90000000E3,1.73744277E-9,9.90000000E3,1.76290031E-9,10.0000000E3,1.73934463E-9,10.0000000E3,1.74085427E-9,10.0000000E3,1.76607153E-9,50.0000000E3,1.61315130E-9,50.0000000E3,1.61363205E-9,100.000000E3,1.64857680E-9, , , , , , , , , , , , , , , , , , , , , , , , , , , , , , , , , , , , , , , , , , , , , , , , , , , , , , , , , , , , , , , , , , , , , , , , , , , , , , , , , , , , , , , , , , , , , , , , , , , , , , , , , , , , , , , , , , , , , , 
7600.0,1.52661708e-09,7600.0,1.50493936e-09,7600.0,1.50954602e-09,7.70000000E3,1.53753043E-9,7.70000000E3,1.51913299E-9,7.80000000E3,1.52166292E-9,7.80000000E3,1.55612123E-9,7.90000000E3,1.53559809E-9,7.90000000E3,1.54304596E-9,7.90000000E3,1.57754979E-9,8.00000000E3,1.55851574E-9,8.00000000E3,1.56605718E-9,8.10000000E3,1.59751061E-9,8.10000000E3,1.58322492E-9,8.20000000E3,1.58749621E-9,8.20000000E3,1.62212969E-9,8.30000000E3,1.60427459E-9,8.30000000E3,1.61202985E-9,8.30000000E3,1.64677840E-9,8.40000000E3,1.62917912E-9,8.40000000E3,1.63663830E-9,8.50000000E3,1.66648151E-9,8.50000000E3,1.65187869E-9,8.60000000E3,1.65476291E-9,8.60000000E3,1.68743547E-9,8.70000000E3,1.66855936E-9,8.70000000E3,1.67435125E-9,8.80000000E3,1.70209179E-9,8.80000000E3,1.68562302E-9,8.80000000E3,1.69050221E-9,8.90000000E3,1.71668584E-9,9.00000000E3,1.69569706E-9,9.00000000E3,1.69979724E-9,9.00000000E3,1.72865450E-9,9.10000000E3,1.70695709E-9,9.10000000E3,1.71034352E-9,9.20000000E3,1.73468026E-9,9.20000000E3,1.71586339E-9,9.30000000E3,1.71538668E-9,9.30000000E3,1.74242030E-9,9.40000000E3,1.71972177E-9,9.40000000E3,1.72219835E-9,9.40000000E3,1.74864120E-9,9.50000000E3,1.72557811E-9,9.50000000E3,1.72775220E-9,9.60000000E3,1.75076730E-9,9.60000000E3,1.73068643E-9,9.70000000E3,1.72951069E-9,9.70000000E3,1.75534487E-9,9.80000000E3,1.73198375E-9,9.80000000E3,1.73373843E-9,9.90000000E3,1.75629298E-9,9.90000000E3,1.73581965E-9,10.0000000E3,1.73447345E-9,10.0000000E3,1.75991864E-9,50.0000000E3,1.60842863E-9,50.0000000E3,1.60895455E-9,50.0000000E3,1.63349346E-9,100.000000E3,1.62369034E-9,100.000000E3,1.62415392E-9, , , , , , , , , , , , , , , , , , , , , , , , , , , , , , , , , , , , , , , , , , , , , , , , , , , , , , , , , , , , , , , , , , , , , , , , , , , , , , , , , , , , , , , , , , , , , , , , , , , , , , , , , , , , , , , , , , , , , , , , 
7700.0,1.52265936e-09,7700.0,1.50109296e-09,7700.0,1.50568541e-09,7.80000000E3,1.53382871E-9,7.80000000E3,1.51542126E-9,7.90000000E3,1.51813079E-9,7.90000000E3,1.55242567E-9,8.00000000E3,1.53201659E-9,8.00000000E3,1.53927215E-9,8.00000000E3,1.57379375E-9,8.10000000E3,1.55518759E-9,8.10000000E3,1.56292370E-9,8.20000000E3,1.59373770E-9,8.20000000E3,1.57951537E-9,8.30000000E3,1.58382759E-9,8.30000000E3,1.61838675E-9,8.40000000E3,1.60057505E-9,8.40000000E3,1.60836034E-9,8.40000000E3,1.64297087E-9,8.50000000E3,1.62548954E-9,8.50000000E3,1.63289228E-9,8.60000000E3,1.66277936E-9,8.60000000E3,1.64814493E-9,8.70000000E3,1.65113984E-9,8.70000000E3,1.68385409E-9,8.80000000E3,1.66492465E-9,8.80000000E3,1.67067050E-9,8.90000000E3,1.69848409E-9,8.90000000E3,1.68200820E-9,8.90000000E3,1.68687616E-9,9.00000000E3,1.71313491E-9,9.10000000E3,1.69258630E-9,9.10000000E3,1.69663745E-9,9.10000000E3,1.72515595E-9,9.20000000E3,1.70349017E-9,9.20000000E3,1.70684373E-9,9.30000000E3,1.73130428E-9,9.30000000E3,1.71250189E-9,9.40000000E3,1.71209902E-9,9.40000000E3,1.73909622E-9,9.50000000E3,1.71650070E-9,9.50000000E3,1.71895251E-9,9.50000000E3,1.74537865E-9,9.60000000E3,1.72243676E-9,9.60000000E3,1.72459338E-9,9.70000000E3,1.74764858E-9,9.70000000E3,1.72758061E-9,9.80000000E3,1.72647301E-9,9.80000000E3,1.75228168E-9,9.90000000E3,1.72900588E-9,9.90000000E3,1.73074335E-9,10.0000000E3,1.75332976E-9,10.0000000E3,1.73286809E-9,50.0000000E3,1.60412835E-9,50.0000000E3,1.62868702E-9,100.000000E3,1.61919057E-9,100.000000E3,1.61966864E-9,100.000000E3,1.64406827E-9, , , , , , , , , , , , , , , , , , , , , , , , , , , , , , , , , , , , , , , , , , , , , , , , , , , , , , , , , , , , , , , , , , , , , , , , , , , , , , , , , , , , , , , , , , , , , , , , , , , , , , , , , , , , , , , , , , , , , , , , , , , , 
7800.0,1.51864116e-09,7800.0,1.49712646e-09,7800.0,1.50199468e-09,7.90000000E3,1.53035608E-9,7.90000000E3,1.51173324E-9,8.00000000E3,1.51423416E-9,8.00000000E3,1.54886923E-9,8.10000000E3,1.52899931E-9,8.10000000E3,1.53596418E-9,8.10000000E3,1.57010037E-9,8.20000000E3,1.55165360E-9,8.20000000E3,1.55932645E-9,8.30000000E3,1.59006089E-9,8.30000000E3,1.57592030E-9,8.40000000E3,1.58021504E-9,8.40000000E3,1.61476201E-9,8.50000000E3,1.59715998E-9,8.50000000E3,1.60492464E-9,8.50000000E3,1.63929862E-9,8.60000000E3,1.62191525E-9,8.60000000E3,1.62925407E-9,8.70000000E3,1.65918772E-9,8.70000000E3,1.64452629E-9,8.80000000E3,1.64796137E-9,8.80000000E3,1.68023687E-9,8.90000000E3,1.66138466E-9,8.90000000E3,1.66708700E-9,9.00000000E3,1.69497707E-9,9.00000000E3,1.67849430E-9,9.00000000E3,1.68335230E-9,9.10000000E3,1.70986876E-9,9.20000000E3,1.68932072E-9,9.20000000E3,1.69334411E-9,9.20000000E3,1.72170735E-9,9.30000000E3,1.70022081E-9,9.30000000E3,1.70355431E-9,9.40000000E3,1.72802387E-9,9.40000000E3,1.70923582E-9,9.50000000E3,1.70889475E-9,9.50000000E3,1.73586420E-9,9.60000000E3,1.71336632E-9,9.60000000E3,1.71579934E-9,9.60000000E3,1.74223151E-9,9.70000000E3,1.71935910E-9,9.70000000E3,1.72149611E-9,9.80000000E3,1.74461823E-9,9.80000000E3,1.72456418E-9,9.90000000E3,1.72349973E-9,9.90000000E3,1.74929439E-9,10.0000000E3,1.72605881E-9,10.0000000E3,1.72777788E-9,50.0000000E3,1.62372091E-9,50.0000000E3,1.60355699E-9,100.000000E3,1.61520785E-9,100.000000E3,1.63954144E-9, , , , , , , , , , , , , , , , , , , , , , , , , , , , , , , , , , , , , , , , , , , , , , , , , , , , , , , , , , , , , , , , , , , , , , , , , , , , , , , , , , , , , , , , , , , , , , , , , , , , , , , , , , , , , , , , , , , , , , , , , , , , , , , , , , 
7900.0,1.51486742e-09,7900.0,1.49343713e-09,7900.0,1.49831624e-09,8.00000000E3,1.52639298E-9,8.00000000E3,1.50821345E-9,8.10000000E3,1.51158252E-9,8.10000000E3,1.54540003E-9,8.20000000E3,1.52555001E-9,8.20000000E3,1.53245857E-9,8.20000000E3,1.56655473E-9,8.30000000E3,1.54822988E-9,8.30000000E3,1.55581996E-9,8.40000000E3,1.58654611E-9,8.40000000E3,1.57239933E-9,8.50000000E3,1.57672820E-9,8.50000000E3,1.61135413E-9,8.60000000E3,1.59362705E-9,8.60000000E3,1.60143770E-9,8.60000000E3,1.63576449E-9,8.70000000E3,1.61845422E-9,8.70000000E3,1.62572896E-9,8.80000000E3,1.65578854E-9,8.80000000E3,1.64138036E-9,8.90000000E3,1.64464823E-9,8.90000000E3,1.67671455E-9,9.00000000E3,1.65793442E-9,9.00000000E3,1.66358909E-9,9.10000000E3,1.69156356E-9,9.10000000E3,1.67507443E-9,9.10000000E3,1.67992145E-9,9.20000000E3,1.70659385E-9,9.30000000E3,1.68602071E-9,9.30000000E3,1.69001470E-9,9.30000000E3,1.71841996E-9,9.40000000E3,1.69694193E-9,9.40000000E3,1.70024955E-9,9.50000000E3,1.72482681E-9,9.50000000E3,1.70605163E-9,9.60000000E3,1.70575934E-9,9.60000000E3,1.73271502E-9,9.70000000E3,1.71030365E-9,9.70000000E3,1.71271737E-9,9.70000000E3,1.73914168E-9,9.80000000E3,1.71635710E-9,9.80000000E3,1.71847643E-9,9.90000000E3,1.74165064E-9,9.90000000E3,1.72160749E-9,10.0000000E3,1.72070422E-9,10.0000000E3,1.74633625E-9,50.0000000E3,1.59845575E-9,50.0000000E3,1.59909027E-9,100.000000E3,1.63516104E-9,100.000000E3,1.61475524E-9, , , , , , , , , , , , , , , , , , , , , , , , , , , , , , , , , , , , , , , , , , , , , , , , , , , , , , , , , , , , , , , , , , , , , , , , , , , , , , , , , , , , , , , , , , , , , , , , , , , , , , , , , , , , , , , , , , , , , , , , , , , , , , , , , , , , , , 
8000.0,1.511225e-09,8000.0,1.4898888e-09,8000.0,1.49485568e-09,8.10000000E3,1.52380112E-9,8.10000000E3,1.50560850E-9,8.20000000E3,1.50814034E-9,8.20000000E3,1.54195032E-9,8.30000000E3,1.52220725E-9,8.30000000E3,1.52906539E-9,8.30000000E3,1.56312729E-9,8.40000000E3,1.54490165E-9,8.40000000E3,1.55241383E-9,8.50000000E3,1.58312959E-9,8.50000000E3,1.56896146E-9,8.60000000E3,1.57333561E-9,8.60000000E3,1.60786595E-9,8.70000000E3,1.59033184E-9,8.70000000E3,1.59807119E-9,8.70000000E3,1.63234390E-9,8.80000000E3,1.61507362E-9,8.80000000E3,1.62229473E-9,8.90000000E3,1.65269105E-9,8.90000000E3,1.63803626E-9,9.00000000E3,1.64124255E-9,9.00000000E3,1.67328587E-9,9.10000000E3,1.65460157E-9,9.10000000E3,1.66022544E-9,9.20000000E3,1.68824475E-9,9.20000000E3,1.67176108E-9,9.20000000E3,1.67660568E-9,9.30000000E3,1.70329368E-9,9.40000000E3,1.68282345E-9,9.40000000E3,1.68679027E-9,9.40000000E3,1.71514027E-9,9.50000000E3,1.69375899E-9,9.50000000E3,1.69705942E-9,9.60000000E3,1.72169347E-9,9.60000000E3,1.70293445E-9,9.70000000E3,1.70271808E-9,9.70000000E3,1.72964259E-9,9.80000000E3,1.70732008E-9,9.80000000E3,1.70971445E-9,9.80000000E3,1.73612979E-9,9.90000000E3,1.71347363E-9,9.90000000E3,1.71557559E-9,10.0000000E3,1.73886004E-9,10.0000000E3,1.71882859E-9,50.0000000E3,1.59402085E-9,50.0000000E3,1.61857212E-9,100.000000E3,1.61036571E-9,100.000000E3,1.61084661E-9, , , , , , , , , , , , , , , , , , , , , , , , , , , , , , , , , , , , , , , , , , , , , , , , , , , , , , , , , , , , , , , , , , , , , , , , , , , , , , , , , , , , , , , , , , , , , , , , , , , , , , , , , , , , , , , , , , , , , , , , , , , , , , , , , , , , , , , , , , 
8100.0,1.50761794e-09,8100.0,1.48650677e-09,8100.0,1.49130517e-09,8.20000000E3,1.52041749E-9,8.20000000E3,1.50221752E-9,8.30000000E3,1.50471956E-9,8.30000000E3,1.53860426E-9,8.40000000E3,1.51890237E-9,8.40000000E3,1.52568376E-9,8.40000000E3,1.55986934E-9,8.50000000E3,1.54155475E-9,8.50000000E3,1.54896621E-9,8.60000000E3,1.57985673E-9,8.60000000E3,1.56563609E-9,8.70000000E3,1.57002464E-9,8.70000000E3,1.60447504E-9,8.80000000E3,1.58708134E-9,8.80000000E3,1.59448480E-9,8.80000000E3,1.62899027E-9,8.90000000E3,1.61178886E-9,8.90000000E3,1.61895670E-9,9.00000000E3,1.64929833E-9,9.00000000E3,1.63467916E-9,9.10000000E3,1.63749806E-9,9.10000000E3,1.66994776E-9,9.20000000E3,1.65134526E-9,9.20000000E3,1.65692720E-9,9.30000000E3,1.68501329E-9,9.30000000E3,1.66855120E-9,9.30000000E3,1.67336598E-9,9.40000000E3,1.70009742E-9,9.50000000E3,1.67928236E-9,9.50000000E3,1.68326538E-9,9.50000000E3,1.71195486E-9,9.60000000E3,1.69068309E-9,9.60000000E3,1.69394528E-9,9.70000000E3,1.71866001E-9,9.70000000E3,1.69991280E-9,9.80000000E3,1.69974505E-9,9.80000000E3,1.72664786E-9,9.90000000E3,1.70440810E-9,9.90000000E3,1.70678239E-9,9.90000000E3,1.73323284E-9,10.0000000E3,1.71069599E-9,10.0000000E3,1.71278626E-9,50.0000000E3,1.61345575E-9,50.0000000E3,1.59338159E-9,100.000000E3,1.60642842E-9,100.000000E3,1.63072590E-9, , , , , , , , , , , , , , , , , , , , , , , , , , , , , , , , , , , , , , , , , , , , , , , , , , , , , , , , , , , , , , , , , , , , , , , , , , , , , , , , , , , , , , , , , , , , , , , , , , , , , , , , , , , , , , , , , , , , , , , , , , , , , , , , , , , , , , , , , , , , , , 
8200.0,1.50442724e-09,8200.0,1.4833387e-09,8200.0,1.48806432e-09,8.30000000E3,1.51706438E-9,8.30000000E3,1.49884202E-9,8.40000000E3,1.50154867E-9,8.40000000E3,1.53535890E-9,8.50000000E3,1.51571125E-9,8.50000000E3,1.52244473E-9,8.50000000E3,1.55661405E-9,8.60000000E3,1.53803746E-9,8.60000000E3,1.54530265E-9,8.70000000E3,1.57667425E-9,8.70000000E3,1.56241860E-9,8.80000000E3,1.56669449E-9,8.80000000E3,1.60121908E-9,8.90000000E3,1.58401411E-9,8.90000000E3,1.59136855E-9,8.90000000E3,1.62573031E-9,9.00000000E3,1.60859631E-9,9.00000000E3,1.61571198E-9,9.10000000E3,1.64553408E-9,9.10000000E3,1.63106146E-9,9.20000000E3,1.63469297E-9,9.20000000E3,1.66670485E-9,9.30000000E3,1.64816724E-9,9.30000000E3,1.65371655E-9,9.40000000E3,1.68184810E-9,9.40000000E3,1.66540841E-9,9.40000000E3,1.67018905E-9,9.50000000E3,1.69648569E-9,9.60000000E3,1.67662773E-9,9.60000000E3,1.68054778E-9,9.60000000E3,1.70886785E-9,9.70000000E3,1.68765942E-9,9.70000000E3,1.69091406E-9,9.80000000E3,1.71569409E-9,9.80000000E3,1.69695884E-9,9.90000000E3,1.69685057E-9,9.90000000E3,1.72372611E-9,10.0000000E3,1.70141686E-9,10.0000000E3,1.70377251E-9,10.0000000E3,1.73043174E-9,50.0000000E3,1.58816668E-9,50.0000000E3,1.58889677E-9,100.000000E3,1.62624252E-9,100.000000E3,1.60592448E-9, , , , , , , , , , , , , , , , , , , , , , , , , , , , , , , , , , , , , , , , , , , , , , , , , , , , , , , , , , , , , , , , , , , , , , , , , , , , , , , , , , , , , , , , , , , , , , , , , , , , , , , , , , , , , , , , , , , , , , , , , , , , , , , , , , , , , , , , , , , , , , , , , , 
8300.0,1.50101617e-09,8300.0,1.48002819e-09,8300.0,1.48472433e-09,8.40000000E3,1.51382988E-9,8.40000000E3,1.49559232E-9,8.50000000E3,1.49841231E-9,8.50000000E3,1.53215882E-9,8.60000000E3,1.51220907E-9,8.60000000E3,1.51918547E-9,8.60000000E3,1.55321947E-9,8.70000000E3,1.53517286E-9,8.70000000E3,1.54243734E-9,8.80000000E3,1.57378425E-9,8.80000000E3,1.55926483E-9,8.90000000E3,1.56374747E-9,8.90000000E3,1.59816602E-9,9.00000000E3,1.58100594E-9,9.00000000E3,1.58846974E-9,9.00000000E3,1.62255823E-9,9.10000000E3,1.60522166E-9,9.10000000E3,1.61237636E-9,9.20000000E3,1.64278846E-9,9.20000000E3,1.62821771E-9,9.30000000E3,1.63139545E-9,9.30000000E3,1.66352734E-9,9.40000000E3,1.64508272E-9,9.40000000E3,1.65059477E-9,9.50000000E3,1.67878538E-9,9.50000000E3,1.66237003E-9,9.50000000E3,1.66712030E-9,9.60000000E3,1.69389317E-9,9.70000000E3,1.67361846E-9,9.70000000E3,1.67750934E-9,9.70000000E3,1.70584054E-9,9.80000000E3,1.68472484E-9,9.80000000E3,1.68795866E-9,9.90000000E3,1.71281061E-9,9.90000000E3,1.69408506E-9,10.0000000E3,1.69387300E-9,10.0000000E3,1.72072081E-9,50.0000000E3,1.58267313E-9,50.0000000E3,1.58351420E-9,50.0000000E3,1.60809376E-9,100.000000E3,1.60155997E-9,100.000000E3,1.60203580E-9, , , , , , , , , , , , , , , , , , , , , , , , , , , , , , , , , , , , , , , , , , , , , , , , , , , , , , , , , , , , , , , , , , , , , , , , , , , , , , , , , , , , , , , , , , , , , , , , , , , , , , , , , , , , , , , , , , , , , , , , , , , , , , , , , , , , , , , , , , , , , , , , , , , , , , 
8400.0,1.49767056e-09,8400.0,1.47679288e-09,8400.0,1.48144136e-09,8.50000000E3,1.51065607E-9,8.50000000E3,1.49243928E-9,8.60000000E3,1.49537320E-9,8.60000000E3,1.52887593E-9,8.70000000E3,1.50894859E-9,8.70000000E3,1.51608738E-9,8.70000000E3,1.55030651E-9,8.80000000E3,1.53213224E-9,8.80000000E3,1.53936086E-9,8.90000000E3,1.57037074E-9,8.90000000E3,1.55618853E-9,9.00000000E3,1.56071982E-9,9.00000000E3,1.59489902E-9,9.10000000E3,1.57786025E-9,9.10000000E3,1.58512700E-9,9.10000000E3,1.61927695E-9,9.20000000E3,1.60233653E-9,9.20000000E3,1.60930704E-9,9.30000000E3,1.63951168E-9,9.30000000E3,1.62496405E-9,9.40000000E3,1.62843663E-9,9.40000000E3,1.66045823E-9,9.50000000E3,1.64205601E-9,9.50000000E3,1.64752986E-9,9.60000000E3,1.67580123E-9,9.60000000E3,1.65936793E-9,9.60000000E3,1.66409470E-9,9.70000000E3,1.69087998E-9,9.80000000E3,1.67068853E-9,9.80000000E3,1.67455773E-9,9.80000000E3,1.70290025E-9,9.90000000E3,1.68185050E-9,9.90000000E3,1.68508526E-9,10.0000000E3,1.70983922E-9,10.0000000E3,1.69112399E-9,50.0000000E3,1.57774266E-9,50.0000000E3,1.60247543E-9,100.000000E3,1.59733994E-9,100.000000E3,1.59784167E-9,100.000000E3,1.62194256E-9, , , , , , , , , , , , , , , , , , , , , , , , , , , , , , , , , , , , , , , , , , , , , , , , , , , , , , , , , , , , , , , , , , , , , , , , , , , , , , , , , , , , , , , , , , , , , , , , , , , , , , , , , , , , , , , , , , , , , , , , , , , , , , , , , , , , , , , , , , , , , , , , , , , , , , , , , , 
8500.0,1.49440809e-09,8500.0,1.47363127e-09,8500.0,1.4782589e-09,8.60000000E3,1.50756917E-9,8.60000000E3,1.48935372E-9,8.70000000E3,1.49278094E-9,8.70000000E3,1.52571005E-9,8.80000000E3,1.50638950E-9,8.80000000E3,1.51343579E-9,8.80000000E3,1.54724972E-9,8.90000000E3,1.52913975E-9,8.90000000E3,1.53630652E-9,9.00000000E3,1.56740967E-9,9.00000000E3,1.55319910E-9,9.10000000E3,1.55775048E-9,9.10000000E3,1.59203594E-9,9.20000000E3,1.57486178E-9,9.20000000E3,1.58213439E-9,9.20000000E3,1.61644406E-9,9.30000000E3,1.59928727E-9,9.30000000E3,1.60620941E-9,9.40000000E3,1.63651338E-9,9.40000000E3,1.62207060E-9,9.50000000E3,1.62555347E-9,9.50000000E3,1.65744487E-9,9.60000000E3,1.63913227E-9,9.60000000E3,1.64457721E-9,9.70000000E3,1.67287505E-9,9.70000000E3,1.65646163E-9,9.70000000E3,1.66115841E-9,9.80000000E3,1.68794563E-9,9.90000000E3,1.66746018E-9,9.90000000E3,1.67129887E-9,9.90000000E3,1.70002494E-9,10.0000000E3,1.67910850E-9,10.0000000E3,1.68232672E-9,50.0000000E3,1.59655387E-9,50.0000000E3,1.57684661E-9,100.000000E3,1.59357747E-9,100.000000E3,1.61768314E-9, , , , , , , , , , , , , , , , , , , , , , , , , , , , , , , , , , , , , , , , , , , , , , , , , , , , , , , , , , , , , , , , , , , , , , , , , , , , , , , , , , , , , , , , , , , , , , , , , , , , , , , , , , , , , , , , , , , , , , , , , , , , , , , , , , , , , , , , , , , , , , , , , , , , , , , , , , , , , , , , 
8600.0,1.49123872e-09,8600.0,1.47057032e-09,8600.0,1.47516447e-09,8.70000000E3,1.50491024E-9,8.70000000E3,1.48666228E-9,8.80000000E3,1.48983634E-9,8.80000000E3,1.52280214E-9,8.90000000E3,1.50356168E-9,8.90000000E3,1.51055402E-9,8.90000000E3,1.54428812E-9,9.00000000E3,1.52621745E-9,9.00000000E3,1.53332170E-9,9.10000000E3,1.56452025E-9,9.10000000E3,1.55028508E-9,9.20000000E3,1.55486030E-9,9.20000000E3,1.58907820E-9,9.30000000E3,1.57195965E-9,9.30000000E3,1.57923584E-9,9.30000000E3,1.61342892E-9,9.40000000E3,1.59648864E-9,9.40000000E3,1.60333826E-9,9.50000000E3,1.63380434E-9,9.50000000E3,1.61918038E-9,9.60000000E3,1.62259976E-9,9.60000000E3,1.65452114E-9,9.70000000E3,1.63665257E-9,9.70000000E3,1.64206246E-9,9.80000000E3,1.66971433E-9,9.80000000E3,1.65333364E-9,9.80000000E3,1.65801591E-9,9.90000000E3,1.68472752E-9,10.0000000E3,1.66469369E-9,10.0000000E3,1.66851036E-9,10.0000000E3,1.69727790E-9,50.0000000E3,1.57059962E-9,50.0000000E3,1.57166769E-9,100.000000E3,1.61332869E-9,100.000000E3,1.59303532E-9, , , , , , , , , , , , , , , , , , , , , , , , , , , , , , , , , , , , , , , , , , , , , , , , , , , , , , , , , , , , , , , , , , , , , , , , , , , , , , , , , , , , , , , , , , , , , , , , , , , , , , , , , , , , , , , , , , , , , , , , , , , , , , , , , , , , , , , , , , , , , , , , , , , , , , , , , , , , , , , , , , , , 
8700.0,1.48810945e-09,8700.0,1.46753914e-09,8700.0,1.47208698e-09,8.80000000E3,1.50192199E-9,8.80000000E3,1.48367432E-9,8.90000000E3,1.48694859E-9,8.90000000E3,1.51987046E-9,9.00000000E3,1.50076668E-9,9.00000000E3,1.50770048E-9,9.00000000E3,1.54140010E-9,9.10000000E3,1.52335287E-9,9.10000000E3,1.53042184E-9,9.20000000E3,1.56172291E-9,9.20000000E3,1.54744958E-9,9.30000000E3,1.55202415E-9,9.30000000E3,1.58620478E-9,9.40000000E3,1.56909085E-9,9.40000000E3,1.57644620E-9,9.40000000E3,1.61064216E-9,9.50000000E3,1.59354008E-9,9.50000000E3,1.60037503E-9,9.60000000E3,1.63078889E-9,9.60000000E3,1.61632371E-9,9.70000000E3,1.61980188E-9,9.70000000E3,1.65205012E-9,9.80000000E3,1.63396835E-9,9.80000000E3,1.63933696E-9,9.90000000E3,1.66690738E-9,9.90000000E3,1.65055284E-9,9.90000000E3,1.65520757E-9,10.0000000E3,1.68195009E-9,50.0000000E3,1.56367507E-9,50.0000000E3,1.56497017E-9,50.0000000E3,1.59005570E-9,100.000000E3,1.58870131E-9,100.000000E3,1.58928177E-9, , , , , , , , , , , , , , , , , , , , , , , , , , , , , , , , , , , , , , , , , , , , , , , , , , , , , , , , , , , , , , , , , , , , , , , , , , , , , , , , , , , , , , , , , , , , , , , , , , , , , , , , , , , , , , , , , , , , , , , , , , , , , , , , , , , , , , , , , , , , , , , , , , , , , , , , , , , , , , , , , , , , , , , , 
8800.0,1.48505803e-09,8800.0,1.4645814e-09,8800.0,1.46914389e-09,8.90000000E3,1.49900666E-9,8.90000000E3,1.48075999E-9,9.00000000E3,1.48415283E-9,9.00000000E3,1.51698243E-9,9.10000000E3,1.49805708E-9,9.10000000E3,1.50489854E-9,9.10000000E3,1.53857551E-9,9.20000000E3,1.52058689E-9,9.20000000E3,1.52761378E-9,9.30000000E3,1.55897292E-9,9.30000000E3,1.54467697E-9,9.40000000E3,1.54933635E-9,9.40000000E3,1.58339616E-9,9.50000000E3,1.56632568E-9,9.50000000E3,1.57370290E-9,9.50000000E3,1.60769294E-9,9.60000000E3,1.59086157E-9,9.60000000E3,1.59765366E-9,9.70000000E3,1.62804712E-9,9.70000000E3,1.61356395E-9,9.80000000E3,1.61666790E-9,9.80000000E3,1.64937719E-9,9.90000000E3,1.63117747E-9,9.90000000E3,1.63651251E-9,10.0000000E3,1.66391688E-9,10.0000000E3,1.64758797E-9,10.0000000E3,1.65220802E-9,50.0000000E3,1.58282122E-9,100.000000E3,1.58443572E-9,100.000000E3,1.58499335E-9,100.000000E3,1.60893831E-9, , , , , , , , , , , , , , , , , , , , , , , , , , , , , , , , , , , , , , , , , , , , , , , , , , , , , , , , , , , , , , , , , , , , , , , , , , , , , , , , , , , , , , , , , , , , , , , , , , , , , , , , , , , , , , , , , , , , , , , , , , , , , , , , , , , , , , , , , , , , , , , , , , , , , , , , , , , , , , , , , , , , , , , , , , , , 
8900.0,1.48207285e-09,8900.0,1.46168207e-09,8900.0,1.46631088e-09,9.00000000E3,1.49615762E-9,9.00000000E3,1.47791044E-9,9.10000000E3,1.48135423E-9,9.10000000E3,1.51462302E-9,9.20000000E3,1.49525411E-9,9.20000000E3,1.50221118E-9,9.20000000E3,1.53582245E-9,9.30000000E3,1.51783934E-9,9.30000000E3,1.52478452E-9,9.40000000E3,1.55633907E-9,9.40000000E3,1.54202427E-9,9.50000000E3,1.54665263E-9,9.50000000E3,1.58066254E-9,9.60000000E3,1.56366659E-9,9.60000000E3,1.57103447E-9,9.60000000E3,1.60502731E-9,9.70000000E3,1.58821856E-9,9.70000000E3,1.59499627E-9,9.80000000E3,1.62493416E-9,9.80000000E3,1.61045061E-9,9.90000000E3,1.61395564E-9,9.90000000E3,1.64659862E-9,10.0000000E3,1.62829129E-9,10.0000000E3,1.63357767E-9,50.0000000E3,1.57472144E-9,50.0000000E3,1.55587982E-9,50.0000000E3,1.55745131E-9,100.000000E3,1.60473970E-9, , , , , , , , , , , , , , , , , , , , , , , , , , , , , , , , , , , , , , , , , , , , , , , , , , , , , , , , , , , , , , , , , , , , , , , , , , , , , , , , , , , , , , , , , , , , , , , , , , , , , , , , , , , , , , , , , , , , , , , , , , , , , , , , , , , , , , , , , , , , , , , , , , , , , , , , , , , , , , , , , , , , , , , , , , , , , , , , , , 
9000.0,1.47915815e-09,9000.0,1.45886062e-09,9000.0,1.46354212e-09,9.10000000E3,1.49322742E-9,9.10000000E3,1.47527741E-9,9.20000000E3,1.47867299E-9,9.20000000E3,1.51187531E-9,9.30000000E3,1.49259725E-9,9.30000000E3,1.49957914E-9,9.30000000E3,1.53314153E-9,9.40000000E3,1.51523626E-9,9.40000000E3,1.52213320E-9,9.50000000E3,1.55376266E-9,9.50000000E3,1.53940548E-9,9.60000000E3,1.54404092E-9,9.60000000E3,1.57799672E-9,9.70000000E3,1.56110620E-9,9.70000000E3,1.56843128E-9,9.70000000E3,1.60234039E-9,9.80000000E3,1.58550171E-9,9.80000000E3,1.59221363E-9,9.90000000E3,1.62227092E-9,9.90000000E3,1.60776677E-9,10.0000000E3,1.61131569E-9,10.0000000E3,1.64372772E-9,50.0000000E3,1.54716721E-9,50.0000000E3,1.54905596E-9,100.000000E3,1.60048153E-9,100.000000E3,1.58023334E-9,100.000000E3,1.58083489E-9, , , , , , , , , , , , , , , , , , , , , , , , , , , , , , , , , , , , , , , , , , , , , , , , , , , , , , , , , , , , , , , , , , , , , , , , , , , , , , , , , , , , , , , , , , , , , , , , , , , , , , , , , , , , , , , , , , , , , , , , , , , , , , , , , , , , , , , , , , , , , , , , , , , , , , , , , , , , , , , , , , , , , , , , , , , , , , , , , , , , 
9100.0,1.47629714e-09,9100.0,1.45611261e-09,9100.0,1.46083109e-09,9.20000000E3,1.49051831E-9,9.20000000E3,1.47263364E-9,9.30000000E3,1.47605004E-9,9.30000000E3,1.50920358E-9,9.40000000E3,1.49007138E-9,9.40000000E3,1.49700527E-9,9.40000000E3,1.53055222E-9,9.50000000E3,1.51262544E-9,9.50000000E3,1.51948639E-9,9.60000000E3,1.55094318E-9,9.60000000E3,1.53673970E-9,9.70000000E3,1.54149838E-9,9.70000000E3,1.57539708E-9,9.80000000E3,1.55876996E-9,9.80000000E3,1.56602888E-9,9.80000000E3,1.59968474E-9,9.90000000E3,1.58299678E-9,9.90000000E3,1.58969680E-9,10.0000000E3,1.61968207E-9,10.0000000E3,1.60516561E-9,50.0000000E3,1.53937119E-9,50.0000000E3,1.56551220E-9,100.000000E3,1.57591689E-9,100.000000E3,1.57658445E-9, , , , , , , , , , , , , , , , , , , , , , , , , , , , , , , , , , , , , , , , , , , , , , , , , , , , , , , , , , , , , , , , , , , , , , , , , , , , , , , , , , , , , , , , , , , , , , , , , , , , , , , , , , , , , , , , , , , , , , , , , , , , , , , , , , , , , , , , , , , , , , , , , , , , , , , , , , , , , , , , , , , , , , , , , , , , , , , , , , , , , , , , , , 
9200.0,1.47349491e-09,9200.0,1.45341124e-09,9200.0,1.45820431e-09,9.30000000E3,1.48783917E-9,9.30000000E3,1.47007253E-9,9.40000000E3,1.47350263E-9,9.40000000E3,1.50657068E-9,9.50000000E3,1.48760669E-9,9.50000000E3,1.49449424E-9,9.50000000E3,1.52796795E-9,9.60000000E3,1.51037098E-9,9.60000000E3,1.51724333E-9,9.70000000E3,1.54846235E-9,9.70000000E3,1.53424089E-9,9.80000000E3,1.53901234E-9,9.80000000E3,1.57291055E-9,9.90000000E3,1.55618054E-9,9.90000000E3,1.56342517E-9,9.90000000E3,1.59713312E-9,10.0000000E3,1.58050092E-9,10.0000000E3,1.58715860E-9,50.0000000E3,1.55497568E-9,50.0000000E3,1.53709593E-9,100.000000E3,1.57208510E-9,100.000000E3,1.59608234E-9, , , , , , , , , , , , , , , , , , , , , , , , , , , , , , , , , , , , , , , , , , , , , , , , , , , , , , , , , , , , , , , , , , , , , , , , , , , , , , , , , , , , , , , , , , , , , , , , , , , , , , , , , , , , , , , , , , , , , , , , , , , , , , , , , , , , , , , , , , , , , , , , , , , , , , , , , , , , , , , , , , , , , , , , , , , , , , , , , , , , , , , , , , , , , , 
9300.0,1.47081114e-09,9300.0,1.45078216e-09,9300.0,1.45563448e-09,9.40000000E3,1.48519630E-9,9.40000000E3,1.46751907E-9,9.50000000E3,1.47095526E-9,9.50000000E3,1.50399968E-9,9.60000000E3,1.48515574E-9,9.60000000E3,1.49202385E-9,9.60000000E3,1.52561596E-9,9.70000000E3,1.50789465E-9,9.70000000E3,1.51471793E-9,9.80000000E3,1.54603579E-9,9.80000000E3,1.53179904E-9,9.90000000E3,1.53659145E-9,9.90000000E3,1.57044471E-9,10.0000000E3,1.55379639E-9,10.0000000E3,1.56100371E-9,10.0000000E3,1.59465876E-9,50.0000000E3,1.52515957E-9,50.0000000E3,1.52803069E-9,100.000000E3,1.59141656E-9,100.000000E3,1.57134351E-9, , , , , , , , , , , , , , , , , , , , , , , , , , , , , , , , , , , , , , , , , , , , , , , , , , , , , , , , , , , , , , , , , , , , , , , , , , , , , , , , , , , , , , , , , , , , , , , , , , , , , , , , , , , , , , , , , , , , , , , , , , , , , , , , , , , , , , , , , , , , , , , , , , , , , , , , , , , , , , , , , , , , , , , , , , , , , , , , , , , , , , , , , , , , , , , , , , 
9400.0,1.46822673e-09,9400.0,1.44821192e-09,9400.0,1.45312135e-09,9.50000000E3,1.48263838E-9,9.50000000E3,1.46503861E-9,9.60000000E3,1.46852665E-9,9.60000000E3,1.50153013E-9,9.70000000E3,1.48280331E-9,9.70000000E3,1.48962289E-9,9.70000000E3,1.52316271E-9,9.80000000E3,1.50548351E-9,9.80000000E3,1.51226636E-9,9.90000000E3,1.54366362E-9,9.90000000E3,1.52941492E-9,10.0000000E3,1.53430792E-9,10.0000000E3,1.56803431E-9,50.0000000E3,1.51061123E-9,50.0000000E3,1.51422618E-9,50.0000000E3,1.54226205E-9,100.000000E3,1.56663645E-9,100.000000E3,1.56740993E-9, , , , , , , , , , , , , , , , , , , , , , , , , , , , , , , , , , , , , , , , , , , , , , , , , , , , , , , , , , , , , , , , , , , , , , , , , , , , , , , , , , , , , , , , , , , , , , , , , , , , , , , , , , , , , , , , , , , , , , , , , , , , , , , , , , , , , , , , , , , , , , , , , , , , , , , , , , , , , , , , , , , , , , , , , , , , , , , , , , , , , , , , , , , , , , , , , , , , , , 
9500.0,1.46568811e-09,9500.0,1.44569598e-09,9500.0,1.45066242e-09,9.60000000E3,1.48015486E-9,9.60000000E3,1.46263443E-9,9.70000000E3,1.46587108E-9,9.70000000E3,1.49907630E-9,9.80000000E3,1.48049365E-9,9.80000000E3,1.48727636E-9,9.80000000E3,1.52076400E-9,9.90000000E3,1.50311658E-9,9.90000000E3,1.50986196E-9,10.0000000E3,1.54143545E-9,10.0000000E3,1.52716604E-9,50.0000000E3,1.49807845E-9,50.0000000E3,1.52679365E-9,100.000000E3,1.56186927E-9,100.000000E3,1.56277680E-9,100.000000E3,1.58670929E-9, , , , , , , , , , , , , , , , , , , , , , , , , , , , , , , , , , , , , , , , , , , , , , , , , , , , , , , , , , , , , , , , , , , , , , , , , , , , , , , , , , , , , , , , , , , , , , , , , , , , , , , , , , , , , , , , , , , , , , , , , , , , , , , , , , , , , , , , , , , , , , , , , , , , , , , , , , , , , , , , , , , , , , , , , , , , , , , , , , , , , , , , , , , , , , , , , , , , , , , , , , 
9600.0,1.46313732e-09,9600.0,1.44312837e-09,9600.0,1.44814278e-09,9.70000000E3,1.47772433E-9,9.70000000E3,1.46017051E-9,9.80000000E3,1.46385094E-9,9.80000000E3,1.49669180E-9,9.90000000E3,1.47824806E-9,9.90000000E3,1.48498995E-9,9.90000000E3,1.51842069E-9,10.0000000E3,1.50070588E-9,10.0000000E3,1.50749768E-9,50.0000000E3,1.50887897E-9,50.0000000E3,1.49364046E-9,100.000000E3,1.55776130E-9,100.000000E3,1.58178826E-9, , , , , , , , , , , , , , , , , , , , , , , , , , , , , , , , , , , , , , , , , , , , , , , , , , , , , , , , , , , , , , , , , , , , , , , , , , , , , , , , , , , , , , , , , , , , , , , , , , , , , , , , , , , , , , , , , , , , , , , , , , , , , , , , , , , , , , , , , , , , , , , , , , , , , , , , , , , , , , , , , , , , , , , , , , , , , , , , , , , , , , , , , , , , , , , , , , , , , , , , , , , , , , , , 
9700.0,1.46090748e-09,9700.0,1.44095013e-09,9700.0,1.44597342e-09,9.80000000E3,1.47572125E-9,9.80000000E3,1.45800933E-9,9.90000000E3,1.46157347E-9,9.90000000E3,1.49434656E-9,10.0000000E3,1.47596124E-9,10.0000000E3,1.48266612E-9,10.0000000E3,1.51603467E-9,50.0000000E3,1.47388369E-9,50.0000000E3,1.47929053E-9,100.000000E3,1.57647253E-9,100.000000E3,1.55670854E-9, , , , , , , , , , , , , , , , , , , , , , , , , , , , , , , , , , , , , , , , , , , , , , , , , , , , , , , , , , , , , , , , , , , , , , , , , , , , , , , , , , , , , , , , , , , , , , , , , , , , , , , , , , , , , , , , , , , , , , , , , , , , , , , , , , , , , , , , , , , , , , , , , , , , , , , , , , , , , , , , , , , , , , , , , , , , , , , , , , , , , , , , , , , , , , , , , , , , , , , , , , , , , , , , , , , , 
9800.0,1.45851867e-09,9800.0,1.43865696e-09,9800.0,1.4436405e-09,9.90000000E3,1.47339707E-9,9.90000000E3,1.45568255E-9,10.0000000E3,1.45933013E-9,10.0000000E3,1.49196693E-9,50.0000000E3,1.45095045E-9,50.0000000E3,1.45718147E-9,50.0000000E3,1.48828756E-9,100.000000E3,1.55103482E-9,100.000000E3,1.55230651E-9, , , , , , , , , , , , , , , , , , , , , , , , , , , , , , , , , , , , , , , , , , , , , , , , , , , , , , , , , , , , , , , , , , , , , , , , , , , , , , , , , , , , , , , , , , , , , , , , , , , , , , , , , , , , , , , , , , , , , , , , , , , , , , , , , , , , , , , , , , , , , , , , , , , , , , , , , , , , , , , , , , , , , , , , , , , , , , , , , , , , , , , , , , , , , , , , , , , , , , , , , , , , , , , , , , , , , , , , 
9900.0,1.45613847e-09,9900.0,1.43637562e-09,9900.0,1.44132918e-09,10.0000000E3,1.47115881E-9,10.0000000E3,1.45354512E-9,50.0000000E3,1.43261534E-9,50.0000000E3,1.46439245E-9,100.000000E3,1.54462382E-9,100.000000E3,1.54618726E-9,100.000000E3,1.57054533E-9, , , , , , , , , , , , , , , , , , , , , , , , , , , , , , , , , , , , , , , , , , , , , , , , , , , , , , , , , , , , , , , , , , , , , , , , , , , , , , , , , , , , , , , , , , , , , , , , , , , , , , , , , , , , , , , , , , , , , , , , , , , , , , , , , , , , , , , , , , , , , , , , , , , , , , , , , , , , , , , , , , , , , , , , , , , , , , , , , , , , , , , , , , , , , , , , , , , , , , , , , , , , , , , , , , , , , , , , , , , , 
10000.0,1.45382111e-09,10000.0,1.4341271e-09,10000.0,1.43909305e-09,50.0000000E3,1.43823386E-9,50.0000000E3,1.42556294E-9,100.000000E3,1.53933253E-9,100.000000E3,1.56390585E-9, , , , , , , , , , , , , , , , , , , , , , , , , , , , , , , , , , , , , , , , , , , , , , , , , , , , , , , , , , , , , , , , , , , , , , , , , , , , , , , , , , , , , , , , , , , , , , , , , , , , , , , , , , , , , , , , , , , , , , , , , , , , , , , , , , , , , , , , , , , , , , , , , , , , , , , , , , , , , , , , , , , , , , , , , , , , , , , , , , , , , , , , , , , , , , , , , , , , , , , , , , , , , , , , , , , , , , , , , , , , , , , , , , 
50000.0,1.41084477e-09,50000.0,1.39830082e-09,50000.0,1.40578119e-09,100.000000E3,1.55637631E-9,100.000000E3,1.53747463E-9, , , , , , , , , , , , , , , , , , , , , , , , , , , , , , , , , , , , , , , , , , , , , , , , , , , , , , , , , , , , , , , , , , , , , , , , , , , , , , , , , , , , , , , , , , , , , , , , , , , , , , , , , , , , , , , , , , , , , , , , , , , , , , , , , , , , , , , , , , , , , , , , , , , , , , , , , , , , , , , , , , , , , , , , , , , , , , , , , , , , , , , , , , , , , , , , , , , , , , , , , , , , , , , , , , , , , , , , , , , , , , , , , , , , , , 
100000.0,1.54712094e-09,100000.0,1.52885118e-09,100000.0,1.53126746e-09, , , , , , , , , , , , , , , , , , , , , , , , , , , , , , , , , , , , , , , , , , , , , , , , , , , , , , , , , , , , , , , , , , , , , , , , , , , , , , , , , , , , , , , , , , , , , , , , , , , , , , , , , , , , , , , , , , , , , , , , , , , , , , , , , , , , , , , , , , , , , , , , , , , , , , , , , , , , , , , , , , , , , , , , , , , , , , , , , , , , , , , , , , , , , , , , , , , , , , , , , , , , , , , , , , , , , , , , , , , , , , , , , , , , , , , , , , 
