Qin_e,Qth_25,Qth_50,Qth_75,Qth_100,Qth_125,Qth_150,Qth_175,Qth_200,Qth_201,Qth_204,Qth_207,Qth_210,Qth_213,Qth_216,Qth_219,Qth_222,Qth_225,Qth_228,Qth_231,Qth_234,Qth_237,Qth_240,Qth_243,Qth_246,Qth_249,Qth_250,Qth_252,Qth_255,Qth_258,Qth_261,Qth_264,Qth_267,Qth_270,Qth_273,Qth_275,Qth_276,Qth_279,Qth_282,Qth_285,Qth_288,Qth_291,Qth_294,Qth_297,Qth_300,Qth_303,Qth_306,Qth_309,Qth_312,Qth_315,Qth_318,Qth_321,Qth_324,Qth_325,Qth_327,Qth_330,Qth_333,Qth_336,Qth_339,Qth_342,Qth_345,Qth_348,Qth_350,Qth_351,Qth_354,Qth_357,Qth_360,Qth_363,Qth_366,Qth_369,Qth_372,Qth_375,Qth_378,Qth_381,Qth_384,Qth_387,Qth_390,Qth_393,Qth_396,Qth_399,Qth_400,Qth_402,Qth_405,Qth_408,Qth_411,Qth_414,Qth_417,Qth_420,Qth_423,Qth_425,Qth_426,Qth_429,Qth_432,Qth_435,Qth_438,Qth_441,Qth_444,Qth_447,Qth_450,Qth_453,Qth_456,Qth_459,Qth_462,Qth_465,Qth_468,Qth_471,Qth_474,Qth_475,Qth_477,Qth_480,Qth_483,Qth_486,Qth_489,Qth_492,Qth_495,Qth_498,Qth_500,Qth_525,Qth_550,Qth_575,Qth_600,Qth_625,Qth_650,Qth_675,Qth_700,Qth_725,Qth_750,Qth_775,Qth_800,Qth_825,Qth_850,Qth_875,Qth_900,Qth_925,Qth_950,Qth_951,Qth_954,Qth_957,Qth_960,Qth_963,Qth_966,Qth_969,Qth_972,Qth_975,Qth_978,Qth_981,Qth_984,Qth_987,Qth_990,Qth_993,Qth_996,Qth_1000,Qth_1025,Qth_1050,Qth_1075,Qth_1100,Qth_1125,Qth_1150,Qth_1175,Qth_1200,Qth_1225,Qth_1250,Qth_1275,Qth_1300,Qth_1325,Qth_1350,Qth_1375,Qth_1400,Qth_1425,Qth_1450,Qth_1475,Qth_1500,Qth_1525,Qth_1550,Qth_1575,Qth_1600,Qth_1625,Qth_1650,Qth_1675,Qth_1700,Qth_1725,Qth_1750,Qth_1775,Qth_1800,Qth_1825,Qth_1850,Qth_1875,Qth_1900,Qth_1925,Qth_1950,Qth_1975,Qth_2000,Qth_2025,Qth_2050,Qth_2075,Qth_2100,Qth_2125,Qth_2150,Qth_2175,Qth_2200,Qth_2225,Qth_2250,Qth_2275,Qth_2300,Qth_2325,Qth_2350,Qth_2375,Qth_2400,Qth_2425,Qth_2450,Qth_2475,Qth_2500,Qth_2525,Qth_2550,Qth_2575,Qth_2600,Qth_2625,Qth_2650,Qth_2675,Qth_2700,Qth_2725,Qth_2750,Qth_2775,Qth_2800,Qth_2825,Qth_2850,Qth_2875,Qth_2900,Qth_2925,Qth_2950,Qth_2975,Qth_3000
100,1.16929911e-08,1.46779767e-08,2.66472179e-08,,,,,,,,,,,,,,,,,,,,,,,,,,,,,,,,,,,,,,,,,,,,,,,,,,,,,,,,,,,,,,,,,,,,,,,,,,,,,,,,,,,,,,,,,,,,,,,,,,,,,,,,,,,,,,,,,,,,,,,,,,,,,,,,,,,,,,,,,,,,,,,,,,,,,,,,,,,,,,,,,,,,,,,,,,,,,,,,,,,,,,,,,,,,,,,,,,,,,,,,,,,,,,,,,,,,,,,,,,,,,,,,,,,,
200,6.84105407e-09,7.15158032e-09,7.89708916e-09,9.41618765e-09,1.08651428e-08,,,,,,,,,,,,,,,,,,,,,,,,,,,,,,,,,,,,,,,,,,,,,,,,,,,,,,,,,,,,,,,,,,,,,,,,,,,,,,,,,,,,,,,,,,,,,,,,,,,,,,,,,,,,,,,,,,,,,,,,,,,,,,,,,,,,,,,,,,,,,,,,,,,,,,,,,,,,,,,,,,,,,,,,,,,,,,,,,,,,,,,,,,,,,,,,,,,,,,,,,,,,,,,,,,,,,,,,,,,,,,,,,,
230,,,,,,,,,1.578774732680867e-08,1.699583318542337e-08,1.874268399125083e-08,2.200137995055664e-08,,,,,,,,,,,,,,,,,,,,,,,,,,,,,,,,,,,,,,,,,,,,,,,,,,,,,,,,,,,,,,,,,,,,,,,,,,,,,,,,,,,,,,,,,,,,,,,,,,,,,,,,,,,,,,,,,,,,,,,,,,,,,,,,,,,,,,,,,,,,,,,,,,,,,,,,,,,,,,,,,,,,,,,,,,,,,,,,,,,,,,,,,,,,,,,,,,,,,,,,,,,,,,,,,,,,,,,,,,,
240,,,,,,,,,1.309158792035398e-08,1.364839643847427e-08,1.431590305350344e-08,1.51021676312114e-08,1.611078266280606e-08,1.747924879165563e-08,1.958322874130376e-08,,,,,,,,,,,,,,,,,,,,,,,,,,,,,,,,,,,,,,,,,,,,,,,,,,,,,,,,,,,,,,,,,,,,,,,,,,,,,,,,,,,,,,,,,,,,,,,,,,,,,,,,,,,,,,,,,,,,,,,,,,,,,,,,,,,,,,,,,,,,,,,,,,,,,,,,,,,,,,,,,,,,,,,,,,,,,,,,,,,,,,,,,,,,,,,,,,,,,,,,,,,,,,,,,,,,,,,,
250,,,,,,,,,1.152363226941466e-08,1.187910024498795e-08,1.227258901996834e-08,1.271517656563834e-08,1.321977471863755e-08,1.380662317047878e-08,1.450090074174927e-08,1.533358852684142e-08,1.586686381025046e-08,1.798632297692103e-08,2.073837533984786e-08,,,,,,,,,,,,,,,,,,,,,,,,,,,,,,,,,,,,,,,,,,,,,,,,,,,,,,,,,,,,,,,,,,,,,,,,,,,,,,,,,,,,,,,,,,,,,,,,,,,,,,,,,,,,,,,,,,,,,,,,,,,,,,,,,,,,,,,,,,,,,,,,,,,,,,,,,,,,,,,,,,,,,,,,,,,,,,,,,,,,,,,,,,,,,,,,,,,,,,,,,,,,,,,,,,,,
260,,,,,,,,,1.044448166043996e-08,1.07003492494855e-08,1.097196935634319e-08,1.127643974307271e-08,1.160251566246954e-08,1.196370912532196e-08,1.236720834005106e-08,1.282811401480041e-08,1.307142499664e-08,1.395316265070351e-08,1.468011889525797e-08,1.560006320960923e-08,1.679351144713977e-08,1.863111047861895e-08,2.275531486040701e-08,,,,,,,,,,,,,,,,,,,,,,,,,,,,,,,,,,,,,,,,,,,,,,,,,,,,,,,,,,,,,,,,,,,,,,,,,,,,,,,,,,,,,,,,,,,,,,,,,,,,,,,,,,,,,,,,,,,,,,,,,,,,,,,,,,,,,,,,,,,,,,,,,,,,,,,,,,,,,,,,,,,,,,,,,,,,,,,,,,,,,,,,,,,,,,,,,,,,,,,,,,,,,,,,
270,,,,,,,,,9.638927621424806e-09,9.832315537016727e-09,1.004317150826829e-08,1.026647624038824e-08,1.050093858989918e-08,1.07565566233924e-08,1.103817066875085e-08,1.133898914341851e-08,1.149661983918125e-08,1.203907074798379e-08,1.245830369974002e-08,1.292200315102871e-08,1.346564534491197e-08,1.408997454933452e-08,1.488216267410326e-08,1.587375419347968e-08,1.723976764401102e-08,,1.951703886235045e-08,,,,,,,,,,,,,,,,,,,,,,,,,,,,,,,,,,,,,,,,,,,,,,,,,,,,,,,,,,,,,,,,,,,,,,,,,,,,,,,,,,,,,,,,,,,,,,,,,,,,,,,,,,,,,,,,,,,,,,,,,,,,,,,,,,,,,,,,,,,,,,,,,,,,,,,,,,,,,,,,,,,,,,,,,,,,,,,,,,,,,,,,,,,,,,,,,,,,,,,,,,,,
280,,,,,,,,,9.001243044163832e-09,9.161029846774957e-09,9.323899167384578e-09,9.501423532881198e-09,9.687255433923184e-09,9.883571480172552e-09,1.009013273507446e-08,1.031446602002017e-08,1.042908732761853e-08,1.080847639131901e-08,1.109229297904204e-08,1.139838355518369e-08,1.173624256127693e-08,1.210838617005997e-08,1.253461323920482e-08,1.301441919407498e-08,1.35637346408911e-08,,1.424673806785186e-08,1.506936331097583e-08,1.617365695260374e-08,1.775844331804499e-08,2.086776876892035e-08,,,,,,,,,,,,,,,,,,,,,,,,,,,,,,,,,,,,,,,,,,,,,,,,,,,,,,,,,,,,,,,,,,,,,,,,,,,,,,,,,,,,,,,,,,,,,,,,,,,,,,,,,,,,,,,,,,,,,,,,,,,,,,,,,,,,,,,,,,,,,,,,,,,,,,,,,,,,,,,,,,,,,,,,,,,,,,,,,,,,,,,,,,,,,,,,,,,,,,,,
290,,,,,,,,,8.480411379655257e-09,8.61605698668722e-09,8.74934878830888e-09,8.895549405459817e-09,9.043152179944294e-09,9.204184068727684e-09,9.370025331790503e-09,9.541504671408919e-09,9.628589931833589e-09,9.924878649445345e-09,1.013645077342792e-08,1.035593109630774e-08,1.059566606647213e-08,1.085687889677817e-08,1.113951829668241e-08,1.144880159991039e-08,1.179421508113991e-08,,1.217501830927223e-08,1.260558972857145e-08,1.309764769343694e-08,1.368595085739351e-08,1.438720561628484e-08,1.529778625943992e-08,1.651386582754711e-08,1.842363750536201e-08,,,,,,,,,,,,,,,,,,,,,,,,,,,,,,,,,,,,,,,,,,,,,,,,,,,,,,,,,,,,,,,,,,,,,,,,,,,,,,,,,,,,,,,,,,,,,,,,,,,,,,,,,,,,,,,,,,,,,,,,,,,,,,,,,,,,,,,,,,,,,,,,,,,,,,,,,,,,,,,,,,,,,,,,,,,,,,,,,,,,,,,,,,,,,,,,,,,,,
300,5.33471591e-09,5.40136585e-09,5.71734213e-09,6.33089039e-09,6.68199862e-09,7.28291394e-09,8.19028795e-09,,8.04512902343643e-09,8.161075073243862e-09,8.276951807194906e-09,8.398545760857587e-09,8.522106787206457e-09,8.652366663844372e-09,8.790675824782267e-09,8.93395284301284e-09,8.999371282461833e-09,9.237021993365858e-09,9.406242832297105e-09,9.578932639838154e-09,9.766147944285485e-09,9.959218485984505e-09,1.016573319024491e-08,1.038962892148637e-08,1.063468168649822e-08,,1.089542142339773e-08,1.118147986539308e-08,1.14912113855907e-08,1.1838273283761e-08,1.223632920102381e-08,1.266616858319656e-08,1.318349468756552e-08,1.380360629985118e-08,,1.456214040164244e-08,1.553563561842602e-08,1.689292240922821e-08,1.942488059374624e-08,,,,,,,,,,,,,,,,,,,,,,,,,,,,,,,,,,,,,,,,,,,,,,,,,,,,,,,,,,,,,,,,,,,,,,,,,,,,,,,,,,,,,,,,,,,,,,,,,,,,,,,,,,,,,,,,,,,,,,,,,,,,,,,,,,,,,,,,,,,,,,,,,,,,,,,,,,,,,,,,,,,,,,,,,,,,,,,,,,,,,,,,,,,,,,,,
310,,,,,,,,,7.673629764837886e-09,7.769587914358177e-09,7.873536123102136e-09,7.978668906648286e-09,8.085282039550536e-09,8.198565533075265e-09,8.310046249661076e-09,8.432893327724977e-09,8.485743214959196e-09,8.687169340330593e-09,8.821638921246634e-09,8.96219451302406e-09,9.11529207240206e-09,9.268309817933881e-09,9.434974013150243e-09,9.604594426258725e-09,9.793359399336865e-09,,9.985216403471051e-09,1.019394807697067e-08,1.041792071561605e-08,1.065976178567582e-08,1.092265808110783e-08,1.120508345921698e-08,1.152591327836177e-08,1.188677739120205e-08,,1.227475702780408e-08,1.273869252061888e-08,1.327477145712795e-08,1.391827425605876e-08,1.472753937897949e-08,1.581297457033997e-08,1.740309930160198e-08,2.122311703850831e-08,,,,,,,,,,,,,,,,,,,,,,,,,,,,,,,,,,,,,,,,,,,,,,,,,,,,,,,,,,,,,,,,,,,,,,,,,,,,,,,,,,,,,,,,,,,,,,,,,,,,,,,,,,,,,,,,,,,,,,,,,,,,,,,,,,,,,,,,,,,,,,,,,,,,,,,,,,,,,,,,,,,,,,,,,,,,,,,,,,,,,,,,,,,,
320,,,,,,,,,7.351940598665277e-09,7.440412566591447e-09,7.525524899475567e-09,7.615714463886317e-09,7.711563928291994e-09,7.808509966618349e-09,7.907126119492632e-09,8.012663404722085e-09,8.056213506228918e-09,8.228958172466185e-09,8.341121976822943e-09,8.460087758293523e-09,8.584546583381397e-09,8.711773600735542e-09,8.850423346442685e-09,8.988891167991969e-09,9.134037101582037e-09,,9.289747206843442e-09,9.45731258497494e-09,9.627437485865015e-09,9.807621681849577e-09,1.000597989872184e-08,1.02120766313416e-08,1.04403281738656e-08,1.067548449294488e-08,,1.094051823505575e-08,1.123281399847806e-08,1.156035436357536e-08,1.191139272183984e-08,1.232464382420785e-08,1.279766559897241e-08,1.336444742506511e-08,1.403385730493888e-08,1.488892070689484e-08,1.609672180138965e-08,1.807787816848301e-08,,,,,,,,,,,,,,,,,,,,,,,,,,,,,,,,,,,,,,,,,,,,,,,,,,,,,,,,,,,,,,,,,,,,,,,,,,,,,,,,,,,,,,,,,,,,,,,,,,,,,,,,,,,,,,,,,,,,,,,,,,,,,,,,,,,,,,,,,,,,,,,,,,,,,,,,,,,,,,,,,,,,,,,,,,,,,,,,,,,,,,,,,
330,,,,,,,,,7.068076285246291e-09,7.143982336961686e-09,7.224966191593277e-09,7.304856210889345e-09,7.38494180226635e-09,7.47060148915222e-09,7.56031001956242e-09,7.649418401557448e-09,7.687241798214053e-09,7.839880151710626e-09,7.936858728453736e-09,8.040226990185337e-09,8.145302495059862e-09,8.252426557160522e-09,8.36676278904144e-09,8.483699112453992e-09,8.607204714445773e-09,,8.733399536784731e-09,8.870204026269018e-09,9.006913780634191e-09,9.15406430666903e-09,9.30602393868822e-09,9.46440628993263e-09,9.639702094428004e-09,9.819258526988906e-09,,1.001683938877997e-08,1.022229938606613e-08,1.044436021812584e-08,1.06880993790999e-08,1.095977580902416e-08,1.124867394532826e-08,1.158182135954652e-08,1.194032791560775e-08,1.237249876810182e-08,1.285431020956286e-08,1.343667683400884e-08,1.417970198424281e-08,1.509839842501503e-08,1.648420503447202e-08,1.913031080370204e-08,,,,,,,,,,,,,,,,,,,,,,,,,,,,,,,,,,,,,,,,,,,,,,,,,,,,,,,,,,,,,,,,,,,,,,,,,,,,,,,,,,,,,,,,,,,,,,,,,,,,,,,,,,,,,,,,,,,,,,,,,,,,,,,,,,,,,,,,,,,,,,,,,,,,,,,,,,,,,,,,,,,,,,,,,,,,,,,,,,,,,
340,,,,,,,,,6.818130297573365e-09,6.887025593647897e-09,6.955009875417833e-09,7.027935526525769e-09,7.103663082609751e-09,7.176789354345236e-09,7.252984787898917e-09,7.334564433455107e-09,7.368571037653338e-09,7.50077088877004e-09,7.588934363783487e-09,7.678452239787599e-09,7.768952212207409e-09,7.86345357895599e-09,7.96196403049532e-09,8.059929251024409e-09,8.166809976601716e-09,,8.272379976489712e-09,8.38319155982404e-09,8.49908577616299e-09,8.623669970651598e-09,8.746549475674311e-09,8.87802148123378e-09,9.015678764663403e-09,9.15948553286076e-09,,9.314298108601769e-09,9.47306454245716e-09,9.643001623337944e-09,9.82848965313309e-09,1.002048005811203e-08,1.023055219990814e-08,1.045708387475955e-08,1.069599600539367e-08,1.096888742355333e-08,1.126946127914288e-08,1.159825003748968e-08,1.197137665647589e-08,1.240440975643385e-08,1.29182907830936e-08,1.352434057170593e-08,1.428393843181393e-08,1.532707316418928e-08,,1.697164430444333e-08,2.19477355375608e-08,,,,,,,,,,,,,,,,,,,,,,,,,,,,,,,,,,,,,,,,,,,,,,,,,,,,,,,,,,,,,,,,,,,,,,,,,,,,,,,,,,,,,,,,,,,,,,,,,,,,,,,,,,,,,,,,,,,,,,,,,,,,,,,,,,,,,,,,,,,,,,,,,,,,,,,,,,,,,,,,,,,,,,,,,,,,,,,,
350,,,,,,,,,6.59308701335985e-09,6.654111663893737e-09,6.719260508916571e-09,6.78240487708525e-09,6.848800655345871e-09,6.916574418774967e-09,6.988085982990338e-09,7.057232434535674e-09,7.085958876030863e-09,7.205480686705226e-09,7.28522150684368e-09,7.363259294409605e-09,7.444072232754986e-09,7.527307300284734e-09,7.610649651487965e-09,7.700299950716022e-09,7.789986400404367e-09,,7.88089949270634e-09,7.98004290721247e-09,8.075188198082789e-09,8.18073501282673e-09,8.285616352252795e-09,8.393897117010044e-09,8.510289809483054e-09,8.627504476261073e-09,,8.753365708087687e-09,8.883984832661773e-09,9.02066301896849e-09,9.161420529196976e-09,9.312617670474037e-09,9.470629607816348e-09,9.641851072913777e-09,9.827906516398709e-09,1.001460050740768e-08,1.022738027677822e-08,1.045336627349959e-08,1.070141873913076e-08,1.097152764821841e-08,1.127119999312517e-08,1.160604570781658e-08,1.199742501480067e-08,1.243547577630201e-08,,1.297040948398097e-08,1.361182583680351e-08,1.443836584851921e-08,1.559435102056013e-08,1.763737968572156e-08,,,,,,,,,,,,,,,,,,,,,,,,,,,,,,,,,,,,,,,,,,,,,,,,,,,,,,,,,,,,,,,,,,,,,,,,,,,,,,,,,,,,,,,,,,,,,,,,,,,,,,,,,,,,,,,,,,,,,,,,,,,,,,,,,,,,,,,,,,,,,,,,,,,,,,,,,,,,,,,,,,,,,,,,,,,,,
360,,,,,,,,,6.391666551741712e-09,6.446714745535596e-09,6.503761419278328e-09,6.562983788498162e-09,6.625228142833169e-09,6.683917161079752e-09,6.746410221334121e-09,6.811915694506948e-09,6.835999399235261e-09,6.944460501912827e-09,7.014160625195704e-09,7.08242038911317e-09,7.155054735819504e-09,7.229927765047231e-09,7.308470604301124e-09,7.384850169015321e-09,7.464802748920622e-09,,7.546771366391458e-09,7.628018306106477e-09,7.715173310237469e-09,7.805071756435894e-09,7.895296958910165e-09,7.990140211966818e-09,8.08642275259185e-09,8.185882778150759e-09,,8.290988291531311e-09,8.401362796176467e-09,8.511140064774496e-09,8.629653702384645e-09,8.753370080625352e-09,8.87875506473593e-09,9.017503941785327e-09,9.159284925797556e-09,9.308051212164263e-09,9.470278525631676e-09,9.63608436547286e-09,9.819589298809754e-09,1.000983713725679e-08,1.022189003873358e-08,1.045007554523595e-08,1.070245412702194e-08,1.096902056493452e-08,,1.127796150796482e-08,1.162071054418857e-08,1.202053384649456e-08,1.247410626327929e-08,1.301913748314051e-08,1.37079229473369e-08,1.45949257022565e-08,1.592866659938624e-08,,,,,,,,,,,,,,,,,,,,,,,,,,,,,,,,,,,,,,,,,,,,,,,,,,,,,,,,,,,,,,,,,,,,,,,,,,,,,,,,,,,,,,,,,,,,,,,,,,,,,,,,,,,,,,,,,,,,,,,,,,,,,,,,,,,,,,,,,,,,,,,,,,,,,,,,,,,,,,,,,,,,,,,,,,
370,,,,,,,,,6.206495896622509e-09,6.257547116584424e-09,6.310857793839576e-09,6.366010921716043e-09,6.419963294212406e-09,6.475587494153193e-09,6.532263177745744e-09,6.592926690252742e-09,6.614177307721659e-09,6.711198679825113e-09,6.773190194867266e-09,6.838940545554949e-09,6.902008069445883e-09,6.966725849778095e-09,7.035321553966082e-09,7.105881455380559e-09,7.180074953189303e-09,,7.251418453187903e-09,7.325982446727436e-09,7.40190886139038e-09,7.47770011818838e-09,7.559952782351891e-09,7.641893166625018e-09,7.724311425639218e-09,7.814578222275976e-09,,7.90154804070094e-09,7.995171518332016e-09,8.088777389735144e-09,8.190280116344309e-09,8.290851397122643e-09,8.396864048407419e-09,8.510617943461484e-09,8.623525124784678e-09,8.74838307314244e-09,8.87507049963069e-09,9.007011239767839e-09,9.150594189215616e-09,9.296586658741336e-09,9.456825034253818e-09,9.622968927205975e-09,9.808682800487603e-09,1.000004026505667e-08,,1.021616432757178e-08,1.04361028297256e-08,1.068886898961702e-08,1.097028422338633e-08,1.127886592176001e-08,1.162855567558917e-08,1.203534891076505e-08,1.250202319252133e-08,,1.400959948784613e-08,1.506837442269e-08,1.677708823274547e-08,,,,,,,,,,,,,,,,,,,,,,,,,,,,,,,,,,,,,,,,,,,,,,,,,,,,,,,,,,,,,,,,,,,,,,,,,,,,,,,,,,,,,,,,,,,,,,,,,,,,,,,,,,,,,,,,,,,,,,,,,,,,,,,,,,,,,,,,,,,,,,,,,,,,,,,,,,,,,,,,,,,,,,
380,,,,,,,,,6.037981474400682e-09,6.086324445485547e-09,6.133761376257608e-09,6.18367954593944e-09,6.234692003727061e-09,6.286989363673618e-09,6.33819579081633e-09,6.391378654270671e-09,6.411154390220475e-09,6.503717633027223e-09,6.558563621418815e-09,6.615115623714673e-09,6.675275780621015e-09,6.737284195439115e-09,6.796443952196358e-09,6.857882455981436e-09,6.921114866879369e-09,,6.988772659067102e-09,7.058004480179693e-09,7.125212198288488e-09,7.194909315873085e-09,7.26522269460613e-09,7.336991244633851e-09,7.413405308182193e-09,7.488646277823082e-09,,7.567005940299238e-09,7.648115758797946e-09,7.729966547884005e-09,7.81629845705631e-09,7.903494689703122e-09,7.993754438966136e-09,8.08727009487588e-09,8.18397369490531e-09,8.289099155128741e-09,8.391417927715419e-09,8.501619202211156e-09,8.617594301249995e-09,8.735670497584569e-09,8.861810542364847e-09,8.995578158550143e-09,9.135375090624934e-09,9.282023118855565e-09,,9.443449089261286e-09,9.61056811259208e-09,9.793472500115892e-09,9.989983389210782e-09,1.019538307461201e-08,1.042868955143261e-08,1.0678950921147e-08,1.0955966612397e-08,,1.17355028799024e-08,1.217368691232516e-08,1.268809517790407e-08,1.33270534255806e-08,1.416346653793007e-08,1.536459957813812e-08,1.756679447705655e-08,,,,,,,,,,,,,,,,,,,,,,,,,,,,,,,,,,,,,,,,,,,,,,,,,,,,,,,,,,,,,,,,,,,,,,,,,,,,,,,,,,,,,,,,,,,,,,,,,,,,,,,,,,,,,,,,,,,,,,,,,,,,,,,,,,,,,,,,,,,,,,,,,,,,,,,,,,,,,,,,,,
390,,,,,,,,,5.882713568635841e-09,5.926656902018204e-09,5.973780902804965e-09,6.018557680060919e-09,6.065204938190203e-09,6.11296477141486e-09,6.163046084289819e-09,6.210958771547298e-09,6.227696825131617e-09,6.31164971087802e-09,6.366194227334664e-09,6.417418827079582e-09,6.469452807125931e-09,6.524768214726101e-09,6.582843817038557e-09,6.63888017335318e-09,6.694795231528759e-09,,6.753043496931603e-09,6.814257232677161e-09,6.879100665813157e-09,6.941847873668174e-09,7.005126642710756e-09,7.07153268029407e-09,7.135772899838939e-09,7.204728464786986e-09,,7.275662210277686e-09,7.345144150504914e-09,7.417894101411079e-09,7.493789799651343e-09,7.56906510918946e-09,7.650530487438499e-09,7.729566102300832e-09,7.814956001935398e-09,7.899021011363285e-09,7.98733070136387e-09,8.083600072287618e-09,8.177521115081528e-09,8.275755138599973e-09,8.38377236181032e-09,8.488006329912648e-09,8.602115095408236e-09,8.726039829857969e-09,,8.84837595182037e-09,8.978348082494492e-09,9.12083788494054e-09,9.269888349346054e-09,9.42464473157587e-09,9.598866637029322e-09,9.773411589663442e-09,9.967391203398936e-09,,1.047579945571298e-08,1.074037170500934e-08,1.103727534549559e-08,1.137176315156872e-08,1.175450282090875e-08,1.220473231146269e-08,1.27459490125237e-08,1.342728031221332e-08,1.36525638017428e-08,1.575304722429839e-08,1.915813012661392e-08,,,,,,,,,,,,,,,,,,,,,,,,,,,,,,,,,,,,,,,,,,,,,,,,,,,,,,,,,,,,,,,,,,,,,,,,,,,,,,,,,,,,,,,,,,,,,,,,,,,,,,,,,,,,,,,,,,,,,,,,,,,,,,,,,,,,,,,,,,,,,,,,,,,,,,,,,,,,,,
400,4.55704158e-09,4.55584365e-09,4.73990007e-09,5.11080069e-09,5.26026701e-09,5.56353279e-09,6.0032682e-09,6.28670381e-09,5.742589368043497e-09,5.783672404487847e-09,5.825046579768174e-09,5.869969920935691e-09,5.913109778653956e-09,5.954482918573724e-09,6.000531863544195e-09,6.045349665841728e-09,6.061445403907638e-09,6.141319135775379e-09,6.18837963399364e-09,6.237909621249347e-09,6.287472607487795e-09,6.338793786620207e-09,6.391801525019901e-09,6.442226674319884e-09,6.494150794751288e-09,7.47069772e-09,6.545268092928305e-09,6.604170159612591e-09,6.661407310716596e-09,6.715894772686713e-09,6.772388688538399e-09,6.831528369058144e-09,6.892224316751278e-09,6.956644186449534e-09,,7.019116317565704e-09,7.083866955210148e-09,7.150441148106417e-09,7.214681404888495e-09,7.282591502151292e-09,7.354185684025278e-09,7.424430068710094e-09,7.496522079580113e-09,7.567387408580032e-09,7.64452918835809e-09,7.725161810890078e-09,7.807812482943239e-09,7.88993776473877e-09,7.979688010507645e-09,8.069484688203973e-09,8.165000422118202e-09,8.264662713477775e-09,,8.368486880840443e-09,8.472660134709073e-09,8.586915072602521e-09,8.70651603004814e-09,8.832975018953208e-09,8.959330788419525e-09,9.100909150076501e-09,9.249546470964044e-09,,9.625302441262283e-09,9.812947392368177e-09,1.001583269782468e-08,1.023771767290233e-08,1.048301507896861e-08,1.073497249630534e-08,1.103741947693542e-08,1.137804097907579e-08,1.146322547297781e-08,1.226912919083053e-08,1.284674661786988e-08,1.35887725096123e-08,1.463822605949573e-08,1.644085848409239e-08,,,,,,,,,,,,,,,,,,,,,,,,,,,,,,,,,,,,,,,,,,,,,,,,,,,,,,,,,,,,,,,,,,,,,,,,,,,,,,,,,,,,,,,,,,,,,,,,,,,,,,,,,,,,,,,,,,,,,,,,,,,,,,,,,,,,,,,,,,,,,,,,,,,,,,,,,,,
410,,,,,,,,,5.608970550202577e-09,5.647918289236611e-09,5.686354842028322e-09,5.725365660868996e-09,5.76679051485477e-09,5.809612492658072e-09,5.849795043350445e-09,5.892102446226681e-09,5.90630347327557e-09,5.981063029047416e-09,6.023508712936266e-09,6.068481027332677e-09,6.115438758485658e-09,6.163994092309564e-09,6.209042005158887e-09,6.256310749673193e-09,6.305522058866755e-09,,6.356081559003043e-09,6.406986652603801e-09,6.45584801435916e-09,6.507129664499026e-09,6.559394789258934e-09,6.614874904924674e-09,6.672315517908898e-09,6.726399975733656e-09,,6.783414712835408e-09,6.84215444111961e-09,6.89927299335525e-09,6.959051419513677e-09,7.020973879497869e-09,7.0807869250754e-09,7.145907020344127e-09,7.210202820944757e-09,7.276681990403584e-09,7.346050367013435e-09,7.414664860661048e-09,7.487340452806683e-09,7.561115116228515e-09,7.635952903050453e-09,7.715554251564376e-09,7.796547794894097e-09,7.87767392597535e-09,,7.966090495077803e-09,8.055610714612413e-09,8.149788755979872e-09,8.247995517981867e-09,8.348904645127252e-09,8.455592619935045e-09,8.569106484427066e-09,8.684880828643944e-09,,8.966394182247611e-09,9.108314625040427e-09,9.260746043693134e-09,9.42193308453697e-09,9.595051320102275e-09,9.782982075535874e-09,9.986689959116945e-09,1.020907077994661e-08,1.025509038851034e-08,1.07261969481619e-08,1.103303596653243e-08,1.138229306797799e-08,1.178471665323677e-08,1.226796903044823e-08,1.286844622818648e-08,1.365510191758486e-08,1.48175003940215e-08,,1.710513175283062e-08,,,,,,,,,,,,,,,,,,,,,,,,,,,,,,,,,,,,,,,,,,,,,,,,,,,,,,,,,,,,,,,,,,,,,,,,,,,,,,,,,,,,,,,,,,,,,,,,,,,,,,,,,,,,,,,,,,,,,,,,,,,,,,,,,,,,,,,,,,,,,,,,,,,,,,
420,,,,,,,,,5.48494421851991e-09,5.522074731184468e-09,5.558813950091459e-09,5.594928012622665e-09,5.634042183749203e-09,5.672915862121565e-09,5.712569881369206e-09,5.750530884166473e-09,5.763530368661667e-09,5.832301218986726e-09,5.874472858565825e-09,5.916134278238168e-09,5.957741306321465e-09,6.001659261920068e-09,6.046480614824126e-09,6.090609929856116e-09,6.134693612283993e-09,,6.180428390889371e-09,6.227371244678532e-09,6.275933792520055e-09,6.323363674668985e-09,6.370206993113218e-09,6.418549799840736e-09,6.468814048865056e-09,6.521625393561775e-09,,6.574421309306384e-09,6.626332300441868e-09,6.68024869582906e-09,6.734684148262495e-09,6.787451266594331e-09,6.843910567795959e-09,6.901983510544803e-09,6.960175245206619e-09,7.019937118320354e-09,7.079780858651636e-09,7.142117287410415e-09,7.207160359492778e-09,7.270723868763274e-09,7.337647969249901e-09,7.405386948215509e-09,7.474941367356207e-09,7.549178990215153e-09,,7.622797106834326e-09,7.701392374940765e-09,7.781084165483711e-09,7.860737074607845e-09,7.949224527239634e-09,8.03748006056381e-09,8.128353565963303e-09,8.226929681069923e-09,,8.451211826372475e-09,8.563568868937978e-09,8.683806751020384e-09,8.810021799746785e-09,8.944551966405794e-09,9.086372818706133e-09,9.237714373318258e-09,9.400058074235136e-09,9.429177147094608e-09,9.76157354148776e-09,9.967037969028642e-09,1.019053803793751e-08,1.043617718320668e-08,1.071141357685906e-08,1.10209828123643e-08,1.137538108901563e-08,1.179076152564966e-08,,1.229174064042708e-08,1.292303484601481e-08,1.378399391750568e-08,1.513600396472998e-08,1.914365388793106e-08,,,,,,,,,,,,,,,,,,,,,,,,,,,,,,,,,,,,,,,,,,,,,,,,,,,,,,,,,,,,,,,,,,,,,,,,,,,,,,,,,,,,,,,,,,,,,,,,,,,,,,,,,,,,,,,,,,,,,,,,,,,,,,,,,,,,,,,,,,,,,,,,,,
430,,,,,,,,,5.370304728786478e-09,5.404141454587226e-09,5.439546288092868e-09,5.474597483657793e-09,5.509398638202362e-09,5.54613781440759e-09,5.583264225488835e-09,5.620730962658458e-09,5.632079619137968e-09,5.695563832694191e-09,5.734554240118198e-09,5.774158130616901e-09,5.814178809560936e-09,5.853663473809984e-09,5.894839225244774e-09,5.936093948589618e-09,5.979983800822875e-09,,6.02158075725632e-09,6.063058076731753e-09,6.106956791322679e-09,6.152734008599558e-09,6.199234022815524e-09,6.242352900152557e-09,6.286874797462437e-09,6.333014369349053e-09,,6.382088662036252e-09,6.43237014547859e-09,6.481445130044072e-09,6.529556837632771e-09,6.580686848123287e-09,6.630981885904532e-09,6.681831585805593e-09,6.735669933779277e-09,6.7898547409287e-09,6.843639379236323e-09,6.900787672856158e-09,6.955451682979057e-09,7.014853347747348e-09,7.075187080121051e-09,7.134464902960262e-09,7.19708405983255e-09,7.260855801231366e-09,,7.326217094964307e-09,7.39330384576922e-09,7.461542346010997e-09,7.533425146508164e-09,7.606472081460628e-09,7.682909497818618e-09,7.760536935139604e-09,7.843623625435373e-09,,8.027296388333344e-09,8.120968725551111e-09,8.217374651042778e-09,8.3205456219041e-09,8.429180926813373e-09,8.542265387402714e-09,8.66018939566645e-09,8.78659127257414e-09,8.80874174409614e-09,9.061394497495846e-09,9.212516267166125e-09,9.374283170736493e-09,9.547759942747405e-09,9.736656606519768e-09,9.94094218387825e-09,1.016598332521186e-08,1.041398420436041e-08,,1.06904458563778e-08,1.100380808814132e-08,1.136434545785122e-08,1.179016897983887e-08,1.23095596948007e-08,1.29767050453204e-08,1.392125516617585e-08,1.555159630814013e-08,,,,,,,,,,,,,,,,,,,,,,,,,,,,,,,,,,,,,,,,,,,,,,,,,,,,,,,,,,,,,,,,,,,,,,,,,,,,,,,,,,,,,,,,,,,,,,,,,,,,,,,,,,,,,,,,,,,,,,,,,,,,,,,,,,,,,,,,,,,,,,,
440,,,,,,,,,5.265808814120616e-09,5.297450712306906e-09,5.330059714162394e-09,5.364322181607289e-09,5.397838462903216e-09,5.43093624259464e-09,5.465333658502782e-09,5.501136623547719e-09,5.511904824980377e-09,5.572028428952653e-09,5.607859794541003e-09,5.644591050772261e-09,5.682902193904172e-09,5.721451401330891e-09,5.758972669002553e-09,5.796927403771602e-09,5.837080735618416e-09,,5.878479019815739e-09,5.918576716422901e-09,5.957325992807562e-09,5.998330584158394e-09,6.042699293853494e-09,6.085103232132695e-09,6.12666112756483e-09,6.167775997495602e-09,,6.21117508607455e-09,6.256370972006351e-09,6.302819547501787e-09,6.350166764194363e-09,6.395240885433989e-09,6.441904679907982e-09,6.490750215002712e-09,6.537310580626647e-09,6.586361688870538e-09,6.637597594160238e-09,6.68751204655758e-09,6.738437063778736e-09,6.791227005828858e-09,6.843487555377808e-09,6.899848969972931e-09,6.955757674824536e-09,7.011091389852348e-09,,7.070563665870759e-09,7.128825519473909e-09,7.190572227862805e-09,7.252723621261695e-09,7.317092675079834e-09,7.383818459728241e-09,7.451797007783397e-09,7.522234257244536e-09,,7.676557257511229e-09,7.758746451209225e-09,7.839375725112896e-09,7.92641948713676e-09,8.015689617587227e-09,8.10804489523919e-09,8.205202401252138e-09,8.309067592312634e-09,8.321631664500138e-09,8.528282690301967e-09,8.646257904758695e-09,8.77303670483338e-09,8.907033417098203e-09,9.050006913387867e-09,9.20164667953265e-09,9.363838154612906e-09,9.539124262103152e-09,,9.728898234662757e-09,9.935875670269268e-09,1.016213198961028e-08,1.041413485451353e-08,1.069561980270022e-08,1.101604993787771e-08,1.138797567824767e-08,1.183170011398662e-08,,1.238143789486993e-08,1.311340707679514e-08,1.421291126108321e-08,1.661097889159633e-08,,,,,,,,,,,,,,,,,,,,,,,,,,,,,,,,,,,,,,,,,,,,,,,,,,,,,,,,,,,,,,,,,,,,,,,,,,,,,,,,,,,,,,,,,,,,,,,,,,,,,,,,,,,,,,,,,,,,,,,,,,,,,,,,,,,,,,,,,,
450,,,,,,,,,5.166532963408477e-09,5.196091531022267e-09,5.227457673609226e-09,5.258083258949476e-09,5.290385291105699e-09,5.32264744883547e-09,5.354198625328955e-09,5.38696692644937e-09,5.394939280832999e-09,5.45526921618421e-09,5.489091124149119e-09,5.523121604336374e-09,5.557896834865752e-09,5.594805143874501e-09,5.631474563771595e-09,5.666535482874757e-09,5.702767209367483e-09,,5.740554147625357e-09,5.77924022375299e-09,5.819147020042717e-09,5.8549294772136e-09,5.893571328168614e-09,5.933143569104199e-09,5.974419506439221e-09,6.01594544651382e-09,,6.053973249255979e-09,6.09419585752539e-09,6.13582505088926e-09,6.178703780582127e-09,6.223067447968045e-09,6.26748887570342e-09,6.310644650265435e-09,6.3551433403532e-09,6.400638054370002e-09,6.44532128089508e-09,6.490777447508258e-09,6.539181145067016e-09,6.585492317676756e-09,6.634537395668195e-09,6.684097096193512e-09,6.733671243390415e-09,6.785280299878476e-09,,6.836519979294362e-09,6.891580673932743e-09,6.946294645023036e-09,7.000834925629615e-09,7.05810980944289e-09,7.117328658185558e-09,7.175889791700922e-09,7.238120089736524e-09,,7.372619870815492e-09,7.438188430892698e-09,7.509869859526333e-09,7.583146626085153e-09,7.65863590135165e-09,7.73995808519527e-09,7.820100223869424e-09,7.906539576978768e-09,7.907860682373305e-09,8.086477582513194e-09,8.183423876379291e-09,8.285752047625433e-09,8.393414070571285e-09,8.505322181859045e-09,8.622848564881073e-09,8.749333080655164e-09,8.883003898618338e-09,,9.024601617808942e-09,9.17593291287088e-09,9.337849598665929e-09,9.513834754836437e-09,9.702250775273266e-09,9.909590520333169e-09,1.013758061778844e-08,1.038995911260079e-08,,1.067352851305032e-08,1.09976233948494e-08,1.137551211439315e-08,1.18312131839039e-08,1.24074072958616e-08,1.319941511538251e-08,1.446359043256334e-08,,,,,,,,,,,,,,,,,,,,,,,,,,,,,,,,,,,,,,,,,,,,,,,,,,,,,,,,,,,,,,,,,,,,,,,,,,,,,,,,,,,,,,,,,,,,,,,,,,,,,,,,,,,,,,,,,,,,,,,,,,,,,,,,,,,,,,,
460,,,,,,,,,5.072039638130234e-09,5.101524215138026e-09,5.130209052354164e-09,5.159099520897921e-09,5.18912770749027e-09,5.21996785977881e-09,5.251515651581922e-09,5.281461529226408e-09,5.287559456222549e-09,5.344611004134002e-09,5.377594042467433e-09,5.410350523490058e-09,5.442681435927477e-09,5.476557648799932e-09,5.510514939502594e-09,5.545620957908793e-09,5.579519780659753e-09,,5.613783408800951e-09,5.649602202761476e-09,5.686052864413261e-09,5.723211552947345e-09,5.758739514161041e-09,5.794886718751333e-09,5.831824069554288e-09,5.870501932535196e-09,,5.909065501538201e-09,5.947497752995836e-09,5.984780530517877e-09,6.023374388861028e-09,6.063017533780789e-09,6.103450804763372e-09,6.145853224352945e-09,6.187958593307148e-09,6.228932661482427e-09,6.271397940506383e-09,6.313114409064942e-09,6.356169007574021e-09,6.400689054830814e-09,6.444763208007022e-09,6.490083402758009e-09,6.535527966588132e-09,6.580704529755207e-09,,6.628301748974555e-09,6.677048432113173e-09,6.725259105468601e-09,6.776633527926679e-09,6.828191302461031e-09,6.878777897512316e-09,6.933186453492215e-09,6.988364428031893e-09,,7.101185236209591e-09,7.166450436275044e-09,7.226262396914503e-09,7.286692826420082e-09,7.351612250774355e-09,7.421105407612578e-09,7.489783977768502e-09,7.56350788751449e-09,7.56168688557894e-09,7.719533122490221e-09,7.798977127873254e-09,7.884341556718624e-09,7.972325024954002e-09,8.065645402373813e-09,8.160526752692857e-09,8.261965345138467e-09,8.368405226743599e-09,,8.478874501383907e-09,8.599221066928948e-09,8.722648780926617e-09,8.856121020077234e-09,8.998221648722662e-09,9.148151841670715e-09,9.309933412868744e-09,9.483325198941286e-09,,9.674375023275653e-09,9.880512380306475e-09,1.010821057702528e-08,1.03610313045735e-08,1.0645689557369e-08,1.097226871526302e-08,1.135558257215007e-08,1.182399845556633e-08,1.242453668125807e-08,1.32659237160604e-08,1.471923395641473e-08,,,,,,,,,,,,,,,,,,,,,,,,,,,,,,,,,,,,,,,,,,,,,,,,,,,,,,,,,,,,,,,,,,,,,,,,,,,,,,,,,,,,,,,,,,,,,,,,,,,,,,,,,,,,,,,,,,,,,,,,,,,,,,,,,,,
470,,,,,,,,,4.982755562239371e-09,5.010781991104693e-09,5.039302185508454e-09,5.066638783338742e-09,5.094339602873151e-09,5.123091675108392e-09,5.152397412283298e-09,5.183230271360214e-09,5.187690659323002e-09,5.241609424512663e-09,5.272437023762496e-09,5.303705541826549e-09,5.336093071947477e-09,5.366923550198281e-09,5.39850318369518e-09,5.430695061355437e-09,5.464198628736521e-09,,5.497015141010724e-09,5.529507586917502e-09,5.562892924875328e-09,5.59755135275155e-09,5.633042911600682e-09,5.667833489273624e-09,5.701836015575263e-09,5.736465346465975e-09,,5.772592956582018e-09,5.808493188834081e-09,5.846749508114063e-09,5.882053772735035e-09,5.917933956184877e-09,5.954204554009099e-09,5.991982273182703e-09,6.031710427767141e-09,6.072509984943288e-09,6.11138242154293e-09,6.15048356876619e-09,6.188866029032988e-09,6.227129634326296e-09,6.266875577295261e-09,6.313832475850483e-09,6.354781676849092e-09,6.397169560555689e-09,,6.44021006567027e-09,6.482820559475163e-09,6.528206648792837e-09,6.574664540335767e-09,6.619735406165924e-09,6.666916356272846e-09,6.716450420289129e-09,6.764831079381073e-09,,6.869324520908207e-09,6.922933835253773e-09,6.975347375158671e-09,7.031635694342175e-09,7.088286478895669e-09,7.144265656960259e-09,7.206285478663129e-09,7.269440245228206e-09,7.263348888071901e-09,7.402354453131461e-09,7.469732141754147e-09,7.542311273609263e-09,7.616960098105283e-09,7.697156106307733e-09,7.7752155827885e-09,7.860905240917643e-09,7.949203714372655e-09,,8.039118158407193e-09,8.135755647260093e-09,8.236031268935689e-09,8.341851397809922e-09,8.453655468577683e-09,8.569858092530982e-09,8.696095499996641e-09,8.827552560820773e-09,,8.96818065373301e-09,9.117672972115193e-09,9.278638645664983e-09,9.452642553633225e-09,9.641751735307354e-09,9.846675996506199e-09,1.007257262349306e-08,1.032591172043357e-08,1.060940359376265e-08,1.093745158931426e-08,1.13231633763651e-08,1.180201015523083e-08,1.242012094115332e-08,1.327672242303793e-08,,,,,,,,,,,,,,,,,,,,,,,,,,,,,,,,,,,,,,,,,,,,,,,,,,,,,,,,,,,,,,,,,,,,,,,,,,,,,,,,,,,,,,,,,,,,,,,,,,,,,,,,,,,,,,,,,,,,,,,,,,,,,,,,
480,,,,,,,,,4.899576967893267e-09,4.926317946704941e-09,4.951860272415482e-09,4.979264871437395e-09,5.005903303734227e-09,5.032495616126602e-09,5.060685594162911e-09,5.088494772656947e-09,5.093231488668907e-09,5.14552671778096e-09,5.173911617056513e-09,5.203381234629307e-09,5.234381602904233e-09,5.264291891951842e-09,5.294131714536447e-09,5.323773471282315e-09,5.354891668398078e-09,,5.386665085674613e-09,5.418803525728499e-09,5.449518894457856e-09,5.481151943252158e-09,5.513400228066426e-09,5.546980578105913e-09,5.581418372368055e-09,5.613329892200054e-09,,5.645569244561687e-09,5.679150930933581e-09,5.713751916129796e-09,5.749734106307647e-09,5.785507443254162e-09,5.818910237328757e-09,5.852703955425465e-09,5.889346909209485e-09,5.926565428136874e-09,5.964173823560677e-09,6.000031256421934e-09,6.036397604979557e-09,6.07490582942597e-09,6.111088130781843e-09,6.147315521402182e-09,6.188980165155937e-09,6.229518412209082e-09,,6.268089004769873e-09,6.308565409576751e-09,6.350008709217461e-09,6.38955567449851e-09,6.431488184445431e-09,6.476049850729191e-09,6.519294983614642e-09,6.563316822235487e-09,,6.657096036427336e-09,6.704886860717482e-09,6.752329572164809e-09,6.803623493243956e-09,6.852692806981785e-09,6.905766643603685e-09,6.958726474422229e-09,7.013518032362122e-09,7.006644092663006e-09,7.12669240388535e-09,7.189967530173975e-09,7.251309255417252e-09,7.314391432763953e-09,7.381931974891572e-09,7.448918139534235e-09,7.519951042088006e-09,7.594912840934662e-09,,7.673611038391965e-09,7.75330299712794e-09,7.836199264975569e-09,7.92390385694047e-09,8.01369331314671e-09,8.110134873551015e-09,8.209510347474079e-09,8.31413047174142e-09,,8.425338481105059e-09,8.540547495550109e-09,8.664197306475357e-09,8.795578799155905e-09,8.936188013285052e-09,9.083655018787081e-09,9.243277052930041e-09,9.415621858568859e-09,9.603382290152743e-09,9.80723220036302e-09,1.003119640088567e-08,1.028110426946453e-08,1.056422353625477e-08,1.088884679859993e-08,1.127694053458275e-08,1.175469499994079e-08,1.234866232692145e-08,,1.291737856356277e-08,,,,,,,,,,,,,,,,,,,,,,,,,,,,,,,,,,,,,,,,,,,,,,,,,,,,,,,,,,,,,,,,,,,,,,,,,,,,,,,,,,,,,,,,,,,,,,,,,,,,,,,,,,,,,,,,,,,,,,,,,,,
490,,,,,,,,,4.820076345810423e-09,4.845222097960035e-09,4.870947579425471e-09,4.895674515220405e-09,4.921088349126132e-09,4.947771095384621e-09,4.974375592096239e-09,4.999700342564928e-09,5.005921087455573e-09,5.055121052783841e-09,5.082560096454062e-09,5.109695955651783e-09,5.137880027356813e-09,5.166596380575979e-09,5.196843083677607e-09,5.224170631609429e-09,5.252952867068902e-09,,5.282548194064536e-09,5.31282336983532e-09,5.344011195886294e-09,5.373406436765215e-09,5.403515294501075e-09,5.433986230033816e-09,5.465787723870994e-09,5.498421233310692e-09,,5.529918318328406e-09,5.560210275378351e-09,5.591828466787535e-09,5.624391717518976e-09,5.657872360085362e-09,5.692472826232214e-09,5.72474611946313e-09,5.756321809439747e-09,5.790451352572722e-09,5.824871358847675e-09,5.860618798297563e-09,5.895907404367807e-09,5.930358347337072e-09,5.965927398123672e-09,6.002466706067116e-09,6.035761474776137e-09,6.071029950192151e-09,,6.106149283097442e-09,6.148985048326574e-09,6.185508246579551e-09,6.222819605389781e-09,6.262725482482146e-09,6.300963309177319e-09,6.340392978600677e-09,6.381590456384229e-09,,6.464098433994399e-09,6.504595048024589e-09,6.548238698929782e-09,6.594682740199208e-09,6.644219275010214e-09,6.690688204036986e-09,6.738527792046569e-09,6.786444595958222e-09,6.784679661080103e-09,6.887271867898232e-09,6.938610871105777e-09,6.994972683762551e-09,7.053085034670681e-09,7.108721767447394e-09,7.168034546775854e-09,7.23151744698989e-09,7.293328271664308e-09,,7.356966831121632e-09,7.425727605840969e-09,7.496818033063222e-09,7.570514576154186e-09,7.649652689694143e-09,7.728361581333866e-09,7.810119000810475e-09,7.896067193125562e-09,,7.987445435747289e-09,8.082777604459538e-09,8.180467230634046e-09,8.285507200583686e-09,8.394782519921628e-09,8.510705714534751e-09,8.631961246100061e-09,8.762467831686255e-09,8.89932205961039e-09,9.046711934462522e-09,9.205699303030963e-09,9.375149907038549e-09,9.559477917840398e-09,9.760625341148138e-09,9.981761749140909e-09,1.022731008114217e-08,1.050519103858705e-08,,1.082580604761571e-08,1.120493641676113e-08,1.165185157547989e-08,1.209325350519817e-08,,,,,,,,,,,,,,,,,,,,,,,,,,,,,,,,,,,,,,,,,,,,,,,,,,,,,,,,,,,,,,,,,,,,,,,,,,,,,,,,,,,,,,,,,,,,,,,,,,,,,,,,,,,,,,,,,,,,,,,,
500,4.06414962e-09,4.03828455e-09,4.16344459e-09,4.42780171e-09,4.50911325e-09,4.7034841e-09,4.98410438e-09,5.12575053e-09,4.744699350743136e-09,4.768401969941748e-09,4.792893732222162e-09,4.817665499668798e-09,4.841588916971702e-09,4.866338872607156e-09,4.891716313852551e-09,4.917618005620721e-09,4.9230180477665e-09,4.968471849045071e-09,4.995259266881393e-09,5.021863965240415e-09,5.047927689203214e-09,5.07469279944275e-09,5.102609958821312e-09,5.130787201353168e-09,5.158414602389773e-09,5.81212857e-09,5.185411704022841e-09,5.213680176452276e-09,5.242503012296933e-09,5.272189805791131e-09,5.301219321151565e-09,5.329722205506187e-09,5.358775834037734e-09,5.388683499416685e-09,6.02349669e-09,5.419613085909619e-09,5.450809222537124e-09,5.479551755636404e-09,5.50916648898727e-09,5.540415655274341e-09,5.57130112193002e-09,5.603659940449546e-09,5.636559903724255e-09,5.665493359671729e-09,5.697427858866846e-09,5.729879658341664e-09,5.762890727616927e-09,5.797130273347317e-09,5.830265130151577e-09,5.863461804417405e-09,5.896545989678027e-09,5.931127103556434e-09,,5.964640345719626e-09,5.996317226480154e-09,6.029025018062453e-09,6.069947513888345e-09,6.105248546155092e-09,6.141234815454808e-09,6.179049482916351e-09,6.214960763459297e-09,,6.292378838540908e-09,6.332419459999405e-09,6.368539380484795e-09,6.407535763908476e-09,6.449083467210963e-09,6.494299220594582e-09,6.537654106907116e-09,6.581258605695096e-09,6.578497202203517e-09,6.673250984884704e-09,6.719866418050411e-09,6.77016007703787e-09,6.817577880452172e-09,6.868813977620139e-09,6.922325267089726e-09,6.975592217233787e-09,7.031347797380544e-09,,7.088673008130811e-09,7.146774477399394e-09,7.205063561087006e-09,7.271815699640722e-09,7.334575515922341e-09,7.401489825741029e-09,7.474220685689696e-09,7.546070696776617e-09,,7.62425033666408e-09,7.70154348015604e-09,7.78492199077001e-09,7.868361059880227e-09,7.95878572336484e-09,8.052779319491965e-09,8.1503122232226e-09,8.253840279543323e-09,8.361835027809894e-09,8.477043863204329e-09,8.597932239545854e-09,8.725569946058e-09,8.860452985627151e-09,9.006034957850478e-09,9.16172610878047e-09,9.32880665011911e-09,9.509663587825466e-09,,9.706239158004429e-09,9.922051559638957e-09,1.01616912655029e-08,1.043020185860921e-08,1.073955499404196e-08,1.108737748878312e-08,1.141881492737802e-08,,,,,,,,,,,,,,,,,,,,,,,,,,,,,,,,,,,,,,,,,,,,,,,,,,,,,,,,,,,,,,,,,,,,,,,,,,,,,,,,,,,,,,,,,,,,,,,,,,,,,,,,,,,,,,,,,,,,,
510,,,,,,,,,4.673315047960047e-09,4.695951736656215e-09,4.718902301243925e-09,4.742997497022847e-09,4.766834177696765e-09,4.789808727366922e-09,4.81364563123508e-09,4.838200430517126e-09,4.843305681563308e-09,4.88795241976623e-09,4.912608433247473e-09,4.937406139811024e-09,4.964006201790564e-09,4.988996710606371e-09,5.014792611567021e-09,5.041372081819384e-09,5.06839965668554e-09,,5.09516517909295e-09,5.120958839382549e-09,5.147915030702705e-09,5.175405254862015e-09,5.203939275188288e-09,5.23226144638918e-09,5.259318277512686e-09,5.286896092051179e-09,,5.315288311423923e-09,5.344462836471419e-09,5.374562512434981e-09,5.403507779159243e-09,5.43156870510727e-09,5.460228692631113e-09,5.489404165743344e-09,5.519711408571619e-09,5.548148578392198e-09,5.578988115053275e-09,5.609269182784777e-09,5.639366902878127e-09,5.670289994821522e-09,5.701201953067569e-09,5.73323064372613e-09,5.76698559834811e-09,5.798219652124284e-09,,5.830282576798081e-09,5.86263476348261e-09,5.893555685280412e-09,5.923621529581988e-09,5.95591324034984e-09,5.994634411729908e-09,6.02788606078891e-09,6.062956057291461e-09,,6.134712798415409e-09,6.169288394035458e-09,6.206177664660827e-09,6.238706270396792e-09,6.278037627387775e-09,6.320039368319349e-09,6.357436768249369e-09,6.398495338080731e-09,6.393889043738629e-09,6.479769789118987e-09,6.521446928584365e-09,6.566077432916735e-09,6.609279028918879e-09,6.655151549681165e-09,6.703677415460619e-09,6.749771180923426e-09,6.799385964547175e-09,,6.849148245491911e-09,6.900915649301589e-09,6.954956503733324e-09,7.008824778129295e-09,7.062296422676908e-09,7.12610318534776e-09,7.182857628599326e-09,7.244285397941277e-09,,7.311245352213406e-09,7.377263414996171e-09,7.447843077567904e-09,7.520894504957174e-09,7.59491884087866e-09,7.67531277879522e-09,7.75629094965087e-09,7.839838529916905e-09,7.929344379305901e-09,8.021029963086257e-09,8.118143976473488e-09,8.220689476913432e-09,8.327522007127537e-09,8.440237748140793e-09,8.559671221052997e-09,8.685253364433589e-09,8.818324540397455e-09,,8.961445679138268e-09,9.113839615298308e-09,9.276771303658043e-09,9.451897048087378e-09,9.642971837112302e-09,9.852178463879908e-09,1.007910557993235e-08,1.033558657963109e-08,,,,,,,,,,,,,,,,,,,,,,,,,,,,,,,,,,,,,,,,,,,,,,,,,,,,,,,,,,,,,,,,,,,,,,,,,,,,,,,,,,,,,,,,,,,,,,,,,,,,,,,,,,,,,,,,,,,,
520,,,,,,,,,4.605948095618907e-09,4.627268829236519e-09,4.64924736560413e-09,4.671839406142176e-09,4.694668844900783e-09,4.717584246287564e-09,4.739512743691359e-09,4.762974253249073e-09,4.76752198456258e-09,4.810436476240365e-09,4.834862524367769e-09,4.858665710329856e-09,4.882579738420308e-09,4.907101332800318e-09,4.932235188220197e-09,4.957769412586009e-09,4.982490226445459e-09,,5.008297505276719e-09,5.03478568277692e-09,5.059653145017089e-09,5.085038412895634e-09,5.111225100224625e-09,5.138360157440778e-09,5.166263287263385e-09,5.192151804789167e-09,,5.218202426889563e-09,5.245142136852179e-09,5.273409647511767e-09,5.301652622777796e-09,5.329879162225146e-09,5.356913269083337e-09,5.383672576432237e-09,5.411418291017732e-09,5.440188063326851e-09,5.47001787631938e-09,5.499867681486906e-09,5.526779601393617e-09,5.554092906047878e-09,5.582528257157111e-09,5.612393919578653e-09,5.642250922949717e-09,5.673512666356338e-09,,5.704881068387682e-09,5.735194958733214e-09,5.76567999665429e-09,5.796406853253052e-09,5.82476331078494e-09,5.854402359718729e-09,5.885058052894297e-09,5.921952904306817e-09,,5.985172893146823e-09,6.020881472835605e-09,6.053381511802427e-09,6.084672011711163e-09,6.118366414875698e-09,6.154116681514028e-09,6.1941659525586e-09,6.229684845132644e-09,6.226296456128639e-09,6.304384345426314e-09,6.344458884274075e-09,6.380136501526857e-09,6.41835422678902e-09,6.459022235490041e-09,6.502507745675635e-09,6.548496393979455e-09,6.593587110811732e-09,,6.6366004330538e-09,6.683059338819899e-09,6.730157473057824e-09,6.778450551426298e-09,6.829286470529005e-09,6.878652570520775e-09,6.93234559030227e-09,6.988774493614417e-09,,7.040909939864904e-09,7.102712807087398e-09,7.161081282368845e-09,7.224021388037542e-09,7.285923679603493e-09,7.35402997306208e-09,7.422502830024386e-09,7.494625501794817e-09,7.56890403114408e-09,7.644409223723663e-09,7.725079418076186e-09,7.809143012043118e-09,7.896940450060873e-09,7.988802483399244e-09,8.084851487795433e-09,8.18532518294308e-09,8.289784084514566e-09,,8.40060869842564e-09,8.516011067764418e-09,8.641153336184985e-09,8.772486662537601e-09,8.910557502089315e-09,9.058652606667639e-09,9.216750568194388e-09,9.385859451507068e-09,,,,,,,,,,,,,,,,,,,,,,,,,,,,,,,,,,,,,,,,,,,,,,,,,,,,,,,,,,,,,,,,,,,,,,,,,,,,,,,,,,,,,,,,,,,,,,,,,,,,,,,,,,,,,,,,,,,,
530,,,,,,,,,4.541858992828708e-09,4.561999275222797e-09,4.582684014505599e-09,4.604007335959675e-09,4.625932252771859e-09,4.648476442534781e-09,4.669992500628327e-09,4.691494682596725e-09,4.695906652787005e-09,4.736701343994994e-09,4.760056812581605e-09,4.783674387755544e-09,4.806717201855459e-09,4.829763491586197e-09,4.853420149113254e-09,4.877638406911104e-09,4.902241982582029e-09,,4.927064520684277e-09,4.951049266773975e-09,4.976501091314462e-09,5.000703694163618e-09,5.024855844351913e-09,5.050097139945768e-09,5.075686571025247e-09,5.10222253875524e-09,,5.12782609922518e-09,5.152748451828847e-09,5.178739648895704e-09,5.205269151609999e-09,5.232140126764299e-09,5.259863050009528e-09,5.28534655956338e-09,5.311019422376503e-09,5.337271887264941e-09,5.364396755348938e-09,5.392127184793403e-09,5.419914416400428e-09,5.448443363797742e-09,5.47400081336573e-09,5.500402416302313e-09,5.52795299966833e-09,5.556299749479448e-09,,5.585479131615074e-09,5.615516470645433e-09,5.644729410010406e-09,5.67293347851408e-09,5.702323897964801e-09,5.731621259641581e-09,5.759046500842985e-09,5.787240249012262e-09,,5.848914325940588e-09,5.879905838509741e-09,5.912709848351815e-09,5.947185513131702e-09,5.975895365956551e-09,6.005981019550624e-09,6.039879196554225e-09,6.074463426726137e-09,6.071495927762146e-09,6.14538177814287e-09,6.179454485373858e-09,6.215502045206467e-09,6.252867530330389e-09,6.286802481357116e-09,6.323204451221461e-09,6.36185821812209e-09,6.402541738244916e-09,,6.446055419808578e-09,6.488770176036077e-09,6.529326115952587e-09,6.572723786835417e-09,6.61679762763138e-09,6.664283777665323e-09,6.710286306245428e-09,6.757875406272878e-09,,6.806879791362898e-09,6.859255743998808e-09,6.9101499475376e-09,6.965334602215217e-09,7.019390743914974e-09,7.07897769807674e-09,7.135517944371049e-09,7.195271269265947e-09,7.259728962640536e-09,7.328552672443987e-09,7.394694282135382e-09,7.46513860360917e-09,7.539529201488332e-09,7.6155285678459e-09,7.694888606366754e-09,7.777417458235184e-09,7.863789148081025e-09,,7.953973156229881e-09,8.048178647586166e-09,8.146787870780093e-09,8.249176508162474e-09,8.358526772746308e-09,8.472379339367982e-09,8.593776861617212e-09,8.720249242236896e-09,,,,,,,,,,,,,,,,,,,,,,,,,,,,,,,,,,,,,,,,,,,,,,,,,,,,,,,,,,,,,,,,,,,,,,,,,,,,,,,,,,,,,,,,,,,,,,,,,,,,,,,,,,,,,,,,,,,,
540,,,,,,,,,4.480376992933034e-09,4.500026204125248e-09,4.519554621152594e-09,4.539674791456742e-09,4.560626734690547e-09,4.581754559687477e-09,4.602625235889697e-09,4.624036749601157e-09,4.627972547516166e-09,4.666943222772672e-09,4.689029827905708e-09,4.711457079375747e-09,4.7343997988877e-09,4.756753535354427e-09,4.779289885640506e-09,4.802009662342732e-09,4.825353518285301e-09,,4.849256655802072e-09,4.873796033823742e-09,4.896094046222644e-09,4.919437467649567e-09,4.943485514740472e-09,4.967635048354128e-09,4.991297717055689e-09,5.016038348785154e-09,,5.041098754479692e-09,5.066422058014156e-09,5.090495230986649e-09,5.114933711723654e-09,5.140111254681417e-09,5.165692951968937e-09,5.19199180783056e-09,5.217421689915196e-09,5.241812578709726e-09,5.266672069518182e-09,5.292300600965557e-09,5.318530236906829e-09,5.345551814680087e-09,5.37320662830143e-09,5.397818398791682e-09,5.422703414098463e-09,5.448288870214607e-09,,5.474830869629821e-09,5.502223138706443e-09,5.530435759362999e-09,5.559537025399255e-09,5.586499903932271e-09,5.613556759555451e-09,5.641774127557821e-09,5.668393256974541e-09,,5.726007006685823e-09,5.752906126518971e-09,5.781242394936134e-09,5.811174498825942e-09,5.844284765238185e-09,5.872627513605018e-09,5.904637574054655e-09,5.930975498421308e-09,5.926929996794531e-09,5.995170439979475e-09,6.029876130428153e-09,6.063562367821073e-09,6.095906060077804e-09,6.13047316550301e-09,6.160324221003887e-09,6.196977004451524e-09,6.235665032516251e-09,,6.272982848353584e-09,6.309267187618628e-09,6.348337604957737e-09,6.389193228771215e-09,6.427368365267785e-09,6.469261339311906e-09,6.50950370773611e-09,6.554415898261464e-09,,6.597503208721294e-09,6.642079458463276e-09,6.689338282244702e-09,6.73536290519918e-09,6.784705993519043e-09,6.836421227934e-09,6.887022331745921e-09,6.941578587318936e-09,6.994744634429837e-09,7.049192634707973e-09,7.108150550893488e-09,7.169861169932891e-09,7.232228602989667e-09,7.299280978235507e-09,7.365397106770036e-09,7.436692914587594e-09,7.507822632950008e-09,,7.584116095403975e-09,7.662101196189045e-09,7.743557444847676e-09,7.828994649067148e-09,7.917018540497537e-09,8.009455539502335e-09,8.105445206171133e-09,8.206975473983534e-09,,,,,,,,,,,,,,,,,,,,,,,,,,,,,,,,,,,,,,,,,,,,,,,,,,,,,,,,,,,,,,,,,,,,,,,,,,,,,,,,,,,,,,,,,,,,,,,,,,,,,,,,,,,,,,,,,,,,
550,,,,,,,,,4.42044896633053e-09,4.440565620958626e-09,4.459625216572485e-09,4.478601824855777e-09,4.498270940125539e-09,4.518511278985431e-09,4.538735866939257e-09,4.560654410043355e-09,4.5636916537086e-09,4.600784164487128e-09,4.621585052582856e-09,4.643264083440344e-09,4.665132134222387e-09,4.687446701166645e-09,4.708988221850716e-09,4.730404181633417e-09,4.752360626445157e-09,,4.774880406795834e-09,4.797970638984925e-09,4.821640553037386e-09,4.843649526891443e-09,4.866221854723338e-09,4.888866878552104e-09,4.91247391322474e-09,4.936114846363621e-09,,4.960074345845951e-09,4.98252520771295e-09,5.007526918509361e-09,5.030527941283883e-09,5.054177249300928e-09,5.077614104604999e-09,5.102187377768176e-09,5.127116758569118e-09,5.152741159674042e-09,5.175823953106724e-09,5.199344282830756e-09,5.223559677348911e-09,5.248377891955352e-09,5.273926486706688e-09,5.300190003580596e-09,5.325615456211519e-09,5.34885549144127e-09,,5.372849060256534e-09,5.397659156913502e-09,5.423197114982693e-09,5.449676678094822e-09,5.476730233395789e-09,5.50457581655906e-09,5.529795456773497e-09,5.556006634606596e-09,,5.611636398422554e-09,5.637821539784901e-09,5.662458938543523e-09,5.688430906989449e-09,5.716654827143422e-09,5.746006720863485e-09,5.772619434341345e-09,5.802130603197e-09,5.799828012527853e-09,5.858732902093682e-09,5.88863578430037e-09,5.919571458130483e-09,5.953235718361303e-09,5.983433178342751e-09,6.012896553985457e-09,6.04404634978782e-09,6.076995154363844e-09,,6.112109118719973e-09,6.148787644694451e-09,6.184022789376736e-09,6.218516290540469e-09,6.254947172980107e-09,6.293898818350166e-09,6.330136884102426e-09,6.369448559465705e-09,,6.407394516012722e-09,6.448083169782648e-09,6.490028502448982e-09,6.532156752410624e-09,6.576908472730587e-09,6.619908199447168e-09,6.666276849714611e-09,6.714704450790328e-09,6.761777746970023e-09,6.812146356177363e-09,6.862684287162835e-09,6.912482620199063e-09,6.971849814166348e-09,7.024955055784181e-09,7.081611715934907e-09,7.142717788977513e-09,7.204938342107731e-09,,7.270627405264697e-09,7.336833235949257e-09,7.40456068420808e-09,7.477335154614885e-09,7.552205422584184e-09,7.628027157836224e-09,7.708919347872809e-09,7.791344771706357e-09,,,,,,,,,,,,,,,,,,,,,,,,,,,,,,,,,,,,,,,,,,,,,,,,,,,,,,,,,,,,,,,,,,,,,,,,,,,,,,,,,,,,,,,,,,,,,,,,,,,,,,,,,,,,,,,,,,,,
560,,,,,,,,,4.363691730235444e-09,4.382476300126046e-09,4.402099433955086e-09,4.420256408455657e-09,4.438893711996228e-09,4.458164018750291e-09,4.47781949132121e-09,4.497862923940409e-09,4.501926941509698e-09,4.538770768886903e-09,4.558330448983763e-09,4.578324462906722e-09,4.598919510561772e-09,4.62010303036903e-09,4.641685410734037e-09,4.662927578824034e-09,4.683335811882576e-09,,4.704522342923169e-09,4.726289812715012e-09,4.748598794823156e-09,4.771345798320828e-09,4.793014918410594e-09,4.814646251226657e-09,4.836596565394025e-09,4.85916920892672e-09,,4.88162582318261e-09,4.905241949385924e-09,4.926480041782489e-09,4.948806519724604e-09,4.971760423644047e-09,4.995646106516392e-09,5.017839860659534e-09,5.041193343293213e-09,5.06501388440553e-09,5.089507920814678e-09,5.112818779728757e-09,5.13506760548941e-09,5.157959271347993e-09,5.181544957627498e-09,5.205642873467508e-09,5.23036298886081e-09,5.255568255652873e-09,,5.278592348544561e-09,5.301079143982152e-09,5.324279812746875e-09,5.348273833739202e-09,5.373058991138202e-09,5.398389558895964e-09,5.424783776039798e-09,5.45108792837753e-09,,5.499795768663871e-09,5.526234086149982e-09,5.553762764631857e-09,5.576421689311205e-09,5.600565577078023e-09,5.626699711026887e-09,5.652491618367944e-09,5.682073925403371e-09,5.677944531070165e-09,5.735639918230202e-09,5.761146472234548e-09,5.788435977821877e-09,5.817091907234534e-09,5.847544490988578e-09,5.879695901785186e-09,5.907606185473656e-09,5.935641933512089e-09,,5.965534988555906e-09,5.997012987304357e-09,6.030067165790447e-09,6.064883759584453e-09,6.098917016630536e-09,6.131763199673716e-09,6.166291694236846e-09,6.202407964652775e-09,,6.237548886283456e-09,6.273717091115612e-09,6.310862158642215e-09,6.350490522395756e-09,6.388032802844298e-09,6.427830815267639e-09,6.470846665181369e-09,6.510805966457544e-09,6.553913143882002e-09,6.600030668495841e-09,6.643447275680302e-09,6.690675683949858e-09,6.738252901055853e-09,6.784083945582425e-09,6.839100216715634e-09,6.889441440814754e-09,6.941126307903242e-09,,6.996601768694485e-09,7.055501385480655e-09,7.114625762942717e-09,7.177709367286578e-09,7.240778018697889e-09,7.306965406287869e-09,7.372891207965115e-09,7.44377285473833e-09,,,,,,,,,,,,,,,,,,,,,,,,,,,,,,,,,,,,,,,,,,,,,,,,,,,,,,,,,,,,,,,,,,,,,,,,,,,,,,,,,,,,,,,,,,,,,,,,,,,,,,,,,,,,,,,,,,,,
570,,,,,,,,,4.309495744129136e-09,4.327422405844817e-09,4.345801772620597e-09,4.364834433538044e-09,4.382527894789643e-09,4.400652142355662e-09,4.41990258383858e-09,4.438527876202177e-09,4.442421824654747e-09,4.477669600108085e-09,4.497780755625388e-09,4.516787736860359e-09,4.536170194814881e-09,4.556086685094077e-09,4.576633995080483e-09,4.597579594114727e-09,4.618198418260474e-09,,4.637993573116104e-09,4.658491717150763e-09,4.67947732132733e-09,4.700948902103092e-09,4.723013577664747e-09,4.743888982508955e-09,4.764757754315512e-09,4.785993995627277e-09,,4.807755350443613e-09,4.829312708930436e-09,4.852217995203311e-09,4.873553346566946e-09,4.894263102049145e-09,4.91617131938276e-09,4.938616966062026e-09,4.961622166955839e-09,4.982855231120976e-09,5.005599473328919e-09,5.028876482592613e-09,5.052437339325801e-09,5.073587467392655e-09,5.095267191447309e-09,5.11761434525989e-09,5.14035317361874e-09,5.163797533464061e-09,,5.187679206723241e-09,5.211541032948758e-09,5.2327137715158e-09,5.254451576863514e-09,5.276989907704542e-09,5.300234130767279e-09,5.324085538064689e-09,5.348875010336714e-09,,5.397407563574337e-09,5.42100186647501e-09,5.445672787008867e-09,5.472342871660001e-09,5.495030403599487e-09,5.517544531140411e-09,5.543401936693341e-09,5.566898269124324e-09,5.563088975971872e-09,5.618952685344234e-09,5.647215747944211e-09,5.670138950544921e-09,5.694868610594351e-09,5.721101818252208e-09,5.748991393985108e-09,5.778069204635602e-09,5.808351852496876e-09,,5.834888193979336e-09,5.861802650497507e-09,5.890100370316346e-09,5.920029433261259e-09,5.951444574537466e-09,5.984698515820552e-09,6.017751773321776e-09,6.04850381020238e-09,,6.080992834917343e-09,6.114285234141227e-09,6.149156146466576e-09,6.183409186319546e-09,6.218370708968511e-09,6.256055725934501e-09,6.29101256020503e-09,6.328718002587301e-09,6.369459738280249e-09,6.406838739641564e-09,6.447713642821731e-09,6.491170805499173e-09,6.531784220060462e-09,6.57572083330639e-09,6.620540146720945e-09,6.666008930282949e-09,6.714376630305423e-09,,6.762248732137803e-09,6.809407871620288e-09,6.860127849884253e-09,6.916258690585026e-09,6.969665423335888e-09,7.027212367549952e-09,7.086446925879345e-09,7.148166681384999e-09,,,,,,,,,,,,,,,,,,,,,,,,,,,,,,,,,,,,,,,,,,,,,,,,,,,,,,,,,,,,,,,,,,,,,,,,,,,,,,,,,,,,,,,,,,,,,,,,,,,,,,,,,,,,,,,,,,,,
580,,,,,,,,,4.25783644319674e-09,4.274829464104511e-09,4.292524750825573e-09,4.309735317307656e-09,4.327520000699176e-09,4.345759414338651e-09,4.364689681643567e-09,4.382467359719189e-09,4.386087398022855e-09,4.419131709034492e-09,4.438524191796051e-09,4.458156338766165e-09,4.476580646803775e-09,4.495430871968962e-09,4.514735585732365e-09,4.534652353854461e-09,4.554923023435577e-09,,4.575139694390147e-09,4.594359109671788e-09,4.614010498133711e-09,4.634264881463505e-09,4.655099449654507e-09,4.676327024370875e-09,4.69672694857583e-09,4.716803772300397e-09,,4.73730066701833e-09,4.758272721569715e-09,4.779822952455088e-09,4.801283850372413e-09,4.822071479921782e-09,4.842119845794829e-09,4.863208427086157e-09,4.884370436842815e-09,4.906606279519092e-09,4.928400272428333e-09,4.949755418218692e-09,4.970549232334511e-09,4.993519009632472e-09,5.01462262292247e-09,5.035164927769035e-09,5.056345160393441e-09,5.078091764640147e-09,,5.100162856821781e-09,5.12279526682898e-09,5.146021998467399e-09,5.167528786727291e-09,5.187931391892546e-09,5.209227419896076e-09,5.230852705412739e-09,5.253275175539074e-09,,5.303092163466818e-09,5.323982239557279e-09,5.348442068702979e-09,5.369247958522133e-09,5.391372859840017e-09,5.414449589460312e-09,5.440585309424873e-09,5.464562992687465e-09,5.457641654985977e-09,5.507944085288933e-09,5.532912832614209e-09,5.558738461807888e-09,5.584569142442095e-09,5.607005361493528e-09,5.630875596453605e-09,5.656315905435127e-09,5.682944374354424e-09,,5.710631554877164e-09,5.739878607844479e-09,5.764836364082527e-09,5.7904541976334e-09,5.81747462632593e-09,5.845928242212646e-09,5.87600805575897e-09,5.90739505320945e-09,,5.939538710167713e-09,5.968652510997507e-09,5.999552285998217e-09,6.030724586228989e-09,6.064083073884835e-09,6.097659467740474e-09,6.130005711967384e-09,6.165525867641657e-09,6.198739446912736e-09,6.234373901525056e-09,6.272708913910333e-09,6.308378658014343e-09,6.346376809791182e-09,6.387682726526114e-09,6.425907903724135e-09,6.46700993146136e-09,6.509922327019402e-09,,6.551848339011791e-09,6.596694521443267e-09,6.642193097201107e-09,6.685752751903707e-09,6.737835998587259e-09,6.786110293091181e-09,6.838539187638637e-09,6.888570550560383e-09,,,,,,,,,,,,,,,,,,,,,,,,,,,,,,,,,,,,,,,,,,,,,,,,,,,,,,,,,,,,,,,,,,,,,,,,,,,,,,,,,,,,,,,,,,,,,,,,,,,,,,,,,,,,,,,,,,,,
590,,,,,,,,,4.208408250382626e-09,4.224604902188999e-09,4.241938365546511e-09,4.258379206020021e-09,4.275285186996015e-09,4.292652886505615e-09,4.31125309269105e-09,4.328879479433535e-09,4.330861990636716e-09,4.363397302121837e-09,4.381841657911704e-09,4.400672549568306e-09,4.419831829944989e-09,4.437769238604813e-09,4.456037573351519e-09,4.474782255278573e-09,4.494083786976244e-09,,4.513727539906079e-09,4.533458717034498e-09,4.552110049365664e-09,4.571672585520138e-09,4.591316546963319e-09,4.611235009866564e-09,4.631550409589551e-09,4.651709120346571e-09,,4.671034808750612e-09,4.690861233250967e-09,4.711179014983532e-09,4.731651060613635e-09,4.75195159093322e-09,4.772445347972316e-09,4.79161157159202e-09,4.81182180516971e-09,4.832078813259181e-09,4.853198946308148e-09,4.874653941301184e-09,4.895951061399778e-09,4.915456998254217e-09,4.935506793757427e-09,4.957960574270906e-09,4.977667128156326e-09,4.9977188113763e-09,,5.018312236186765e-09,5.039310943526328e-09,5.060741599151927e-09,5.082734555320406e-09,5.105551201946543e-09,5.12468154920119e-09,5.144520425408748e-09,5.164928928521498e-09,,5.214323028446625e-09,5.234645742805149e-09,5.255960144300538e-09,5.278063235023565e-09,5.297342969404083e-09,5.318042069402361e-09,5.339903612584153e-09,5.363125764627808e-09,5.360067207983019e-09,5.406611320792747e-09,5.428612699422948e-09,5.451662169426077e-09,5.475536910206888e-09,5.500989797255114e-09,5.524354806915075e-09,5.546039054948627e-09,5.569220003050833e-09,,5.593473583433327e-09,5.61880540591141e-09,5.645682087582116e-09,5.673388772704805e-09,5.696606656987607e-09,5.721122409849168e-09,5.747100106232103e-09,5.774235665280311e-09,,5.802766933686483e-09,5.832423716368343e-09,5.863294593340503e-09,5.890435866252388e-09,5.920819607988744e-09,5.951014540676227e-09,5.982128377896002e-09,6.014729519563764e-09,6.045069672695883e-09,6.077917604349101e-09,6.108069083319405e-09,6.140341959512722e-09,6.175121562754227e-09,6.212656296943044e-09,6.250341900308897e-09,6.288809862244064e-09,6.325290206105819e-09,,6.363857536931063e-09,6.405421857819398e-09,6.443910815559379e-09,6.485611263546362e-09,6.527454281253514e-09,6.571925000454083e-09,6.618475721617956e-09,6.662710499082405e-09,,,,,,,,,,,,,,,,,,,,,,,,,,,,,,,,,,,,,,,,,,,,,,,,,,,,,,,,,,,,,,,,,,,,,,,,,,,,,,,,,,,,,,,,,,,,,,,,,,,,,,,,,,,,,,,,,,,,
600,3.71382644e-09,3.67712029e-09,3.76873299e-09,3.97319541e-09,4.01776595e-09,4.15812253e-09,4.3690311e-09,4.45314849e-09,4.161031349769232e-09,4.176831512031689e-09,4.193453075278576e-09,4.209193014801775e-09,4.225345650000928e-09,4.241894299470754e-09,4.259175202251084e-09,4.276638857644791e-09,4.279456984633815e-09,4.310308366889061e-09,4.32776773023519e-09,4.345708347312735e-09,4.364040428395315e-09,4.382730613180247e-09,4.400185745013198e-09,4.417919794946778e-09,4.436118381564366e-09,4.92525113e-09,4.454838243437471e-09,4.473906178034924e-09,4.493210694195229e-09,4.511224604518479e-09,4.530197200942051e-09,4.549181945949433e-09,4.568385892256472e-09,4.588058795447013e-09,5.04457851e-09,4.60777122948624e-09,4.626526379353784e-09,4.645664511077458e-09,4.665202063052061e-09,4.68415041529163e-09,4.703585518109305e-09,4.723364323841083e-09,4.743598815477943e-09,4.764093273582783e-09,4.783109216376984e-09,4.80220252314839e-09,4.821791067591057e-09,4.841619621979806e-09,4.861718098572841e-09,4.882604349947332e-09,4.903905050374983e-09,4.922281377874311e-09,5.58560556e-09,4.941486200401054e-09,4.961055504834179e-09,4.981340732753207e-09,5.001597418646022e-09,5.02253398783324e-09,5.044257551629632e-09,5.063928452454019e-09,5.08264041549004e-09,5.72069655e-09,5.126487912269806e-09,5.145182365778905e-09,5.166295665801519e-09,5.18778726574211e-09,5.210415146606966e-09,5.227781615836057e-09,5.247481387935894e-09,5.269599451335386e-09,5.263612422352712e-09,5.3132128450904e-09,5.332620124814603e-09,5.353254662802424e-09,5.374624906133327e-09,5.396616813573163e-09,5.42026330786681e-09,5.444820854787854e-09,5.465997782180472e-09,,5.487296100680497e-09,5.509495124597126e-09,5.532694104872991e-09,5.557364475409562e-09,5.58252075304372e-09,5.609395633976154e-09,5.631732004622167e-09,5.655036484148672e-09,,5.679670551432043e-09,5.705593876290925e-09,5.732693315138264e-09,5.760844619920648e-09,5.785858083961834e-09,5.813561713981115e-09,5.842867912200686e-09,5.873853811885235e-09,5.904640448844377e-09,5.935113275901083e-09,5.963978108682347e-09,5.994891301106101e-09,6.026085444315349e-09,6.058765426195185e-09,6.092187153579834e-09,6.124498536728928e-09,6.15865045619156e-09,,6.195387187553487e-09,6.22942459528946e-09,6.265674086568627e-09,6.303077726189644e-09,6.34154405769936e-09,6.381106300355524e-09,6.42010828050017e-09,6.461229873289173e-09,,,,,,,,,,,,,,,,,,,,,,,,,,,,,,,,,,,,,,,,,,,,,,,,,,,,,,,,,,,,,,,,,,,,,,,,,,,,,,,,,,,,,,,,,,,,,,,,,,,,,,,,,,,,,,,,,,,,
610,,,,,,,,,4.114577977690832e-09,4.129693002952435e-09,4.146074499711805e-09,4.162059707989151e-09,4.17747642243839e-09,4.193145137986895e-09,4.209575073408987e-09,4.227285013101287e-09,4.228945000458963e-09,4.259563688570873e-09,4.276249981608862e-09,4.293246584721564e-09,4.310737430230815e-09,4.328561742080702e-09,4.346383935442465e-09,4.363813921753398e-09,4.381422384392432e-09,,4.399553625528332e-09,4.417345935777979e-09,4.435070440333058e-09,4.45308045225329e-09,4.471537568404864e-09,4.490501427240891e-09,4.509167396776571e-09,4.527168348611734e-09,,4.545579179116672e-09,4.564506691360583e-09,4.583634691808064e-09,4.603136966114777e-09,4.621757793322871e-09,4.639140268629946e-09,4.657901893592111e-09,4.676966424573774e-09,4.696375510572642e-09,4.716149363712293e-09,4.735406862723557e-09,4.753385631498859e-09,4.77199508052281e-09,4.791221083254909e-09,4.81049280038978e-09,4.830326853012962e-09,4.850549053204059e-09,,4.869430351407963e-09,4.887746031086191e-09,4.906158912483602e-09,4.925140197391001e-09,4.944660353421063e-09,4.964690541940764e-09,4.985293852196055e-09,5.005570394557807e-09,,5.044238111328589e-09,5.063694696926599e-09,5.082413312746238e-09,5.102309608822359e-09,5.122690530118878e-09,5.144275628518936e-09,5.161414080380722e-09,5.180484531942891e-09,5.17521561569261e-09,5.222267332553203e-09,5.244458852071097e-09,5.26267321964327e-09,5.281573714009381e-09,5.301459403358717e-09,5.322435316328096e-09,5.343873775037305e-09,5.364302591138872e-09,,5.385843209085761e-09,5.407702797813049e-09,5.431183588137955e-09,5.455685864520579e-09,5.476171065976733e-09,5.497763659647979e-09,5.51969211412597e-09,5.542897857692998e-09,,5.567025377470344e-09,5.592198183141009e-09,5.619087991399499e-09,5.642186966845471e-09,5.665484087589348e-09,5.690953656546668e-09,5.716098292033542e-09,5.742822114831069e-09,5.770724507320336e-09,5.800098234855684e-09,5.829751499443531e-09,5.857930911187259e-09,5.886416921507542e-09,5.915944291108978e-09,5.945429307586183e-09,5.976203867695186e-09,6.007172448729121e-09,,6.035741928160243e-09,6.066701328251033e-09,6.099984555679676e-09,6.135916178869479e-09,6.174200850952457e-09,6.207564229653057e-09,6.243828543863733e-09,6.281986392633247e-09,,,,,,,,,,,,,,,,,,,,,,,,,,,,,,,,,,,,,,,,,,,,,,,,,,,,,,,,,,,,,,,,,,,,,,,,,,,,,,,,,,,,,,,,,,,,,,,,,,,,,,,,,,,,,,,,,,,,
620,,,,,,,,,4.069876045372534e-09,4.084653622825098e-09,4.100113623484571e-09,4.116114690430755e-09,4.131218161069862e-09,4.146452292562706e-09,4.162368139339057e-09,4.178078716085483e-09,4.180439265484312e-09,4.210443309775951e-09,4.227189784106353e-09,4.244599834891309e-09,4.260687358429354e-09,4.276954754522746e-09,4.293576399794743e-09,4.310560005098487e-09,4.327926001199763e-09,,4.345660707840885e-09,4.363246184650181e-09,4.380569035350195e-09,4.397778114341665e-09,4.415287040816518e-09,4.433213244138813e-09,4.451656572907968e-09,4.469711534586458e-09,,4.487205639134661e-09,4.505086324017095e-09,4.523040742686025e-09,4.542050285279331e-09,4.560800000144233e-09,4.578943288903982e-09,4.595657195192294e-09,4.613767327870154e-09,4.632149459192253e-09,4.650877420638782e-09,4.669918134097447e-09,4.688911421182479e-09,4.706109289193659e-09,4.724065778500194e-09,4.742452169830399e-09,4.761200777628837e-09,4.779950707024884e-09,,4.799418211914471e-09,4.818173728124572e-09,4.83560179564318e-09,4.853224462904739e-09,4.871372438131263e-09,4.8900119145064e-09,4.90906846642743e-09,4.928765098045253e-09,,4.969662858995569e-09,4.987470849026705e-09,5.004740953757504e-09,5.022454483469475e-09,5.041349643088253e-09,5.061409140171535e-09,5.079230230967398e-09,5.099170057624332e-09,5.092649096226545e-09,5.136506041614619e-09,5.154215514433278e-09,5.172665087863222e-09,5.192303398669475e-09,5.212775515576037e-09,5.234284469461755e-09,5.255052476518349e-09,5.272984252029947e-09,,5.291811613254562e-09,5.311852329735706e-09,5.332138017768113e-09,5.353845337198499e-09,5.376725675739292e-09,5.399423044813423e-09,5.418945925904674e-09,5.439450214864986e-09,,5.460625251400598e-09,5.483029497251032e-09,5.506491009833289e-09,5.53069993615404e-09,5.556522063481997e-09,5.578321571299607e-09,5.602001387539255e-09,5.624769937077494e-09,5.649013915399869e-09,5.674603000468481e-09,5.701192124981803e-09,5.729249567155237e-09,5.756411041977984e-09,5.784541912932545e-09,5.811019089831776e-09,5.839310854937621e-09,5.867674635581633e-09,,5.897667089377819e-09,5.926044573237485e-09,5.953427041029231e-09,5.982934526118018e-09,6.0148114785273e-09,6.048864313912369e-09,6.084735843490771e-09,6.11661482814626e-09,,,,,,,,,,,,,,,,,,,,,,,,,,,,,,,,,,,,,,,,,,,,,,,,,,,,,,,,,,,,,,,,,,,,,,,,,,,,,,,,,,,,,,,,,,,,,,,,,,,,,,,,,,,,,,,,,,,,
630,,,,,,,,,4.027398160183845e-09,4.041462605474581e-09,4.056444013180709e-09,4.071398563740632e-09,4.087092838235681e-09,4.101634659914239e-09,4.116595627582999e-09,4.132186201279023e-09,4.133914921196209e-09,4.163147881596616e-09,4.179179879319912e-09,4.195547898904733e-09,4.212543643420887e-09,4.228086495353335e-09,4.243982597683662e-09,4.260191958182415e-09,4.276738084495304e-09,,4.293703010497498e-09,4.310997852415849e-09,4.328039551429321e-09,4.344878659308408e-09,4.361622686961695e-09,4.378654598041066e-09,4.396110517447634e-09,4.414042468964777e-09,,4.431545763765929e-09,4.448543754145513e-09,4.46571032882297e-09,4.483346827001491e-09,4.501670091551388e-09,4.519865165079141e-09,4.537548857452735e-09,4.554035175555807e-09,4.571358224233057e-09,4.589202771009617e-09,4.607322621034723e-09,4.62577091725193e-09,4.644429746454501e-09,4.660943150944484e-09,4.678048632666391e-09,4.695665897636489e-09,4.71357489451886e-09,,4.731921411242923e-09,4.75008659666366e-09,4.768708260092287e-09,4.785425904531786e-09,4.802270920813453e-09,4.819652379885841e-09,4.837437241559889e-09,4.855609282248648e-09,,4.894924370524326e-09,4.914549966354922e-09,4.930531841423351e-09,4.948118000900228e-09,4.96460699808983e-09,4.982709663229262e-09,5.003703366111665e-09,5.018590535956056e-09,5.016359927817433e-09,5.057450751929896e-09,5.074901795516571e-09,5.091293011090116e-09,5.108578924694831e-09,5.126962771717462e-09,5.146154807236006e-09,5.166156477985197e-09,5.187009651080754e-09,,5.205129689296292e-09,5.222651470367333e-09,5.241362248254163e-09,5.260406038443278e-09,5.28053451968376e-09,5.301689703675811e-09,5.323689810505285e-09,5.344706605111806e-09,,5.363462701507037e-09,5.383003965214955e-09,5.403401424690485e-09,5.425105347204133e-09,5.447263030120171e-09,5.471122276333516e-09,5.495647219807672e-09,5.517617227277042e-09,5.538628124560028e-09,5.560617422063818e-09,5.583790684413207e-09,5.608026033386937e-09,5.633594736303684e-09,5.658928750376484e-09,5.686892145990994e-09,5.712300696822488e-09,5.736258760554366e-09,,5.761405038950805e-09,5.79340630333721e-09,5.821878099675573e-09,5.848285126066099e-09,5.874581055008854e-09,5.903046943791643e-09,5.933338401768333e-09,5.965928764306527e-09,,,,,,,,,,,,,,,,,,,,,,,,,,,,,,,,,,,,,,,,,,,,,,,,,,,,,,,,,,,,,,,,,,,,,,,,,,,,,,,,,,,,,,,,,,,,,,,,,,,,,,,,,,,,,,,,,,,,
640,,,,,,,,,3.986021944881879e-09,3.999860836161138e-09,4.014120564028067e-09,4.028790292091565e-09,4.043987352141281e-09,4.057896967589164e-09,4.072915982240961e-09,4.088109761116174e-09,4.089230569870735e-09,4.117808308499712e-09,4.133163090542472e-09,4.148834509677273e-09,4.164785274261167e-09,4.181235426615167e-09,4.196515466701689e-09,4.211979288543376e-09,4.227805484418643e-09,,4.243961611054821e-09,4.260505954372792e-09,4.277410481766755e-09,4.293857578019276e-09,4.310301176639295e-09,4.326570249410239e-09,4.343167626506502e-09,4.360148151837831e-09,,4.377575550859772e-09,4.394594148175223e-09,4.411033407803311e-09,4.427702154377243e-09,4.444754907630881e-09,4.46255598936281e-09,4.480209654129652e-09,4.497488630782234e-09,4.513380324209574e-09,4.530128657083562e-09,4.547398279363161e-09,4.564873892685923e-09,4.582673452665617e-09,4.600785100385438e-09,4.616783231850257e-09,4.633327317593304e-09,4.650194014086933e-09,,4.667519799134082e-09,4.685096625525371e-09,4.703040900505209e-09,4.720760841963054e-09,4.737062652324807e-09,4.753144664003615e-09,4.769761686461377e-09,4.786771226446878e-09,,4.825415122321618e-09,4.843563218087879e-09,4.861639648099115e-09,4.87680842330317e-09,4.892454299607525e-09,4.909732769316288e-09,4.926330629078181e-09,4.943022533278027e-09,4.939917355677783e-09,4.9788732874165e-09,4.997453725727007e-09,5.015674429879827e-09,5.03116530999511e-09,5.047355927372391e-09,5.064610269918617e-09,5.082593148183411e-09,5.10145515897703e-09,,5.120925461762608e-09,5.140521232867452e-09,5.156825652008877e-09,5.174100872950193e-09,5.191746653231454e-09,5.210490965985591e-09,5.230117846627578e-09,5.2508637061901e-09,,5.272255008735048e-09,5.291553799241679e-09,5.309439630231982e-09,5.328309064357804e-09,5.348317428723623e-09,5.368608577372379e-09,5.390367818854972e-09,5.413216608575782e-09,5.435767179057946e-09,5.457591712168554e-09,5.477652125232127e-09,5.498766247246959e-09,5.521185738109801e-09,5.544542920404351e-09,5.568469541440885e-09,5.593590578157782e-09,5.620097602022832e-09,,5.644046768655072e-09,5.666826747803525e-09,5.691009801632392e-09,5.721899655401782e-09,5.749346910837575e-09,5.77374321167944e-09,5.798998342784033e-09,5.826175928064303e-09,,,,,,,,,,,,,,,,,,,,,,,,,,,,,,,,,,,,,,,,,,,,,,,,,,,,,,,,,,,,,,,,,,,,,,,,,,,,,,,,,,,,,,,,,,,,,,,,,,,,,,,,,,,,,,,,,,,,
650,,,,,,,,,3.94655568067335e-09,3.959773680392676e-09,3.973473944792858e-09,3.98758115448188e-09,4.001944153125075e-09,4.01623562607762e-09,4.030945185023035e-09,4.045732978715868e-09,4.046347714237646e-09,4.07420259353726e-09,4.088927292630485e-09,4.103986673859771e-09,4.119340631273156e-09,4.134978017864206e-09,4.1508466446627e-09,4.165769265272225e-09,4.180873585982454e-09,,4.196343819921137e-09,4.212167626442336e-09,4.228311850217758e-09,4.244748078314266e-09,4.260693015677189e-09,4.27670240218286e-09,4.292595045390667e-09,4.308745096881224e-09,,4.325265410769583e-09,4.342247373084631e-09,4.358732668967008e-09,4.374596179008067e-09,4.39081563191234e-09,4.407378668038583e-09,4.424624687875563e-09,4.441790406647588e-09,4.458740970704122e-09,4.474040589748361e-09,4.490277315426965e-09,4.50691583990204e-09,4.52382326447246e-09,4.540992377154997e-09,4.558537925747821e-09,4.574414626097603e-09,4.590024706602559e-09,,4.606372466128763e-09,4.622971508205199e-09,4.639879035506038e-09,4.657126285204034e-09,4.674669857763092e-09,4.690446814864132e-09,4.705817757828308e-09,4.721709415983781e-09,,4.758406270192961e-09,4.775110031185215e-09,4.792387783450176e-09,4.809955975603374e-09,4.82525365185277e-09,4.839294409849996e-09,4.855814555844369e-09,4.872159102999762e-09,4.869223286638375e-09,4.904700098936651e-09,4.92184420448131e-09,4.939638261722209e-09,4.958081768363042e-09,4.97321690920775e-09,4.988442003785688e-09,5.004835575742834e-09,5.021784434095956e-09,,5.039364994626274e-09,5.057780890255875e-09,5.076964746219392e-09,5.094128873403419e-09,5.110088361914096e-09,5.12634270580443e-09,5.144098880811716e-09,5.162311755689569e-09,,5.181534576859285e-09,5.201389064451124e-09,5.222114112759179e-09,5.239547368430239e-09,5.257016540785205e-09,5.275378733281816e-09,5.294105239247505e-09,5.314345403278115e-09,5.33502419912692e-09,5.356429102292999e-09,5.379195270179374e-09,5.399721906132913e-09,5.418985499336764e-09,5.439162862016701e-09,5.460525013519926e-09,5.482811108273932e-09,5.505933545769842e-09,,5.530199914767821e-09,5.555830054237722e-09,5.578452682991184e-09,5.600309381144835e-09,5.623254974828916e-09,5.653077891713213e-09,5.679232956628901e-09,5.702146883292939e-09,,,,,,,,,,,,,,,,,,,,,,,,,,,,,,,,,,,,,,,,,,,,,,,,,,,,,,,,,,,,,,,,,,,,,,,,,,,,,,,,,,,,,,,,,,,,,,,,,,,,,,,,,,,,,,,,,,,,
660,,,,,,,,,3.908076264774448e-09,3.921066049788968e-09,3.934352863641431e-09,3.947844097335752e-09,3.962415385154672e-09,3.975436454829125e-09,3.989687990764738e-09,4.00441965730278e-09,4.004873741254101e-09,4.032276581478021e-09,4.046449671837506e-09,4.06093245074721e-09,4.075631454610287e-09,4.090650508705046e-09,4.105996910069267e-09,4.121193558591957e-09,4.13587242148287e-09,,4.150654001633911e-09,4.165805305750326e-09,4.181292114384484e-09,4.197024534164773e-09,4.21308497877578e-09,4.228474958168648e-09,4.244101157532555e-09,4.259601429058539e-09,,4.27533887363473e-09,4.291484537150355e-09,4.307889854261946e-09,4.323927903145988e-09,4.339295892120162e-09,4.355083824182855e-09,4.371192414904281e-09,4.387500200833985e-09,4.404637801663228e-09,4.42113710541123e-09,4.435894607322491e-09,4.45153531143043e-09,4.467621236580655e-09,4.48404380453336e-09,4.500643987514417e-09,4.51750731722121e-09,4.533374289015078e-09,,4.548289132973305e-09,4.563955517395249e-09,4.579845177952965e-09,4.596107243189778e-09,4.612687934140749e-09,4.629562146962581e-09,4.645401602497273e-09,4.660413833665225e-09,,4.695020110336785e-09,4.710428533762429e-09,4.726384353846123e-09,4.742796347674817e-09,4.758117343484641e-09,4.774766830625733e-09,4.79089277938548e-09,4.805595981394088e-09,4.799446451819701e-09,4.835485757673104e-09,4.851198584983517e-09,4.867375372407442e-09,4.884504348965035e-09,4.901901387874503e-09,4.917905592847165e-09,4.932025461916863e-09,4.947487647615932e-09,,4.963203196416602e-09,4.979890877931366e-09,4.997268022461535e-09,5.015262158357766e-09,5.033744984770062e-09,5.048894966042354e-09,5.064262597109268e-09,5.080485358185394e-09,,5.097404944985087e-09,5.115431430301914e-09,5.134025860738638e-09,5.15331843026437e-09,5.17335123482066e-09,5.189436000921957e-09,5.20615147932662e-09,5.22389628050948e-09,5.241951803884502e-09,5.261361759981303e-09,5.281504368481469e-09,5.302467497950133e-09,5.324725181909853e-09,5.343482569446154e-09,5.361914673186447e-09,5.381581090379054e-09,5.402026713148894e-09,,5.423669162235966e-09,5.445767902187388e-09,5.469110576863116e-09,5.493695921549825e-09,5.515416770899568e-09,5.536179280082738e-09,5.560188711185114e-09,5.581992409556524e-09,,,,,,,,,,,,,,,,,,,,,,,,,,,,,,,,,,,,,,,,,,,,,,,,,,,,,,,,,,,,,,,,,,,,,,,,,,,,,,,,,,,,,,,,,,,,,,,,,,,,,,,,,,,,,,,,,,,,
670,,,,,,,,,3.870851982469185e-09,3.883788517385732e-09,3.896522423907603e-09,3.909562885300532e-09,3.92316872223711e-09,3.936316696273601e-09,3.9500391858081e-09,3.96384533281444e-09,3.965811437396445e-09,3.99196949368825e-09,4.005543168196404e-09,4.019411287734617e-09,4.033582946368803e-09,4.048022130606602e-09,4.06278158473215e-09,4.077791470953192e-09,4.092442497948087e-09,,4.106786497513222e-09,4.12126955563622e-09,4.136135619987544e-09,4.151232691512209e-09,4.166643893410002e-09,4.18233285552128e-09,4.197163144788811e-09,4.212435680575635e-09,,4.227565863180836e-09,4.242974188964215e-09,4.258651223012476e-09,4.27462738561883e-09,4.290056303615756e-09,4.305076027078805e-09,4.320432777217044e-09,4.33607433687584e-09,4.351910756843357e-09,4.368398981041783e-09,4.384623576298498e-09,4.398935145761626e-09,4.414067757695873e-09,4.429534401073116e-09,4.445457549121667e-09,4.461388237927645e-09,4.477776475389132e-09,,4.493441278387249e-09,4.508030455532657e-09,4.522813891673956e-09,4.538193377330211e-09,4.553852278967649e-09,4.569859823168706e-09,4.58611107236772e-09,4.601807959236588e-09,,4.635328378113218e-09,4.649227497003696e-09,4.664192766453806e-09,4.679416806568898e-09,4.697131437984687e-09,4.709753930246428e-09,4.726436741804647e-09,4.742454440403885e-09,4.736801480493989e-09,4.770106765897709e-09,4.784451436484303e-09,4.799438238882233e-09,4.814986498713024e-09,4.831302219966683e-09,4.84789530324082e-09,4.864544238089829e-09,4.877905020203587e-09,,4.892373891434829e-09,4.90717281657005e-09,4.923178360199908e-09,4.939320024168522e-09,4.956351464207616e-09,4.974035265458561e-09,4.99001934402133e-09,5.004281458147637e-09,,5.019532032339001e-09,5.035529272627922e-09,5.052468531288289e-09,5.070003342659995e-09,5.088012988063817e-09,5.106612134221029e-09,5.12522090208967e-09,5.140649058610263e-09,5.157090174524277e-09,5.173670143806261e-09,5.191451119170235e-09,5.210450452779499e-09,5.229739550988587e-09,5.250149289662976e-09,5.271545859407701e-09,5.288928591487229e-09,5.306822735910204e-09,,5.325809957322235e-09,5.345826530287575e-09,5.366259849688538e-09,5.387660309277503e-09,5.410162833927917e-09,5.433926389794719e-09,5.453766766303165e-09,5.47680911165878e-09,,,,,,,,,,,,,,,,,,,,,,,,,,,,,,,,,,,,,,,,,,,,,,,,,,,,,,,,,,,,,,,,,,,,,,,,,,,,,,,,,,,,,,,,,,,,,,,,,,,,,,,,,,,,,,,,,,,,
680,,,,,,,,,3.834832327958194e-09,3.847575092249223e-09,3.860089844591588e-09,3.872489823543834e-09,3.885781791156088e-09,3.898606285177227e-09,3.911779584871282e-09,3.925159715070864e-09,3.926472143880282e-09,3.953070162048082e-09,3.966151723395706e-09,3.979464519649341e-09,3.993099163532882e-09,4.007031199518224e-09,4.02120944839625e-09,4.035702769738625e-09,4.050316387605368e-09,,4.064572383676887e-09,4.078503169670774e-09,4.092746111332251e-09,4.107257696234114e-09,4.12202602485297e-09,4.137094677003169e-09,4.152408894003909e-09,4.166701404957652e-09,,4.181643326104673e-09,4.196431837389644e-09,4.211446171445557e-09,4.226707027086259e-09,4.24229708998355e-09,4.257163072173009e-09,4.271836806343603e-09,4.286780399025654e-09,4.301985505267627e-09,4.317414649022735e-09,4.333544986107477e-09,4.3491999619772e-09,4.363030407280732e-09,4.377688289485601e-09,4.392666811933342e-09,4.408018690681526e-09,4.423532209584377e-09,,4.439352211530938e-09,4.454738720541532e-09,4.468704935007189e-09,4.483152042650567e-09,4.498008862575281e-09,4.513523560555062e-09,4.528848883064569e-09,4.544398935813334e-09,,4.578195040124211e-09,4.590751615483919e-09,4.604809446073599e-09,4.619841719393979e-09,4.633713313767465e-09,4.64834474494047e-09,4.663663163322672e-09,4.678744483644043e-09,4.674542932893408e-09,4.708456583515695e-09,4.721589374612694e-09,4.735414548406812e-09,4.749888626433212e-09,4.764709536181471e-09,4.779873028794987e-09,4.795789149068112e-09,4.812513670589365e-09,,4.825636803694172e-09,4.839419294496368e-09,4.853315927570628e-09,4.868210480675973e-09,4.883703017774709e-09,4.899987024657225e-09,4.916685846277247e-09,4.933838196852169e-09,,4.94709754725984e-09,4.961287611748711e-09,4.976409369112599e-09,4.992045599157888e-09,5.008373092367782e-09,5.025295544079165e-09,5.042819724917616e-09,5.061040843240656e-09,5.077774589993906e-09,5.093342216441457e-09,5.108401875676419e-09,5.125032161080757e-09,5.142981193350337e-09,5.160890463368739e-09,5.179887445898126e-09,5.199592990886865e-09,5.219675548235605e-09,,5.236060848096848e-09,5.253181790413793e-09,5.271945635877237e-09,5.290754276279303e-09,5.310367512240932e-09,5.330958081310746e-09,5.352647294282445e-09,5.375224906188549e-09,,,,,,,,,,,,,,,,,,,,,,,,,,,,,,,,,,,,,,,,,,,,,,,,,,,,,,,,,,,,,,,,,,,,,,,,,,,,,,,,,,,,,,,,,,,,,,,,,,,,,,,,,,,,,,,,,,,,
690,,,,,,,,,3.799975251205074e-09,3.812340107694863e-09,3.824903536632405e-09,3.83722120897313e-09,3.84986698193356e-09,3.862216060273886e-09,3.87485755523106e-09,3.887810447653896e-09,3.888955130246137e-09,3.914366390068329e-09,3.928157488430929e-09,3.940963838340715e-09,3.954075620182123e-09,3.967523650997617e-09,3.981175609755382e-09,3.99510882049048e-09,4.00932045748885e-09,,4.023337537615068e-09,4.037294080716939e-09,4.05096237980401e-09,4.06486076120855e-09,4.079116917955271e-09,4.093621946751329e-09,4.108363044937632e-09,4.12299785057985e-09,,4.13699564074759e-09,4.151773387384636e-09,4.166200404831704e-09,4.180812220298694e-09,4.195668684440996e-09,4.210884621546397e-09,4.225245025413743e-09,4.239531527602962e-09,4.25408323701438e-09,4.268978334571949e-09,4.283884611303192e-09,4.299099205194995e-09,4.314826669209524e-09,4.328170881710429e-09,4.342333659028006e-09,4.356872842674224e-09,4.371764483064582e-09,,4.38680066751477e-09,4.402110057011873e-09,4.417060100819935e-09,4.430477239995381e-09,4.444586945472315e-09,4.458944791440675e-09,4.473941569406744e-09,4.488666988538272e-09,,4.521248406921766e-09,4.53560950318108e-09,4.548577726944266e-09,4.564341304740862e-09,4.576529206546179e-09,4.590118352580966e-09,4.60433969901462e-09,4.61848800427367e-09,4.614093146769645e-09,4.648323114119833e-09,4.662357936910465e-09,4.674930155945427e-09,4.688185261854377e-09,4.701913029210553e-09,4.71593411534221e-09,4.730568187056611e-09,4.745704221611619e-09,,4.761686124897363e-09,4.775194245436244e-09,4.788033528422818e-09,4.801526301294788e-09,4.815694319931951e-09,4.830268222317022e-09,4.845882449729177e-09,4.861389849028783e-09,,4.878228704761355e-09,4.892111202099739e-09,4.90559099391284e-09,4.91956452717364e-09,4.934375263236287e-09,4.94980542589511e-09,4.965850276009224e-09,4.982004561824076e-09,4.998964425717547e-09,5.016744234365251e-09,5.032092331643579e-09,5.046846648401553e-09,5.061671841106013e-09,5.078478721804368e-09,5.095162524660465e-09,5.11265414521782e-09,5.131374248735025e-09,,5.150438961774522e-09,5.168985344984949e-09,5.184567501837184e-09,5.202080301176906e-09,5.219337212909573e-09,5.237398705802284e-09,5.256060478387437e-09,5.276315931446112e-09,,,,,,,,,,,,,,,,,,,,,,,,,,,,,,,,,,,,,,,,,,,,,,,,,,,,,,,,,,,,,,,,,,,,,,,,,,,,,,,,,,,,,,,,,,,,,,,,,,,,,,,,,,,,,,,,,,,,
700,3.44956883e-09,3.40713565e-09,3.47788205e-09,3.64559703e-09,3.6694391e-09,3.77735106e-09,3.94307153e-09,3.99646119e-09,3.765860489092127e-09,3.778251087308377e-09,3.789862331351069e-09,3.802647819985902e-09,3.815092308003812e-09,3.827118078253407e-09,3.839203038002445e-09,3.851753306302391e-09,3.852689597812652e-09,3.877474069951476e-09,3.891115290892275e-09,3.903927418190548e-09,3.916401244539767e-09,3.929382117895119e-09,3.942586150267726e-09,3.955983321891317e-09,3.969670112248101e-09,4.34565302e-09,3.983556564614542e-09,3.997107863086151e-09,4.010785066218266e-09,4.024163983689225e-09,4.037814123327917e-09,4.051723090562926e-09,4.065888150018967e-09,4.080338317140136e-09,4.42485904e-09,4.094532503176634e-09,4.108206921397231e-09,4.122641350134037e-09,4.136699635417898e-09,4.150948924730371e-09,4.165534827304626e-09,4.180336796648863e-09,4.194216145484679e-09,4.208142611572538e-09,4.222296602438868e-09,4.236686621912289e-09,4.251316233822265e-09,4.266114055968506e-09,4.280659297876041e-09,4.29418115372034e-09,4.308080917149647e-09,4.322119996924916e-09,4.83050949e-09,4.336655175162258e-09,4.351219913338671e-09,4.36606335304241e-09,4.380437534702664e-09,4.393504803452434e-09,4.407231176740689e-09,4.421047211777608e-09,4.435587471638849e-09,4.91030739e-09,4.466616632797741e-09,4.481490060033569e-09,4.493802164656068e-09,4.508998486972182e-09,4.522329107039522e-09,4.534804553587684e-09,4.547584939305707e-09,4.560987297953649e-09,4.55628926846894e-09,4.588988723570284e-09,4.603518663904786e-09,4.617681485293422e-09,4.629685132945055e-09,4.642465186617004e-09,4.655305213858011e-09,4.669003065135773e-09,4.682973777139042e-09,5.31023961e-09,4.697423413485279e-09,4.712477212841293e-09,4.726856680904687e-09,4.738859373254205e-09,4.751768034663917e-09,4.765088860330919e-09,4.77887727385443e-09,4.793325944878272e-09,,4.808322296636804e-09,4.824069145344001e-09,4.839141803864049e-09,4.851960306022743e-09,4.865497869217694e-09,4.879106996648004e-09,4.893336213654404e-09,4.908267796357357e-09,4.923690517175036e-09,4.94069373886405e-09,4.956471354144035e-09,4.9740377388647e-09,4.987466990032795e-09,5.002377689876848e-09,5.016742430906745e-09,5.032466086154115e-09,5.048851718215035e-09,,5.066146849288663e-09,5.083997064314481e-09,5.102449965920033e-09,5.119134192743529e-09,5.135545198676148e-09,5.151702379524623e-09,5.168236932330349e-09,5.185582480024725e-09,,,,,,,,,,,,,,,,,,,,,,,,,,,,,,,,,,,,,,,,,,,,,,,,,,,,,,,,,,,,,,,,,,,,,,,,,,,,,,,,,,,,,,,,,,,,,,,,,,,,,,,,,,,,,,,,,,,,
710,,,,,,,,,3.733389271075285e-09,3.745220008023853e-09,3.756572961690088e-09,3.768519915799424e-09,3.781092918853786e-09,3.793161726359831e-09,3.804785225754504e-09,3.816886683741827e-09,3.817671780304683e-09,3.841745998919498e-09,3.854482705450243e-09,3.867907338901428e-09,3.88015127782609e-09,3.892544943088847e-09,3.905347119802205e-09,3.918267663792124e-09,3.931455441689731e-09,,3.944866103439919e-09,3.958538014186512e-09,3.971537182890618e-09,3.984946841285638e-09,3.998072298699528e-09,4.011472704340295e-09,4.025074933396892e-09,4.038958815286623e-09,,4.053057404031617e-09,4.066828076149298e-09,4.080174086814872e-09,4.094242177711047e-09,4.108030817109843e-09,4.121973262784412e-09,4.136174259376127e-09,4.150612381845249e-09,4.164045432089388e-09,4.177578840502526e-09,4.191361017987499e-09,4.205376655292591e-09,4.219639723350382e-09,4.234033358157437e-09,4.24799905741713e-09,4.2612368396481e-09,4.274641643834625e-09,,4.288477152604223e-09,4.302487529622624e-09,4.316617668189059e-09,4.330822836250499e-09,4.345110968406964e-09,4.35770011897875e-09,4.370906032743418e-09,4.384329186751889e-09,,4.414231353260126e-09,4.428256437369321e-09,4.44078325572417e-09,4.454907469451099e-09,4.469030544926922e-09,4.482215686375929e-09,4.493957924393687e-09,4.506922778245081e-09,4.50189245178571e-09,4.532874046793499e-09,4.546589185733916e-09,4.560499267790849e-09,4.574737116171414e-09,4.58625950603732e-09,4.59822045348883e-09,4.610641295027738e-09,4.623451061784882e-09,,4.636736252111891e-09,4.650560731426435e-09,4.665377645855595e-09,4.67998618069541e-09,4.691446436019608e-09,4.70356069465162e-09,4.716115580073488e-09,4.729478314625838e-09,,4.743159341011665e-09,4.757437566083902e-09,4.772370214593604e-09,4.787378659040916e-09,4.800572656299816e-09,4.813001029236555e-09,4.826006977707713e-09,4.839527950061694e-09,4.853561830917041e-09,4.867940132327095e-09,4.882974113364246e-09,4.898761448179853e-09,4.915473702968548e-09,4.930993733110477e-09,4.944240420408926e-09,4.95820797813817e-09,4.972683241457994e-09,,4.987987570016444e-09,5.004208606369681e-09,5.020686744812814e-09,5.037629447833982e-09,5.05555146280226e-09,5.072126264312887e-09,5.086919000106708e-09,5.102543558911778e-09,,,,,,,,,,,,,,,,,,,,,,,,,,,,,,,,,,,,,,,,,,,,,,,,,,,,,,,,,,,,,,,,,,,,,,,,,,,,,,,,,,,,,,,,,,,,,,,,,,,,,,,,,,,,,,,,,,,,
720,,,,,,,,,3.701842119444998e-09,3.712761731676571e-09,3.724289846953502e-09,3.735842032503616e-09,3.748094931876398e-09,3.759979078775221e-09,3.771525376648976e-09,3.783216011993025e-09,3.783815233413713e-09,3.80720654599333e-09,3.819565682005532e-09,3.832075850401384e-09,3.845107210836371e-09,3.857070396412434e-09,3.869284887269094e-09,3.881865066505634e-09,3.894556890738656e-09,,3.907483088704402e-09,3.920704828956309e-09,3.934007980435686e-09,3.946592508718159e-09,3.959823053455532e-09,3.972648430308128e-09,3.985789968074533e-09,3.999052895745929e-09,,4.012720844093916e-09,4.026524404335565e-09,4.039801035286752e-09,4.052847410177932e-09,4.066535267210929e-09,4.080048190196149e-09,4.094368745770445e-09,4.108288699902052e-09,4.121649437397914e-09,4.134641041873721e-09,4.1478376407231e-09,4.161273926134235e-09,4.174921522411832e-09,4.188825678725951e-09,4.202919847685598e-09,4.216358665556553e-09,4.229240184510049e-09,,4.242342074388514e-09,4.255601115450594e-09,4.269155352727207e-09,4.282881384456374e-09,4.296712235378759e-09,4.31067511712277e-09,4.322882586411696e-09,4.335607236317187e-09,,4.364934269655995e-09,4.377630402428446e-09,4.390279593801391e-09,4.403358264447622e-09,4.416637886308448e-09,4.430494043872944e-09,4.442981115154969e-09,4.455059995215946e-09,4.45002505790995e-09,4.479230823475992e-09,4.492016190967935e-09,4.505262141070079e-09,4.518454226517899e-09,4.532438526933867e-09,4.544114570920887e-09,4.555465975808011e-09,4.567339854016088e-09,,4.579688669070794e-09,4.592342155599968e-09,4.605609335994577e-09,4.619410121851978e-09,4.633365406723714e-09,4.645878298461954e-09,4.657088029364529e-09,4.669189870406925e-09,,4.681560073137504e-09,4.694579391567938e-09,4.708424939515559e-09,4.722330782134329e-09,4.736537202076094e-09,4.751243335135635e-09,4.762443408549751e-09,4.775420142681975e-09,4.787561606963559e-09,4.800799877815676e-09,4.814609913311732e-09,4.828546482113873e-09,4.84330529601899e-09,4.85888574725507e-09,4.875110000096956e-09,4.889132058314037e-09,4.901788989502882e-09,,4.915251433871887e-09,4.929693404019962e-09,4.944537039140741e-09,4.960073105438489e-09,4.976261922390674e-09,4.992955329642928e-09,5.011793199751818e-09,5.024890167245774e-09,,,,,,,,,,,,,,,,,,,,,,,,,,,,,,,,,,,,,,,,,,,,,,,,,,,,,,,,,,,,,,,,,,,,,,,,,,,,,,,,,,,,,,,,,,,,,,,,,,,,,,,,,,,,,,,,,,,,
730,,,,,,,,,3.671063719865598e-09,3.682203175593359e-09,3.692998894681738e-09,3.704270052239716e-09,3.715631407160138e-09,3.727712026895499e-09,3.739396514465126e-09,3.750672586915104e-09,3.751093467318994e-09,3.773817959648164e-09,3.785763740374021e-09,3.797922547886269e-09,3.810198797962207e-09,3.822774957799057e-09,3.834557009096183e-09,3.846610239017315e-09,3.858943993627841e-09,,3.871402539897091e-09,3.884120136013026e-09,3.897017317667207e-09,3.909997163230239e-09,3.922255318845157e-09,3.935253824213039e-09,3.947862650437003e-09,3.960652453565708e-09,,3.973830782947267e-09,3.987141126893533e-09,4.00066249796187e-09,4.01342346743538e-09,4.026173321270139e-09,4.040189213801624e-09,4.053399894214464e-09,4.066692862421763e-09,4.079692216900801e-09,4.093334205317123e-09,4.105941555740562e-09,4.11882313888629e-09,4.132002655032741e-09,4.145304143091135e-09,4.158882820993884e-09,4.17239653133269e-09,4.185580881181087e-09,,4.198223683960626e-09,4.210828171111186e-09,4.223713747091692e-09,4.236867549559272e-09,4.25011363238842e-09,4.26358529906017e-09,4.277095214325799e-09,4.288970490693826e-09,,4.317606137312034e-09,4.330214036196532e-09,4.341737440584795e-09,4.354078513628887e-09,4.366703591108477e-09,4.379546333611666e-09,4.392969737866307e-09,4.405728889820114e-09,4.400331389130466e-09,4.42830238134436e-09,4.440205815928132e-09,4.452457816420934e-09,4.465139464009832e-09,4.477900887988873e-09,4.491546098304214e-09,4.502964015164681e-09,4.514028817024177e-09,,4.525271915199935e-09,4.537384844677441e-09,4.549459240645773e-09,4.561919818907346e-09,4.575332312690854e-09,4.588605034403896e-09,4.601671362675395e-09,4.612392051394499e-09,,4.623746582818258e-09,4.635635094712222e-09,4.64782115827323e-09,4.660698484124587e-09,4.674055771498818e-09,4.687219892006686e-09,4.700036385377062e-09,4.713245059338191e-09,4.725837417775909e-09,4.738098660430236e-09,4.750437870619278e-09,4.763236232689821e-09,4.776455659787604e-09,4.790371193579614e-09,4.805134425782292e-09,4.819976618503635e-09,4.836088945197401e-09,,4.848293036446963e-09,4.860574777575832e-09,4.873764202799697e-09,4.887716798241533e-09,4.902320942195507e-09,4.917192842375178e-09,4.93308029156594e-09,4.95151326288243e-09,,,,,,,,,,,,,,,,,,,,,,,,,,,,,,,,,,,,,,,,,,,,,,,,,,,,,,,,,,,,,,,,,,,,,,,,,,,,,,,,,,,,,,,,,,,,,,,,,,,,,,,,,,,,,,,,,,,,
740,,,,,,,,,3.64102800345135e-09,3.651871391703181e-09,3.662621454922668e-09,3.673604582482512e-09,3.684671274413284e-09,3.695854647791034e-09,3.707810471057887e-09,3.719166690715004e-09,3.719424833737069e-09,3.741502711814555e-09,3.75304725746602e-09,3.764804131658564e-09,3.776775114464961e-09,3.788855936117426e-09,3.801025332588486e-09,3.812584530691707e-09,3.824450676473823e-09,,3.836534685066735e-09,3.848818474326802e-09,3.861278818968707e-09,3.873979252653612e-09,3.886504490844358e-09,3.899091507702099e-09,3.9112353516118e-09,3.923616906069793e-09,,3.936318422908044e-09,3.949144556220448e-09,3.962185863823763e-09,3.975800720628855e-09,3.98893727672211e-09,4.00058645898769e-09,4.013958836383393e-09,4.026912064617972e-09,4.039341300802291e-09,4.052513248718913e-09,4.065759893843102e-09,4.07803735146668e-09,4.090618268728519e-09,4.103379307353878e-09,4.116361467493916e-09,4.129445688191992e-09,4.142753427782029e-09,,4.155533906255679e-09,4.167895920156062e-09,4.180084629570898e-09,4.192668606403106e-09,4.205501109476157e-09,4.21835377333825e-09,4.231409375320135e-09,4.244690577841691e-09,,4.272164270410993e-09,4.284832816714754e-09,4.295156824859911e-09,4.306932205659406e-09,4.318910485968165e-09,4.331111041806085e-09,4.343798381388348e-09,4.356336709145186e-09,4.352248366876649e-09,4.379734221766889e-09,4.390822445189538e-09,4.402495133618519e-09,4.414253849028405e-09,4.426336086909436e-09,4.438742467719425e-09,4.451535658385673e-09,4.463307973428521e-09,,4.473825382877902e-09,4.484714918077966e-09,4.495960840305219e-09,4.507613597866535e-09,4.520000471019302e-09,4.532071111739815e-09,4.545216553057571e-09,4.558682099397906e-09,,4.569067121398758e-09,4.579810412820344e-09,4.591115489962117e-09,4.604502626557419e-09,4.616124392690344e-09,4.629114684324811e-09,4.641594204308972e-09,4.656151493912142e-09,4.667979637907927e-09,4.678751591560712e-09,4.689840174157398e-09,4.701768217711717e-09,4.713563471731218e-09,4.726094444607457e-09,4.739198598334549e-09,4.752583001148549e-09,4.766684949780728e-09,,4.783500886514408e-09,4.796344636023067e-09,4.808127364270049e-09,4.820332883318634e-09,4.833217247885086e-09,4.846736272728739e-09,4.860854087603105e-09,4.875498307655604e-09,,,,,,,,,,,,,,,,,,,,,,,,,,,,,,,,,,,,,,,,,,,,,,,,,,,,,,,,,,,,,,,,,,,,,,,,,,,,,,,,,,,,,,,,,,,,,,,,,,,,,,,,,,,,,,,,,,,,
750,,,,,,,,,3.611927223100874e-09,3.622612751129072e-09,3.633234065522649e-09,3.643819733533822e-09,3.654517671448096e-09,3.665488577621119e-09,3.67709711745898e-09,3.688325001531172e-09,3.688797646807996e-09,3.710225054948397e-09,3.721398243317598e-09,3.732750063392109e-09,3.744336009501352e-09,3.756070448774202e-09,3.768030853308999e-09,3.77976727928459e-09,3.791163454139818e-09,,3.802800083552084e-09,3.814715496572969e-09,3.826738153946757e-09,3.839039747452506e-09,3.851513010461513e-09,3.863590958738007e-09,3.875915299509947e-09,3.887885411784493e-09,,3.900140642985563e-09,3.912502102050156e-09,3.925420214230281e-09,3.938042602981366e-09,3.950982023858371e-09,3.963733943852101e-09,3.976459216685645e-09,3.989179847921046e-09,4.000447514702062e-09,4.013112431083449e-09,4.026015860063266e-09,4.038798065748387e-09,4.050896541968388e-09,4.063144280057528e-09,4.075566954041138e-09,4.088173613399789e-09,4.100981740985695e-09,,4.113971244288557e-09,4.126002752829954e-09,4.138230587438241e-09,4.150187953436152e-09,4.162443375684616e-09,4.174881733985642e-09,4.187329542013205e-09,4.200063976264329e-09,,4.227214832621076e-09,4.239528979278982e-09,4.250555143051308e-09,4.261661942086723e-09,4.273095187497508e-09,4.284805769189212e-09,4.296713744355461e-09,4.308564115434638e-09,4.304475107108321e-09,4.333497774786734e-09,4.343836751345968e-09,4.354841599227642e-09,4.365824208576421e-09,4.377274072579515e-09,4.388811527324997e-09,4.400547649428021e-09,4.413093286265751e-09,,4.425059268385622e-09,4.434996958259846e-09,4.445507532901578e-09,4.456287503381601e-09,4.467416985571932e-09,4.478852957724221e-09,4.490741918558101e-09,4.503241880521147e-09,,4.516248445563165e-09,4.527283182842801e-09,4.536080774816884e-09,4.547427302531431e-09,4.560953206396768e-09,4.572573034543536e-09,4.584723470472445e-09,4.596667058941537e-09,4.608078906751155e-09,4.621661873396108e-09,4.63301900931575e-09,4.64378697129983e-09,4.654889896594386e-09,4.666269751037373e-09,4.677999296129065e-09,4.690227434370196e-09,4.702942481851726e-09,,4.715955198093964e-09,4.732847696782889e-09,4.746452175994514e-09,4.75706302452896e-09,4.768847308232532e-09,4.781287365128524e-09,4.793612575573319e-09,4.80699094595115e-09,,,,,,,,,,,,,,,,,,,,,,,,,,,,,,,,,,,,,,,,,,,,,,,,,,,,,,,,,,,,,,,,,,,,,,,,,,,,,,,,,,,,,,,,,,,,,,,,,,,,,,,,,,,,,,,,,,,,
760,,,,,,,,,3.583677972503985e-09,3.594059700064222e-09,3.604644002393216e-09,3.614884944458967e-09,3.625324071726292e-09,3.636040585202219e-09,3.646747840707995e-09,3.658144285326024e-09,3.658626847137807e-09,3.679963036701437e-09,3.690686643463761e-09,3.701665059863185e-09,3.712879380734056e-09,3.724274904300344e-09,3.735844514575709e-09,3.747929641573878e-09,3.75898625112047e-09,,3.770213287898748e-09,3.781673655401211e-09,3.793333779897132e-09,3.805208572503044e-09,3.817311032269365e-09,3.829576494030166e-09,3.841240508302008e-09,3.85335583111862e-09,,3.864911838352246e-09,3.876975872377567e-09,3.890009016425607e-09,3.902205472523861e-09,3.914601202883675e-09,3.927123328704994e-09,3.939351270160943e-09,3.950519914077851e-09,3.962336825636426e-09,3.975152860206536e-09,3.987596410077792e-09,4.00021822326144e-09,4.012673178050418e-09,4.024406273781854e-09,4.036356708618901e-09,4.048470038164812e-09,4.060753569229702e-09,,4.073232872389839e-09,4.085256056977235e-09,4.097848648401808e-09,4.10954501043021e-09,4.121122528383606e-09,4.133004821104808e-09,4.144995814186581e-09,4.157180695889281e-09,,4.183217020795981e-09,4.195607437312202e-09,4.207636709953658e-09,4.2183466795167e-09,4.229226018441142e-09,4.240306943076519e-09,4.2516984461915e-09,4.262940005881437e-09,4.258728756253771e-09,4.286445929529128e-09,4.298780807742557e-09,4.309051078091252e-09,4.319209884433069e-09,4.329807262354798e-09,4.340956860333083e-09,4.351930082810476e-09,4.363570852669356e-09,,4.375790921398951e-09,4.38765695483558e-09,4.397255290848252e-09,4.407242773829434e-09,4.41753857463566e-09,4.428229914172936e-09,4.439326738990886e-09,4.450631157933663e-09,,4.463906802266286e-09,4.475847276526116e-09,4.486676879198357e-09,4.498746007204238e-09,4.509442863474789e-09,4.519762041167125e-09,4.531055343362544e-09,4.54163111469018e-09,4.551268071338973e-09,4.563334545761188e-09,4.576342508119035e-09,4.589387899760593e-09,4.599389726256328e-09,4.609865291051227e-09,4.620562577312284e-09,4.631387475160097e-09,4.643117270882763e-09,,4.654862603440155e-09,4.671363994985154e-09,4.683517499385346e-09,4.696863915573938e-09,4.70908326922515e-09,4.71970521890609e-09,4.731135740682049e-09,4.742884007993524e-09,,,,,,,,,,,,,,,,,,,,,,,,,,,,,,,,,,,,,,,,,,,,,,,,,,,,,,,,,,,,,,,,,,,,,,,,,,,,,,,,,,,,,,,,,,,,,,,,,,,,,,,,,,,,,,,,,,,,
770,,,,,,,,,3.556278305360233e-09,3.566339102643458e-09,3.576614586673319e-09,3.586875281083662e-09,3.597034826989481e-09,3.607352023030515e-09,3.617839667582305e-09,3.62842412329405e-09,3.62922200247557e-09,3.650485561727616e-09,3.660924303886567e-09,3.671599007916459e-09,3.682431736797692e-09,3.693437395701092e-09,3.704743269280999e-09,3.716120894871003e-09,3.727821494461006e-09,,3.738670562617996e-09,3.749748718098535e-09,3.761040650345322e-09,3.77251636016379e-09,3.784211278497895e-09,3.796067283428032e-09,3.808149800737079e-09,3.819398335128113e-09,,3.831410973708863e-09,3.843605210691731e-09,3.85564033239109e-09,3.866654997368014e-09,3.879055938309845e-09,3.890705354555637e-09,3.902400337075477e-09,3.91407044824083e-09,3.92606549935933e-09,3.937957011667212e-09,3.950494248732864e-09,3.962690426429692e-09,3.974999914987943e-09,3.987105027455718e-09,3.99859011278465e-09,4.010227560128459e-09,4.022042675069961e-09,,4.034043795272649e-09,4.04617854321768e-09,4.05778723051065e-09,4.069799042794746e-09,4.081518364939442e-09,4.092768971688154e-09,4.104314653182796e-09,4.115993937637067e-09,,4.141016757971128e-09,4.152786649498103e-09,4.164875825409818e-09,4.17659215386871e-09,4.186941926874029e-09,4.197504567157111e-09,4.208247013063541e-09,4.219166041960993e-09,4.214714347403334e-09,4.241522209685288e-09,4.253061684360125e-09,4.264949005159204e-09,4.275102888540966e-09,4.284988165715191e-09,4.295186015897749e-09,4.305737479948295e-09,4.316369097797722e-09,,4.32762933183666e-09,4.339226328215416e-09,4.351061554329681e-09,4.36079713187399e-09,4.370300363276372e-09,4.380197452620966e-09,4.390415262036152e-09,4.401158873339268e-09,,4.411737442581636e-09,4.426592548465486e-09,4.436633042264794e-09,4.445218773817756e-09,4.454689974757025e-09,4.465086282397173e-09,4.475855604474326e-09,4.486873403394539e-09,4.497500646113997e-09,4.508929943605964e-09,4.520396897698882e-09,4.53225311784123e-09,4.544661413500276e-09,4.556465450976088e-09,4.566386426276372e-09,4.576530542913991e-09,4.586505318366112e-09,,4.597517047990075e-09,4.608711192783808e-09,4.624946932640522e-09,4.636734116109812e-09,4.64892299661105e-09,4.66184435890477e-09,4.672384273909207e-09,4.682752757961176e-09,,,,,,,,,,,,,,,,,,,,,,,,,,,,,,,,,,,,,,,,,,,,,,,,,,,,,,,,,,,,,,,,,,,,,,,,,,,,,,,,,,,,,,,,,,,,,,,,,,,,,,,,,,,,,,,,,,,,
780,,,,,,,,,3.529669217721504e-09,3.53940922614679e-09,3.549382031313151e-09,3.559578543792576e-09,3.569484244169919e-09,3.579564411026182e-09,3.589724847672244e-09,3.600047099861933e-09,3.600304507046095e-09,3.621687048235979e-09,3.632091228844587e-09,3.64242323770762e-09,3.652923142056688e-09,3.663591745745963e-09,3.674479107079074e-09,3.685635791567705e-09,3.696834603557102e-09,,3.708144746938788e-09,3.718871546862103e-09,3.729786927916771e-09,3.740867781276775e-09,3.752176245318909e-09,3.763670586097857e-09,3.775304392809303e-09,3.787081434610165e-09,,3.798285526305689e-09,3.809630814164813e-09,3.82096739676232e-09,3.832532933186351e-09,3.844264883418607e-09,3.856157054919875e-09,3.868274358376497e-09,3.879593155396901e-09,3.891100252957863e-09,3.902542569197007e-09,3.914160952125214e-09,3.92650239144811e-09,3.938405114418447e-09,3.95040802520458e-09,3.962142890261742e-09,3.973334591820305e-09,3.984720985401095e-09,,3.996261819400058e-09,4.007951869713498e-09,4.019769748034914e-09,4.031060337799979e-09,4.042749980300924e-09,4.054128558137106e-09,4.065127887549128e-09,4.076349706344095e-09,,4.100422969892005e-09,4.111746267605802e-09,4.123163511289494e-09,4.134810316459717e-09,4.146324573302736e-09,4.156401990456443e-09,4.166640850563517e-09,4.177075208200135e-09,4.172664470688327e-09,4.198330876138973e-09,4.209290631819228e-09,4.220473221677803e-09,4.2319419469749e-09,4.242081236182189e-09,4.251601670090067e-09,4.261443734480658e-09,4.271683049053983e-09,,4.281977221982567e-09,4.292773017600095e-09,4.303871571868331e-09,4.31530947014146e-09,4.325220478975107e-09,4.334352210574956e-09,4.343841164274981e-09,4.353624594776503e-09,,4.363835565160469e-09,4.374636564285356e-09,4.386150613787535e-09,4.397785271924322e-09,4.408869983174605e-09,4.417644079763649e-09,4.426848277097176e-09,4.436512382310311e-09,4.446713708625862e-09,4.457097534878164e-09,4.467741730584735e-09,4.478564181689656e-09,4.490125924186822e-09,4.501918440709088e-09,4.514209093524971e-09,4.52430914580758e-09,4.533828508648649e-09,,4.543348690141198e-09,4.553343806262818e-09,4.563823234311475e-09,4.580048856036597e-09,4.591208277764012e-09,4.602622281249717e-09,4.614959015278385e-09,4.626840875141545e-09,,,,,,,,,,,,,,,,,,,,,,,,,,,,,,,,,,,,,,,,,,,,,,,,,,,,,,,,,,,,,,,,,,,,,,,,,,,,,,,,,,,,,,,,,,,,,,,,,,,,,,,,,,,,,,,,,,,,
790,,,,,,,,,3.503713077976682e-09,3.513259211808225e-09,3.522924440616044e-09,3.532830894079872e-09,3.542772568732637e-09,3.552582535014145e-09,3.562422825738272e-09,3.572517905299665e-09,3.572649136943098e-09,3.59352621028567e-09,3.604064304443802e-09,3.614107449142251e-09,3.624321857470411e-09,3.634677248981826e-09,3.645205738906114e-09,3.655967570336853e-09,3.666855521685983e-09,,3.677984138954309e-09,3.68891895949925e-09,3.699527641268929e-09,3.710232566992333e-09,3.721159301501899e-09,3.732272227212833e-09,3.743664686983765e-09,3.755252791995695e-09,,3.766427823067615e-09,3.777238903573202e-09,3.78877721074232e-09,3.799845621714561e-09,3.811086481613353e-09,3.822566703119966e-09,3.834242926627122e-09,3.8460797191965e-09,3.85723985896502e-09,3.868325148711503e-09,3.879588249469236e-09,3.890970290340278e-09,3.903003858966969e-09,3.914682747916027e-09,3.926476693001062e-09,3.937754287317705e-09,3.948711467704517e-09,,3.959851216000409e-09,3.971083102598043e-09,3.982476277224244e-09,3.994012381061071e-09,4.00497948975112e-09,4.01635793367821e-09,4.027457479479613e-09,4.038165394492998e-09,,4.061281798142867e-09,4.072160894960741e-09,4.083170830370081e-09,4.094325069771002e-09,4.10563986305726e-09,4.1168275577631e-09,4.126625169721286e-09,4.136544712120497e-09,4.132179236531569e-09,4.156834645984035e-09,4.167286526074024e-09,4.177934411473609e-09,4.188762358735456e-09,4.199814261358764e-09,4.209914540040919e-09,4.219109681113941e-09,4.228575967017452e-09,,4.238369554622804e-09,4.248423120676915e-09,4.258759746521977e-09,4.269463937864759e-09,4.280543256839455e-09,4.290761982465695e-09,4.298900699843435e-09,4.308113122726088e-09,,4.318040457367641e-09,4.327810967184607e-09,4.337509737885964e-09,4.348130747654875e-09,4.359620723514413e-09,4.371001335678929e-09,4.380294106570613e-09,4.389027168420636e-09,4.398662308535976e-09,4.408023527726196e-09,4.417844182635931e-09,4.428050223562383e-09,4.43820305766522e-09,4.44941724930548e-09,4.460691180270535e-09,4.472209040799836e-09,4.483869157626244e-09,,4.492790997564498e-09,4.501862584875521e-09,4.51119874853135e-09,4.521010576976147e-09,4.536989630070311e-09,4.547437776203792e-09,4.558275006351369e-09,4.569745075329269e-09,,,,,,,,,,,,,,,,,,,,,,,,,,,,,,,,,,,,,,,,,,,,,,,,,,,,,,,,,,,,,,,,,,,,,,,,,,,,,,,,,,,,,,,,,,,,,,,,,,,,,,,,,,,,,,,,,,,,
800,3.24411191e-09,3.19967198e-09,3.25662236e-09,3.3994691e-09,3.4110031e-09,3.49797867e-09,3.63596121e-09,3.67028999e-09,3.478057561583553e-09,3.487807904184721e-09,3.497157622920399e-09,3.506831964132634e-09,3.516601464340272e-09,3.526297624518524e-09,3.535900875610351e-09,3.545705608200427e-09,3.545791433128994e-09,3.565736433281125e-09,3.576469431314933e-09,3.586639228356792e-09,3.596546802942232e-09,3.606590282826123e-09,3.616840635861321e-09,3.627241814925949e-09,3.637817686616614e-09,3.95839258e-09,3.648573954866059e-09,3.659302250164289e-09,3.670069924064404e-09,3.680421739686856e-09,3.691001419861229e-09,3.701814113966565e-09,3.712755971528817e-09,3.723843066068134e-09,4.01280215e-09,3.735154713968799e-09,3.746155259086645e-09,3.756785662828427e-09,3.768190975507542e-09,3.779007192936525e-09,3.790092798624735e-09,3.801364333872918e-09,3.812690063325741e-09,3.824235592047774e-09,3.835218829593509e-09,3.846128390001122e-09,3.857113767033841e-09,3.868298334386718e-09,3.880108837426323e-09,3.891500072074052e-09,3.902976654510019e-09,3.913942352006292e-09,4.33182903e-09,3.924669131499199e-09,3.93549828084396e-09,3.94647755782727e-09,3.95759478126351e-09,3.968089610389536e-09,3.979520617676905e-09,3.990619826230606e-09,4.001439220217887e-09,4.38503128e-09,4.023606341669027e-09,4.034101566841321e-09,4.044625705924535e-09,4.055318294263409e-09,4.066177998347811e-09,4.077147091444758e-09,4.088136884519522e-09,4.097578470959139e-09,4.093164846553111e-09,4.117028120964675e-09,4.126934527479557e-09,4.137033190532246e-09,4.147353945702069e-09,4.15788941053233e-09,4.168623887678324e-09,4.178596424316421e-09,4.187475847071949e-09,4.68830013e-09,4.196623110734923e-09,4.206060654724265e-09,4.215706098091982e-09,4.225700544896849e-09,4.236047537614244e-09,4.246624234751897e-09,4.257159181489889e-09,4.265537390530305e-09,4.73396439e-09,4.27424695708031e-09,4.283381776853811e-09,4.292593830733046e-09,4.301999687159863e-09,4.3123154909949e-09,4.323029637107337e-09,4.334108630603561e-09,4.344579698758359e-09,4.353104683936548e-09,4.361620327693245e-09,4.37047742378382e-09,4.379810824745607e-09,4.389529722584591e-09,4.399255980133214e-09,4.409541756783903e-09,4.42036755685328e-09,4.431429671350257e-09,5.07426979e-09,4.442766541591298e-09,4.453389111874168e-09,4.461727550259952e-09,4.470374349009159e-09,4.485943247117306e-09,4.495287704846751e-09,4.505188767958405e-09,4.515318311586628e-09,,,,,,,,,,,,,,,,,,,,,,,,,,,,,,,,,,,,,,,,,,,,,,,,,,,,,,,,,,,,,,,,,,,,,,,,,,,,,,,,,,,,,,,,,,,,,,,,,,,,,,,,,,,,,,,,,,,,
810,,,,,,,,,3.453507631175068e-09,3.462984052755109e-09,3.472183918618198e-09,3.48149341735258e-09,3.49098753382713e-09,3.500725857614699e-09,3.51011978291355e-09,3.519647754351328e-09,3.519631026988553e-09,3.539154352301417e-09,3.549169550943454e-09,3.55974981470603e-09,3.569548946740676e-09,3.57935516532066e-09,3.58927791088992e-09,3.599397144835397e-09,3.609656660128431e-09,,3.620094798661912e-09,3.63069651028556e-09,3.641087301806188e-09,3.651695298689814e-09,3.661876405105349e-09,3.672285316637469e-09,3.682893797754678e-09,3.693715577197584e-09,,3.704600326765893e-09,3.715761144864589e-09,3.726396291368677e-09,3.736865043640821e-09,3.747987130885749e-09,3.758744508347841e-09,3.769554624538207e-09,3.780557772981297e-09,3.791724481599577e-09,3.80306109443129e-09,3.813661284915001e-09,3.824343906450266e-09,3.835182436497458e-09,3.846118871577326e-09,3.857760932743493e-09,3.868830366348194e-09,3.88006381056705e-09,,3.890708306189974e-09,3.90116677514224e-09,3.911762824433353e-09,3.92245636283997e-09,3.933301840758808e-09,3.943485892742217e-09,3.954641288793851e-09,3.965446146533324e-09,,3.987384859355567e-09,3.997281042235544e-09,4.007530005655805e-09,4.017760952213574e-09,4.028168123599817e-09,4.038718402706194e-09,4.049376791819078e-09,4.06016545932826e-09,4.055710976864106e-09,4.078652102908734e-09,4.08817270886957e-09,4.097756283118132e-09,4.107555469833307e-09,4.117626117980656e-09,4.127809704597982e-09,4.138234048289172e-09,4.148046390081701e-09,,4.156667050885609e-09,4.165513261889795e-09,4.174600745187057e-09,4.183846200241345e-09,4.193522948642984e-09,4.20351272722807e-09,4.213742207661527e-09,4.224290504011462e-09,,4.23257356257183e-09,4.240911452411467e-09,4.249544467626749e-09,4.258513343711722e-09,4.267542187114318e-09,4.277119242814356e-09,4.287176742151535e-09,4.297518493970519e-09,4.308264273836176e-09,4.317585714934165e-09,4.325696369330245e-09,4.334200377195499e-09,4.34301982738724e-09,4.352095448615726e-09,4.361712234149444e-09,4.371210593307273e-09,4.381387375630544e-09,,4.391935271345118e-09,4.402709225182987e-09,4.413790780060363e-09,4.422882283218378e-09,4.430974401764105e-09,4.445745406521737e-09,4.455210981521401e-09,4.464477350410135e-09,,,,,,,,,,,,,,,,,,,,,,,,,,,,,,,,,,,,,,,,,,,,,,,,,,,,,,,,,,,,,,,,,,,,,,,,,,,,,,,,,,,,,,,,,,,,,,,,,,,,,,,,,,,,,,,,,,,,
820,,,,,,,,,3.429552832466536e-09,3.438436978241157e-09,3.447846028612829e-09,3.456926545800091e-09,3.466129592730063e-09,3.475585888725299e-09,3.485031065684799e-09,3.494312651633337e-09,3.494196220552425e-09,3.513326172648652e-09,3.523033326258362e-09,3.533335078375873e-09,3.543331581437631e-09,3.552852032144475e-09,3.562504055921291e-09,3.572327795599196e-09,3.582288145098489e-09,,3.592428553685149e-09,3.602729048139257e-09,3.613170566009215e-09,3.623695285855659e-09,3.633677472733824e-09,3.643727311199155e-09,3.653981398276518e-09,3.664442965080846e-09,,3.675099100577671e-09,3.685849714662125e-09,3.696757837944881e-09,3.707034109591239e-09,3.717329797930257e-09,3.728360022729614e-09,3.738845019242681e-09,3.749467016242084e-09,3.760258865009301e-09,3.770903143817916e-09,3.782081901536291e-09,3.792583240687306e-09,3.803030486659207e-09,3.813583596633788e-09,3.824430441679791e-09,3.835200752447536e-09,3.846523992078973e-09,,3.857613041565369e-09,3.867918879169972e-09,3.878115596594273e-09,3.88781289226777e-09,3.898981176585615e-09,3.909566101091821e-09,3.919450118326415e-09,3.930342788089095e-09,,3.952386518948028e-09,3.961946989458317e-09,3.97161470949091e-09,3.981466101309333e-09,3.991464396491651e-09,4.001648157970591e-09,4.011819570709811e-09,4.022271268045838e-09,4.018452032742643e-09,4.041744399511826e-09,4.0508258067985e-09,4.059868992404006e-09,4.069280786383156e-09,4.078835226466054e-09,4.088558535252748e-09,4.098455841941099e-09,4.108563778191261e-09,,4.118255986559824e-09,4.126676034506267e-09,4.13519235465448e-09,4.143792819411494e-09,4.152900327402327e-09,4.162234515868472e-09,4.17183662382839e-09,4.18173257611045e-09,,4.191928206626295e-09,4.200450788597986e-09,4.208482521467187e-09,4.216761677215756e-09,4.2253163999151e-09,4.23392640077256e-09,4.243249473528697e-09,4.252848074781875e-09,4.262764484906345e-09,4.270841045505182e-09,4.281955140362604e-09,4.290674813561769e-09,4.298728240496976e-09,4.307206625105305e-09,4.316128700142927e-09,4.324895326203304e-09,4.334074482852106e-09,,4.343715323776955e-09,4.353656561464905e-09,4.363953175137879e-09,4.375685452938025e-09,4.385426095078171e-09,4.392929670697746e-09,4.406408016361584e-09,4.416309297971368e-09,,,,,,,,,,,,,,,,,,,,,,,,,,,,,,,,,,,,,,,,,,,,,,,,,,,,,,,,,,,,,,,,,,,,,,,,,,,,,,,,,,,,,,,,,,,,,,,,,,,,,,,,,,,,,,,,,,,,
830,,,,,,,,,3.406098673984191e-09,3.414995711567752e-09,3.423694057901511e-09,3.43302998648484e-09,3.441962672545516e-09,3.451146776453671e-09,3.460438084500794e-09,3.469621055350062e-09,3.469405508261263e-09,3.488155658585128e-09,3.497674180563328e-09,3.507234467626556e-09,3.517444730292154e-09,3.527092358873518e-09,3.536478862944871e-09,3.546039393248658e-09,3.5557293481556e-09,,3.565556625356495e-09,3.5755620579412e-09,3.585759496163143e-09,3.596026853638404e-09,3.606250196152336e-09,3.616047471483707e-09,3.625953868445633e-09,3.636087305749967e-09,,3.646357655495653e-09,3.656874530938539e-09,3.667436772771685e-09,3.678119428477185e-09,3.688074944200904e-09,3.698229557887605e-09,3.709084233690524e-09,3.719343304215372e-09,3.729926624527772e-09,3.740631307604123e-09,3.751176217925121e-09,3.761901531272765e-09,3.771968473528017e-09,3.782208084030235e-09,3.792852634974919e-09,3.803087975859494e-09,3.813635560469217e-09,,3.82487512553868e-09,3.835706992881857e-09,3.845671556973864e-09,3.855718543884912e-09,3.865079199973253e-09,3.875356070486092e-09,3.886368171729853e-09,3.89594986969768e-09,,3.916709920258467e-09,3.927866029577475e-09,3.937118141109332e-09,3.946566457295899e-09,3.956096727245075e-09,3.965816751324648e-09,3.975670748340377e-09,3.985631951299505e-09,3.981827336691623e-09,4.005939377966079e-09,4.014766132415944e-09,4.023597518573983e-09,4.032480490252506e-09,4.041501848873305e-09,4.050809338436219e-09,4.060247075426399e-09,4.069831714242168e-09,,4.079539069911098e-09,4.089311655930252e-09,4.097341902502375e-09,4.105656853045525e-09,4.113952967189168e-09,4.122708000128103e-09,4.131733325647439e-09,4.141029200411301e-09,,4.150548372027402e-09,4.16037959900205e-09,4.169196269362988e-09,4.176868337442689e-09,4.184863539043218e-09,4.193071062521615e-09,4.201325966968644e-09,4.21020538716694e-09,4.220207665239974e-09,4.229886359944125e-09,4.239099134230639e-09,4.24928693238759e-09,4.256807223826575e-09,4.264441261587242e-09,4.272333864537747e-09,4.280746131649714e-09,4.289314239308957e-09,,4.29797210286709e-09,4.30712274186431e-09,4.316616209791487e-09,4.326325364025614e-09,4.339289950422252e-09,4.346970187247475e-09,4.356148818606055e-09,4.368333584196023e-09,,,,,,,,,,,,,,,,,,,,,,,,,,,,,,,,,,,,,,,,,,,,,,,,,,,,,,,,,,,,,,,,,,,,,,,,,,,,,,,,,,,,,,,,,,,,,,,,,,,,,,,,,,,,,,,,,,,,
840,,,,,,,,,3.383338721500937e-09,3.391834117782395e-09,3.40051322910277e-09,3.40925949508467e-09,3.418460976152002e-09,3.42736091436765e-09,3.436388315281065e-09,3.445650544660546e-09,3.44531528157541e-09,3.463628956570518e-09,3.472871623836883e-09,3.482280798717289e-09,3.49176678383038e-09,3.501856570400173e-09,3.511178908648104e-09,3.520460090630959e-09,3.529898981066163e-09,,3.53944279362726e-09,3.54916943572e-09,3.55907400933289e-09,3.569102405983868e-09,3.57910295245363e-09,3.58916562004475e-09,3.598797444191512e-09,3.608579271683446e-09,,3.618533955556662e-09,3.628668855142903e-09,3.638949318980826e-09,3.649380003756734e-09,3.659725817382059e-09,3.669529717168388e-09,3.679524445088336e-09,3.690124465343624e-09,3.700505068618965e-09,3.710526095357223e-09,3.720880898113691e-09,3.731475722499858e-09,3.741856271260913e-09,3.751744390811582e-09,3.762204085007158e-09,3.772040059126329e-09,3.78226868974149e-09,,3.792683350250825e-09,3.803652416856936e-09,3.814252073716852e-09,3.823944546303631e-09,3.832929150132897e-09,3.842839634813926e-09,3.852875341059402e-09,3.863660530342944e-09,,3.88336899951564e-09,3.8928816120794e-09,3.902587987247409e-09,3.912856985408998e-09,3.92203276017943e-09,3.931314199719739e-09,3.940806938698674e-09,3.950365221238527e-09,3.946518468762155e-09,3.969873245664692e-09,3.979800621970499e-09,3.988470339738238e-09,3.996985570892244e-09,4.005575569507218e-09,4.014407896566024e-09,4.023403905929214e-09,4.032538336387778e-09,,4.041860611459941e-09,4.051359650417839e-09,4.060969854348472e-09,4.068858481135714e-09,4.07684321459731e-09,4.084906878555996e-09,4.093357771592997e-09,4.10206679640827e-09,,4.11102320245041e-09,4.120229363033897e-09,4.129651219412201e-09,4.138803265079009e-09,4.146120284807723e-09,4.153795279216122e-09,4.161654678295391e-09,4.171192882191617e-09,4.1800804004913e-09,4.187067560802516e-09,4.196352186588811e-09,4.205808474265708e-09,4.215725138378526e-09,4.223892750098646e-09,4.231770553878531e-09,4.238775766366817e-09,4.246606573730579e-09,,4.254784431618772e-09,4.262924169055513e-09,4.271729302372627e-09,4.280687030937812e-09,4.294214635002039e-09,4.304015773784474e-09,4.311280513935614e-09,4.320601460804027e-09,,,,,,,,,,,,,,,,,,,,,,,,,,,,,,,,,,,,,,,,,,,,,,,,,,,,,,,,,,,,,,,,,,,,,,,,,,,,,,,,,,,,,,,,,,,,,,,,,,,,,,,,,,,,,,,,,,,,
850,,,,,,,,,3.361141949480955e-09,3.369421854423376e-09,3.377886324319653e-09,3.386520722097237e-09,3.395221061132213e-09,3.404234457687156e-09,3.412990495718789e-09,3.421976844756435e-09,3.421888384653801e-09,3.439798483465394e-09,3.448786746859652e-09,3.457923360274627e-09,3.467147237626283e-09,3.476617188709186e-09,3.486540233303786e-09,3.495601309105327e-09,3.504760824296459e-09,,3.514091231111299e-09,3.523527618356091e-09,3.533131424669968e-09,3.542899806393496e-09,3.552780897592557e-09,3.562467294265958e-09,3.572398301921852e-09,3.581906853835828e-09,,3.59153295426346e-09,3.601319546904027e-09,3.611341992958656e-09,3.621422983832751e-09,3.631644700178644e-09,3.6416942807723e-09,3.651683537016202e-09,3.661528870242039e-09,3.671586692389614e-09,3.681551345930934e-09,3.69158149219497e-09,3.701819561163822e-09,3.712222993184484e-09,3.722287499877216e-09,3.733176079897972e-09,3.741785165461053e-09,3.751799435574707e-09,,3.761858681105286e-09,3.772050937719165e-09,3.782324212012583e-09,3.793226619455098e-09,3.802665918918794e-09,3.811346688315601e-09,3.821027206907713e-09,3.830886027572921e-09,,3.851015785928693e-09,3.860267239733828e-09,3.869618995147138e-09,3.879039926697283e-09,3.888549461335986e-09,3.898159597284814e-09,3.907088378465516e-09,3.916331234783494e-09,3.91239426878141e-09,3.935059187415745e-09,3.944607067859995e-09,3.954260796433635e-09,3.962818930903842e-09,3.971038325834499e-09,3.979374137996721e-09,3.987933896468507e-09,3.996661428898171e-09,,4.005580093612375e-09,4.01462263013353e-09,4.023824537817092e-09,4.033207581054812e-09,4.040944143049186e-09,4.048693516111201e-09,4.056489529097655e-09,4.064681620238921e-09,,4.073078223151906e-09,4.081774639179278e-09,4.090628216748883e-09,4.099787469354428e-09,4.109166608941006e-09,4.116190099821982e-09,4.123709099350937e-09,4.131347413900559e-09,4.13874513524175e-09,4.14698158590844e-09,4.155583068317744e-09,4.164380501752168e-09,4.173504502540104e-09,4.183024523608424e-09,4.190643833180679e-09,4.198724095250286e-09,4.206026770692098e-09,,4.213506377458933e-09,4.22126150511652e-09,4.22923137024077e-09,4.237250777641104e-09,4.245818148105377e-09,4.259328015964782e-09,4.268660494208395e-09,4.276645082472675e-09,,,,,,,,,,,,,,,,,,,,,,,,,,,,,,,,,,,,,,,,,,,,,,,,,,,,,,,,,,,,,,,,,,,,,,,,,,,,,,,,,,,,,,,,,,,,,,,,,,,,,,,,,,,,,,,,,,,,
860,,,,,,,,,3.339477441525292e-09,3.34757848578609e-09,3.355810193225956e-09,3.364242256866362e-09,3.372770362613811e-09,3.381525943810254e-09,3.390231152923246e-09,3.398795081094697e-09,3.39876587629616e-09,3.416611867053221e-09,3.425361274773562e-09,3.434222848374264e-09,3.443264557423943e-09,3.452369567032083e-09,3.462062536803168e-09,3.471378439440587e-09,3.48030250914212e-09,,3.489371998444833e-09,3.498603936242007e-09,3.507929305673572e-09,3.5174078897672e-09,3.527058580113795e-09,3.536803169001894e-09,3.546198817887206e-09,3.556013766061392e-09,,3.565195163723381e-09,3.57480446286717e-09,3.584464545490465e-09,3.594282199787745e-09,3.604582555317795e-09,3.614786654821439e-09,3.624094231214415e-09,3.633626630157491e-09,3.643263079079369e-09,3.653476048206742e-09,3.663237900112119e-09,3.67311663116261e-09,3.683157408614657e-09,3.693386546046502e-09,3.703077179758091e-09,3.712647395135713e-09,3.722235257370608e-09,,3.732075291190648e-09,3.741928120486226e-09,3.751903081958946e-09,3.762003031352993e-09,3.7726058648143e-09,3.780926174564155e-09,3.790273142895048e-09,3.799718242319176e-09,,3.819658885247362e-09,3.828721982259952e-09,3.837716940198326e-09,3.846854401101382e-09,3.856030261917246e-09,3.865342236183582e-09,3.874718173364453e-09,3.884196217304774e-09,3.879509588135975e-09,3.901368445409007e-09,3.910547653820205e-09,3.919831504776467e-09,3.929229409215677e-09,3.937769894326848e-09,3.945610405666951e-09,3.953794114889184e-09,3.962102114265941e-09,,3.970565866054131e-09,3.979246676807149e-09,3.988018311544708e-09,3.996963282706501e-09,4.00607984577358e-09,4.013770121682501e-09,4.021250571212683e-09,4.028827419364911e-09,,4.03666999486426e-09,4.044820979974599e-09,4.053222690943954e-09,4.061834969484431e-09,4.070931712454458e-09,4.080374149239384e-09,4.086999202639859e-09,4.094031866761221e-09,4.101288910128952e-09,4.108612106064297e-09,4.11652969958637e-09,4.124769264742558e-09,4.133288927243077e-09,4.142076576291329e-09,4.149683235777519e-09,4.160689057480771e-09,4.167297881690073e-09,,4.174194171811578e-09,4.181341565562664e-09,4.188679670356286e-09,4.196287445071056e-09,4.203810492878799e-09,4.216927246031867e-09,4.225444121939759e-09,4.234356907312104e-09,,,,,,,,,,,,,,,,,,,,,,,,,,,,,,,,,,,,,,,,,,,,,,,,,,,,,,,,,,,,,,,,,,,,,,,,,,,,,,,,,,,,,,,,,,,,,,,,,,,,,,,,,,,,,,,,,,,,
870,,,,,,,,,3.317686746710977e-09,3.326287653064766e-09,3.334309138101394e-09,3.342502711737962e-09,3.350831709444512e-09,3.359388653421453e-09,3.367970582386256e-09,3.376458762292645e-09,3.376052392304825e-09,3.393538108972776e-09,3.402532808933316e-09,3.411159185982453e-09,3.419925168554732e-09,3.428836881886842e-09,3.437885510675264e-09,3.447498274553565e-09,3.456484996169466e-09,,3.46528021107146e-09,3.47430695609325e-09,3.483401460494998e-09,3.492593383706504e-09,3.501978207807662e-09,3.511507827508147e-09,3.521088961431706e-09,3.530240765636803e-09,,3.539849431346657e-09,3.549048839750293e-09,3.558419450506407e-09,3.568897246012349e-09,3.578301459627937e-09,3.587444231758194e-09,3.597369784335387e-09,3.606803160808782e-09,3.616173188746353e-09,3.625658899341731e-09,3.635677955447963e-09,3.64529390608031e-09,3.654994205980354e-09,3.664904416112422e-09,3.67525256243517e-09,3.684348573535366e-09,3.693654895786253e-09,,3.70308454523228e-09,3.712716634848524e-09,3.722347987088072e-09,3.732151739955028e-09,3.742049566266526e-09,3.751858778646624e-09,3.760481615367384e-09,3.769618893549526e-09,,3.789199108067285e-09,3.798015400209337e-09,3.806815800257226e-09,3.815608409460498e-09,3.824565595760683e-09,3.8335447769263e-09,3.842632695024459e-09,3.851781282512209e-09,3.848099456155655e-09,3.87038021592987e-09,3.877695533028247e-09,3.886628649326908e-09,3.895602443085604e-09,3.904747282069942e-09,3.913238618224976e-09,3.920841981913711e-09,3.928751131630871e-09,,3.936807707020431e-09,3.945081982027886e-09,3.953453593758315e-09,3.961964307474582e-09,3.97064864947487e-09,3.979502472917599e-09,3.987235271499656e-09,3.994465942474828e-09,,4.001789059635157e-09,4.009410298957021e-09,4.017279741366006e-09,4.026119684918882e-09,4.033802438554264e-09,4.042372749394656e-09,4.051162122976154e-09,4.058586145762582e-09,4.065297533459612e-09,4.072272372731467e-09,4.079304458954437e-09,4.086906319304732e-09,4.094769711023273e-09,4.102966138124527e-09,4.115259593609974e-09,4.120302514558166e-09,4.129397974870966e-09,,4.136707539179592e-09,4.143125194776381e-09,4.149996433378153e-09,4.157001585670137e-09,4.164272047510731e-09,4.171653928773127e-09,4.184410709965968e-09,4.19253627583587e-09,,,,,,,,,,,,,,,,,,,,,,,,,,,,,,,,,,,,,,,,,,,,,,,,,,,,,,,,,,,,,,,,,,,,,,,,,,,,,,,,,,,,,,,,,,,,,,,,,,,,,,,,,,,,,,,,,,,,
880,,,,,,,,,3.296841864345029e-09,3.305438045057722e-09,3.313324805196119e-09,3.321306939309542e-09,3.329447624454086e-09,3.33773852800515e-09,3.346131551716413e-09,3.354655021843589e-09,3.354180891124992e-09,3.371359992864985e-09,3.379854268318036e-09,3.388690926705917e-09,3.397227966902883e-09,3.405937045012926e-09,3.414719911957143e-09,3.423679417970226e-09,3.433187213948325e-09,,3.441866732290505e-09,3.450595437672521e-09,3.459467164480343e-09,3.468495920701769e-09,3.477606143080276e-09,3.486855979477018e-09,3.496258136512293e-09,3.505576712214752e-09,,3.514585963420507e-09,3.524035576859792e-09,3.533988977244457e-09,3.543573116805494e-09,3.551806586468515e-09,3.561293131667677e-09,3.570961155070124e-09,3.580732578511676e-09,3.589868617340011e-09,3.599091199848666e-09,3.608388829620616e-09,3.61827434954432e-09,3.627711914235716e-09,3.63729680044813e-09,3.647052599561402e-09,3.656818273543671e-09,3.665939844806447e-09,,3.675100782092642e-09,3.684379243499387e-09,3.693709176429204e-09,3.703184702375664e-09,3.712800812804429e-09,3.72248793844672e-09,3.731574140512575e-09,3.740449633354718e-09,,3.759608462137546e-09,3.768269637833247e-09,3.776906871601586e-09,3.785364555248203e-09,3.79403015801044e-09,3.802703035248951e-09,3.811541168744604e-09,3.82041604839277e-09,3.816734141471193e-09,3.838372553119659e-09,3.847510946323147e-09,3.854500594113889e-09,3.863190986503302e-09,3.871997725395256e-09,3.880932036917215e-09,3.889241742711499e-09,3.896622107661001e-09,,3.904296899719238e-09,3.91213436941444e-09,3.920129178334346e-09,3.928258544889165e-09,3.93654955118645e-09,3.944986217146718e-09,3.953579401086358e-09,3.961313166572432e-09,,3.968305075891248e-09,3.975405118311121e-09,3.984778734185574e-09,3.993088761584002e-09,3.998254885471834e-09,4.006321531310352e-09,4.014610383425016e-09,4.023115999653927e-09,4.030901388150813e-09,4.037309515051467e-09,4.044005173887934e-09,4.050778970350809e-09,4.058083652521048e-09,4.065591616409027e-09,4.073887505077423e-09,4.081725584156092e-09,4.090187497325517e-09,,4.098945096929118e-09,4.106986849707256e-09,4.113106119750731e-09,4.119502878588399e-09,4.126171663170012e-09,4.133034585205513e-09,4.145270944417359e-09,4.152738042699738e-09,,,,,,,,,,,,,,,,,,,,,,,,,,,,,,,,,,,,,,,,,,,,,,,,,,,,,,,,,,,,,,,,,,,,,,,,,,,,,,,,,,,,,,,,,,,,,,,,,,,,,,,,,,,,,,,,,,,,
890,,,,,,,,,3.276425169010868e-09,3.284447383196473e-09,3.292797944207591e-09,3.300618900488086e-09,3.308545423262546e-09,3.316643726359e-09,3.324842991465625e-09,3.333204627100002e-09,3.332865517241735e-09,3.349669480474599e-09,3.358066338621191e-09,3.366447207243947e-09,3.375471671061604e-09,3.384092923101921e-09,3.392203440175762e-09,3.400908091608429e-09,3.409755408807786e-09,,3.419123072829767e-09,3.427571497856348e-09,3.436204718188903e-09,3.444972577183344e-09,3.453848136114135e-09,3.462890304920169e-09,3.472045342758854e-09,3.481319911976984e-09,,3.490349389641001e-09,3.499215997532103e-09,3.508535118911451e-09,3.517533607265547e-09,3.526658554960429e-09,3.535925868415862e-09,3.545271630738068e-09,3.554768858237936e-09,3.564302335149512e-09,3.573277455102055e-09,3.58230868582175e-09,3.591478286849027e-09,3.6012091124205e-09,3.61054100330386e-09,3.619897067809327e-09,3.629427288963053e-09,3.639053158429113e-09,,3.647918517594637e-09,3.656890091445944e-09,3.665923548586976e-09,3.675132030413711e-09,3.684416310753646e-09,3.69383916949364e-09,3.703317886382685e-09,3.712123639137958e-09,,3.729932160908969e-09,3.739297563749577e-09,3.747741150200993e-09,3.756032649341566e-09,3.764380657053709e-09,3.77280434373323e-09,3.78133113369733e-09,3.789980402511952e-09,3.786277918134379e-09,3.807380186317726e-09,3.816093828584006e-09,3.824907401606527e-09,3.833043874981702e-09,3.840712328798988e-09,3.84887875496358e-09,3.857554157622181e-09,3.865729151209158e-09,,3.872955737049153e-09,3.880410343873232e-09,3.888015741295974e-09,3.895779223375707e-09,3.903656743044383e-09,3.911707037313321e-09,3.919923076175059e-09,3.928313853534446e-09,,3.93600355103612e-09,3.942260885322344e-09,3.950239334427863e-09,3.95678243179948e-09,3.964169023873861e-09,3.971745675514273e-09,3.9795452625583e-09,3.98754306354717e-09,3.995771792406728e-09,4.003812194895049e-09,4.010024469800076e-09,4.016442367618297e-09,4.022881376505974e-09,4.029885196474848e-09,4.037157619930204e-09,4.044767211009204e-09,4.052626238904448e-09,,4.060792566158316e-09,4.069232946195799e-09,4.077916356403993e-09,4.083846043742048e-09,4.089956425879859e-09,4.096198570957529e-09,4.10268984751212e-09,4.114855610372416e-09,,,,,,,,,,,,,,,,,,,,,,,,,,,,,,,,,,,,,,,,,,,,,,,,,,,,,,,,,,,,,,,,,,,,,,,,,,,,,,,,,,,,,,,,,,,,,,,,,,,,,,,,,,,,,,,,,,,,
900,3.07798976e-09,3.03276776e-09,3.07942069e-09,3.20462931e-09,3.20788468e-09,3.27999761e-09,3.39908579e-09,3.42177121e-09,3.256576986119501e-09,3.264384705411512e-09,3.272326330354174e-09,3.280472168295354e-09,3.288181072537272e-09,3.296097269453237e-09,3.304082792035357e-09,3.312247816664413e-09,3.311911599943912e-09,3.328547009558781e-09,3.336701970309394e-09,3.34490649002886e-09,3.35332794959421e-09,3.362223023332584e-09,3.370749663025204e-09,3.37927301230194e-09,3.387343078911908e-09,3.66143204e-09,3.396565686797155e-09,3.405175771232626e-09,3.413569804348924e-09,3.422076675146696e-09,3.430737303136745e-09,3.439504399199717e-09,3.448422247575e-09,3.457539756382355e-09,3.69843323e-09,3.466688315702157e-09,3.475420338924085e-09,3.484614346878293e-09,3.493339669039775e-09,3.502206149950527e-09,3.511212986012365e-09,3.5203455122857e-09,3.529553303675326e-09,3.538906433746361e-09,3.548161387139335e-09,3.557007187686363e-09,3.565884073280284e-09,3.574890068434123e-09,3.584511310530287e-09,3.593643853322988e-09,3.60285582443514e-09,3.612138496951058e-09,3.9671772e-09,3.621547781439578e-09,3.630219554424609e-09,3.638961624050334e-09,3.647884197560625e-09,3.656918303830676e-09,3.666064209820221e-09,3.675237400200672e-09,3.684135667710337e-09,4.00503693e-09,3.701184243350336e-09,3.710267930818522e-09,3.719379505296188e-09,3.727614047457702e-09,3.73571784051305e-09,3.74382932755918e-09,3.752082791430316e-09,3.760402111910368e-09,3.756759993121895e-09,3.777231785075014e-09,3.785757246746928e-09,3.794328409308594e-09,3.802976456962102e-09,3.810861547226025e-09,3.818308515861164e-09,3.825804157448153e-09,3.834688303734845e-09,4.24750749e-09,3.842657890712401e-09,3.849787212980578e-09,3.856973813762103e-09,3.864361178663058e-09,3.871897216446386e-09,3.879599182383975e-09,3.887454787168119e-09,3.895436509023513e-09,4.27475763e-09,3.903687844663858e-09,3.911210391328714e-09,3.917648853373825e-09,3.924367895700678e-09,3.931395897243592e-09,3.938544159711735e-09,3.945880830945319e-09,3.953379257687269e-09,3.961142458844104e-09,3.969111856240533e-09,3.977300789473842e-09,3.983404170856988e-09,3.989572434246257e-09,3.995731561467087e-09,4.0024287836765e-09,4.009449317701988e-09,4.016767687166706e-09,4.53179993e-09,4.024337199701413e-09,4.032172005166419e-09,4.040312697606272e-09,4.048677729153746e-09,4.055270204739992e-09,4.061112109271851e-09,4.067041875456338e-09,4.078786835905486e-09,4.55677544e-09,4.65871439e-09,,,,,,,,,,,,,,,,,,,,,,,,,,,,,,,,,,,,,,,,,,,,,,,,,,,,,,,,,,,,,,,,,,,,,,,,,,,,,,,,,,,,,,,,,,,,,,,,,,,,,,,,,,,,,,,,,,
910,,,,,,,,,3.23712752368286e-09,3.244839461314947e-09,3.252534268587795e-09,3.260224666368889e-09,3.268320530740663e-09,3.276005560549438e-09,3.283795515952824e-09,3.291783739391267e-09,3.291391369769628e-09,3.30792313144124e-09,3.315888277692624e-09,3.323977368877998e-09,3.332099239822352e-09,3.34039496464403e-09,3.349268037063308e-09,3.357668077005164e-09,3.365927235857256e-09,,3.374150457071064e-09,3.383149441360846e-09,3.391503038158548e-09,3.399788341523409e-09,3.408244652764496e-09,3.416780685798644e-09,3.425456145870766e-09,3.434311665674848e-09,,3.443243784248491e-09,3.452248413348859e-09,3.460754677680146e-09,3.469832341938601e-09,3.478440943441557e-09,3.487178773536872e-09,3.496049606871445e-09,3.505050805270305e-09,3.514111365213919e-09,3.523322140723474e-09,3.532336230039877e-09,3.541021438137839e-09,3.549763471576464e-09,3.558671515720877e-09,3.568086426300714e-09,3.577047420607026e-09,3.586049309987439e-09,,3.595230334696996e-09,3.604375007193898e-09,3.612815710441365e-09,3.621448912386873e-09,3.63019374641283e-09,3.639090212373294e-09,3.647996767452461e-09,3.656995476438072e-09,,3.673248002594709e-09,3.682092269130593e-09,3.690932715003772e-09,3.698521550559036e-09,3.707896393563379e-09,3.715755887485086e-09,3.72371145756942e-09,3.731787772062304e-09,3.728143599457917e-09,3.748069820964331e-09,3.756334270820128e-09,3.76467192224433e-09,3.773039284845096e-09,3.781466100819945e-09,3.789097407355485e-09,3.796299845642267e-09,3.803711435285662e-09,,3.811119071017097e-09,3.820236914092042e-09,3.827100003471992e-09,3.834077829009854e-09,3.841257936256652e-09,3.848568460809447e-09,3.856090642060451e-09,3.863756406387723e-09,,3.87154984640183e-09,3.879445724014214e-09,3.886950801463916e-09,3.8932552731176e-09,3.899817754588512e-09,3.906519014132982e-09,3.913425030600637e-09,3.920525239476235e-09,3.927842117736564e-09,3.935339070961774e-09,3.943042623035393e-09,3.950945329343595e-09,3.957478434474513e-09,3.963385285145357e-09,3.969302903173018e-09,3.975648839128663e-09,3.982408492081766e-09,,3.989431952480011e-09,3.99669594428097e-09,4.004228044510027e-09,4.012044170052648e-09,4.020084310444582e-09,4.027646562795068e-09,4.033131604971623e-09,4.038781482782509e-09,,,,,,,,,,,,,,,,,,,,,,,,,,,,,,,,,,,,,,,,,,,,,,,,,,,,,,,,,,,,,,,,,,,,,,,,,,,,,,,,,,,,,,,,,,,,,,,,,,,,,,,,,,,,,,,,,,,,
920,,,,,,,,,3.218134138777831e-09,3.225636263263473e-09,3.233209758854598e-09,3.240813706280337e-09,3.249058473249725e-09,3.256251444830916e-09,3.26402295157273e-09,3.271852283767628e-09,3.271347814330373e-09,3.287748421561874e-09,3.295573719823493e-09,3.303478198433482e-09,3.311424706059307e-09,3.319528806150705e-09,3.32822184002221e-09,3.336471297440793e-09,3.344793147241059e-09,,3.35285135983682e-09,3.360971128263063e-09,3.369202671665311e-09,3.378077448060875e-09,3.386308231850765e-09,3.394641318230338e-09,3.403087864906499e-09,3.411705520420742e-09,,3.420437960193714e-09,3.429260332792972e-09,3.437937066194398e-09,3.446334423318821e-09,3.455260173643822e-09,3.463786215554442e-09,3.472420756618527e-09,3.48117605496367e-09,3.490004934352437e-09,3.498983408137335e-09,3.508056187658957e-09,3.516760897531974e-09,3.525324032895554e-09,3.533930012810521e-09,3.54268296864498e-09,3.551989174792347e-09,3.560768764944066e-09,,3.569635581648457e-09,3.578649652481767e-09,3.58741873768536e-09,3.595775952032639e-09,3.604199313766842e-09,3.612833888946173e-09,3.621543214240719e-09,3.630307985434745e-09,,3.646063688440926e-09,3.654658400024933e-09,3.663239615835785e-09,3.671115388236083e-09,3.680776979451672e-09,3.688286711194927e-09,3.696165477935017e-09,3.703957066041909e-09,3.700309212946554e-09,3.719795571784278e-09,3.727799947608889e-09,3.735863550454731e-09,3.744016040208206e-09,3.752166679073897e-09,3.760365979390252e-09,3.7677681655633e-09,3.774820955568362e-09,,3.781982339789134e-09,3.789239599761307e-09,3.796619162531407e-09,3.804850202333088e-09,3.811660125886333e-09,3.818651589371051e-09,3.825753296022174e-09,3.833038223238231e-09,,3.840491173036914e-09,3.848049655716079e-09,3.855772255804637e-09,3.863317855431396e-09,3.869403838740335e-09,3.875657379455965e-09,3.882229680650231e-09,3.88892242306933e-09,3.895798264712625e-09,3.902862370711587e-09,3.910181676898315e-09,3.917641475927091e-09,3.925322742482116e-09,3.931999027068494e-09,3.937681174640882e-09,3.943408084548243e-09,3.949485647088468e-09,,3.955959247534469e-09,3.962729969606096e-09,3.969788439529354e-09,3.977057755877847e-09,3.984638073110924e-09,3.992388324498446e-09,4.000370539871419e-09,4.005713548739132e-09,,,,,,,,,,,,,,,,,,,,,,,,,,,,,,,,,,,,,,,,,,,,,,,,,,,,,,,,,,,,,,,,,,,,,,,,,,,,,,,,,,,,,,,,,,,,,,,,,,,,,,,,,,,,,,,,,,,,
930,,,,,,,,,3.199571171175123e-09,3.206904000646676e-09,3.21438988480118e-09,3.221927933038159e-09,3.229511899458182e-09,3.237383288414921e-09,3.244773042411916e-09,3.252285171899444e-09,3.251769127642443e-09,3.267861919233942e-09,3.275751423875701e-09,3.283455837248565e-09,3.291280866162653e-09,3.299160016180851e-09,3.307194815312867e-09,3.315800010991222e-09,3.323958646807954e-09,,3.332042862655424e-09,3.340011539785896e-09,3.348030644719552e-09,3.356205676184439e-09,3.364498045691733e-09,3.373062512861959e-09,3.381305277055256e-09,3.38998444717163e-09,,3.398189821194656e-09,3.406792953531722e-09,3.41551800643272e-09,3.42394782898761e-09,3.432206518978536e-09,3.441007022396024e-09,3.449372572445823e-09,3.457950939491392e-09,3.466562909703446e-09,3.47527562015516e-09,3.484095795543463e-09,3.493029724545448e-09,3.501517536291322e-09,3.509916116070813e-09,3.518376005085102e-09,3.527015729675292e-09,3.535634364019048e-09,,3.54480792286083e-09,3.553517189211518e-09,3.562355175839255e-09,3.570849614157578e-09,3.579055154363003e-09,3.587324698731826e-09,3.595846453868005e-09,3.604340234362012e-09,,3.619682826332931e-09,3.628049526381416e-09,3.636450463599209e-09,3.64487633135793e-09,3.653328520741389e-09,3.661920768148727e-09,3.669690595312576e-09,3.677046334301744e-09,3.67333853932625e-09,3.692287933822365e-09,3.700110339966231e-09,3.707918361179153e-09,3.715796386305859e-09,3.723696508375367e-09,3.73171647181171e-09,3.739714792432436e-09,3.746823151675576e-09,,3.753769773111539e-09,3.760763704684445e-09,3.767810030104593e-09,3.775009501257791e-09,3.782284102727056e-09,3.789734802744834e-09,3.796491838694448e-09,3.805131039487431e-09,,3.810532883126202e-09,3.817739136241975e-09,3.82509982099997e-09,3.832608132172476e-09,3.840170368304214e-09,3.846011577426695e-09,3.852114048582677e-09,3.858464764394715e-09,3.864962815698469e-09,3.871636345035602e-09,3.878464239722347e-09,3.885510196982417e-09,3.892738280472074e-09,3.900230195162865e-09,3.907234431417053e-09,3.912631328621931e-09,3.918278969901586e-09,,3.924016001642153e-09,3.930191315531156e-09,3.936705933209993e-09,3.943532404581735e-09,3.950508776218553e-09,3.957780192607878e-09,3.965252724818385e-09,3.972920432399778e-09,,,,,,,,,,,,,,,,,,,,,,,,,,,,,,,,,,,,,,,,,,,,,,,,,,,,,,,,,,,,,,,,,,,,,,,,,,,,,,,,,,,,,,,,,,,,,,,,,,,,,,,,,,,,,,,,,,,,
940,,,,,,,,,3.18142581068286e-09,3.188588641706818e-09,3.195872740582515e-09,3.203433676200419e-09,3.210829026223204e-09,3.218243532597262e-09,3.225848575938831e-09,3.233222512650728e-09,3.23267580510013e-09,3.24844202373866e-09,3.256226980527668e-09,3.263906456869943e-09,3.271552664417177e-09,3.279317137510834e-09,3.287122070961456e-09,3.295090923626788e-09,3.303599377122337e-09,,3.311628327267111e-09,3.319474712471259e-09,3.327390474456187e-09,3.335348835385068e-09,3.343453176108653e-09,3.351669674094078e-09,3.360044634445438e-09,3.368531172287112e-09,,3.376770487234478e-09,3.384883047333881e-09,3.393391437149613e-09,3.402011667187054e-09,3.410129187656384e-09,3.418326986239453e-09,3.427002331543388e-09,3.435260209721408e-09,3.443664793040499e-09,3.452184694402814e-09,3.460799070069403e-09,3.469479267116638e-09,3.478290661945415e-09,3.486524868441034e-09,3.494767930921377e-09,3.503130255477469e-09,3.511548945068951e-09,,3.520101454217425e-09,3.529126246977998e-09,3.537670190679222e-09,3.546356275141082e-09,3.554585914441773e-09,3.562641983618451e-09,3.570806008204093e-09,3.579067870725398e-09,,3.594003896444426e-09,3.60218444265259e-09,3.610347011126154e-09,3.618687063978877e-09,3.626875684526533e-09,3.635153378608525e-09,3.643590253908341e-09,3.65084020869199e-09,3.64716300100097e-09,3.665667297731933e-09,3.673161735037031e-09,3.680727680215348e-09,3.688366878327483e-09,3.696057736071767e-09,3.703791418481803e-09,3.711613422426011e-09,3.719462764871642e-09,,3.726357687739429e-09,3.733101546316405e-09,3.739905074854755e-09,3.746825079973755e-09,3.753882363365372e-09,3.761015783028998e-09,3.768240183272236e-09,3.775731274588345e-09,,3.78297540412023e-09,3.788484201295649e-09,3.795504807341834e-09,3.802656254302393e-09,3.809973642966471e-09,3.817323885986716e-09,3.823166889111983e-09,3.829102011912844e-09,3.835223231284182e-09,3.841565380260155e-09,3.848014848159958e-09,3.854621232853267e-09,3.861438680923299e-09,3.868436711931376e-09,3.875618067214955e-09,3.882979117356467e-09,3.888180805800872e-09,,3.893546943572312e-09,3.899027701173152e-09,3.90502060066243e-09,3.911289590355869e-09,3.917818864116699e-09,3.924576395803581e-09,3.931565771538153e-09,3.938773948763183e-09,,,,,,,,,,,,,,,,,,,,,,,,,,,,,,,,,,,,,,,,,,,,,,,,,,,,,,,,,,,,,,,,,,,,,,,,,,,,,,,,,,,,,,,,,,,,,,,,,,,,,,,,,,,,,,,,,,,,
950,,,,,,,,,3.163633987181794e-09,3.170676172902385e-09,3.17781635018298e-09,3.185334451958734e-09,3.19254042283483e-09,3.199756564678039e-09,3.207517381840672e-09,3.214635388555604e-09,3.213960147543629e-09,3.22948175848491e-09,3.237100479467165e-09,3.244817935154693e-09,3.252272809331407e-09,3.259858373948494e-09,3.267513959024037e-09,3.275284331549612e-09,3.283690989371307e-09,,3.291549459584797e-09,3.299459071638492e-09,3.307165435713663e-09,3.314951650323701e-09,3.322895370236512e-09,3.330934036846321e-09,3.339097691849188e-09,3.347348799352988e-09,,3.355698928784316e-09,3.363746340447299e-09,3.371821065717406e-09,3.380237513805892e-09,3.38867659809557e-09,3.396612532173486e-09,3.404702710839698e-09,3.413231279265303e-09,3.421399771247698e-09,3.429696665392099e-09,3.438096373946198e-09,3.446573200505236e-09,3.455129642426664e-09,3.463716808060802e-09,3.471789861797944e-09,3.479918733619546e-09,3.488102892843517e-09,,3.496417472471865e-09,3.504827999670559e-09,3.513713012718007e-09,3.522117763510083e-09,3.530652229607711e-09,3.538618433869473e-09,3.546525499575145e-09,3.554535499153738e-09,,3.569041685786343e-09,3.576997291829183e-09,3.584996405638944e-09,3.593263740738398e-09,3.601322887013654e-09,3.609101254345437e-09,3.617264705368993e-09,3.625446369394944e-09,3.621750227457871e-09,3.639756734786325e-09,3.647044597301754e-09,3.654369658344436e-09,3.661789961669088e-09,3.669242273363164e-09,3.676691966056804e-09,3.684264082703662e-09,3.691872008374975e-09,,3.699513107367574e-09,3.706300593864404e-09,3.712831016865747e-09,3.719507200161755e-09,3.726266721359637e-09,3.733131129406183e-09,3.74009726282944e-09,3.747210644407666e-09,,3.754253403165779e-09,3.761357802682555e-09,3.766829558875394e-09,3.773658833582813e-09,3.780647213977942e-09,3.787732421509113e-09,3.794929590429381e-09,3.800824822721784e-09,3.806564934906258e-09,3.812500462174417e-09,3.818559619623928e-09,3.824861103202966e-09,3.83129669684648e-09,3.837877421248478e-09,3.844658741697315e-09,3.851638854922263e-09,3.85882174403175e-09,,3.864303455481262e-09,3.869402172283466e-09,3.874658787938532e-09,3.880435873774779e-09,3.886411870775725e-09,3.892739829325313e-09,3.89922830309423e-09,3.905975546212754e-09,,,,,,,,,,,,,,,,,,,,,,,,,,,,,,,,,,,,,,,,,,,,,,,,,,,,,,,,,,,,,,,,,,,,,,,,,,,,,,,,,,,,,,,,,,,,,,,,,,,,,,,,,,,,,,,,,,,,
960,,,,,,,,,3.146345615535072e-09,3.153332099232082e-09,3.160131641564018e-09,3.167672468196132e-09,3.174414106241972e-09,3.181673304110186e-09,3.188874802513381e-09,3.196459630119676e-09,3.195729126825139e-09,3.210938696710303e-09,3.218383110463773e-09,3.225950427805778e-09,3.233455145502601e-09,3.240864414131552e-09,3.248391099856707e-09,3.255986256256532e-09,3.263687529940987e-09,,3.271955659381599e-09,3.27976366722936e-09,3.28746408926242e-09,3.295090563005952e-09,3.302818526563909e-09,3.310690198695436e-09,3.31865631855906e-09,3.326715745558479e-09,,3.334870779500428e-09,3.343089175046847e-09,3.350921677301513e-09,3.359189274603695e-09,3.36730325462277e-09,3.375477568201863e-09,3.383332220590128e-09,3.391321207483083e-09,3.399722283230336e-09,3.407786347383635e-09,3.415967347814964e-09,3.424193148754566e-09,3.432538664744542e-09,3.440993712082783e-09,3.449365174645323e-09,3.457332317190707e-09,3.465317246399724e-09,,3.473373377906724e-09,3.481539300207706e-09,3.489806405123601e-09,3.498552195078173e-09,3.506818594489844e-09,3.515205043451577e-09,3.522923218160863e-09,3.530695013780193e-09,,3.545360562744674e-09,3.553619597822739e-09,3.560246442386097e-09,3.56892351528521e-09,3.575859228440137e-09,3.583738481338837e-09,3.591700913896359e-09,3.599717399632485e-09,3.596524643434731e-09,3.614612151701382e-09,3.621645927257397e-09,3.628739064124701e-09,3.635903059589733e-09,3.6431250231372e-09,3.650412979625045e-09,3.657733014951736e-09,3.665120531525455e-09,,3.672538183192581e-09,3.680040195526521e-09,3.686622704385813e-09,3.693002028933732e-09,3.699530581875215e-09,3.706141691435366e-09,3.712823975038229e-09,3.719654865270769e-09,,3.726436494071906e-09,3.733320283034597e-09,3.740333507458811e-09,3.747374004108329e-09,3.752326131478437e-09,3.759080095482146e-09,3.765971840812188e-09,3.772971204452013e-09,3.778892598661264e-09,3.784456096891823e-09,3.790201659833118e-09,3.796135087974407e-09,3.802188880544195e-09,3.80847591368092e-09,3.814849696557855e-09,3.82143582842298e-09,3.828198722576957e-09,,3.835092291158083e-09,3.840881308092875e-09,3.845819517020995e-09,3.850856448591712e-09,3.856368275901173e-09,3.862173874724549e-09,3.868242917963708e-09,3.874475016203173e-09,,,,,,,,,,,,,,,,,,,,2.850766107343706e-09,2.090435720391083e-09,,,,,,,,,,,,,,,,,,,,,,,,,,,,,,,,,,,,,,,,,,,,,,,,,,,,,,,,,,,,,,,,,,,,,,,,,,,,,,,,,,,,,,,,,,,,,,,
970,,,,,,,,,3.128780507039081e-09,3.13621217193179e-09,3.143056936235173e-09,3.150045648776233e-09,3.156826893876791e-09,3.163958181829434e-09,3.171169692701519e-09,3.178659066152107e-09,3.177910416270816e-09,3.192827033149827e-09,3.200102946557997e-09,3.207488939647629e-09,3.214979433992917e-09,3.222296084127037e-09,3.229650694168869e-09,3.23714722129716e-09,3.24462686843528e-09,,3.252285833536638e-09,3.260450864164965e-09,3.268200599283616e-09,3.275702089944867e-09,3.283220379968863e-09,3.290886395940412e-09,3.298667692113657e-09,3.306555804601445e-09,,3.31453987774293e-09,3.32259095674316e-09,3.330570750829851e-09,3.3387491313462e-09,3.34645319589966e-09,3.354256681041257e-09,3.36251325882653e-09,3.37028608687497e-09,3.37872392126994e-09,3.386454341752443e-09,3.394407794704408e-09,3.402462610689766e-09,3.410586918467534e-09,3.418813531685859e-09,3.427143883763602e-09,3.435257598516733e-09,3.443043882008007e-09,,3.450965296888265e-09,3.458903597005229e-09,3.466927077179657e-09,3.47506209168987e-09,3.48365553443279e-09,3.491778098072523e-09,3.499964462116691e-09,3.507489658798781e-09,,3.52119401841681e-09,3.529268033479359e-09,3.537380887480533e-09,3.544916253328109e-09,3.551431264301164e-09,3.559073676265228e-09,3.566799803600718e-09,3.574610982087737e-09,3.571522589618219e-09,3.590146592555922e-09,3.59698345624721e-09,3.603856783568227e-09,3.610789192353302e-09,3.617780228605387e-09,3.624836687574596e-09,3.631957077914198e-09,3.639136213644977e-09,,3.646326186323568e-09,3.65364632301808e-09,3.66094267485612e-09,3.667286637262744e-09,3.673550503279971e-09,3.679886593887887e-09,3.686320732784263e-09,3.692862131288778e-09,,3.699434067581885e-09,3.706120333669841e-09,3.712869909140344e-09,3.71959229132638e-09,3.72653985134539e-09,3.732482170241815e-09,3.737965882331069e-09,3.744666002320663e-09,3.751424284637436e-09,3.757469649830713e-09,3.762858427301248e-09,3.76841382071844e-09,3.774178562554194e-09,3.780045546970456e-09,3.786074105427354e-09,3.792340228617701e-09,3.798700992590705e-09,,3.805214168792909e-09,3.811938433954177e-09,3.818003043935863e-09,3.822724602389515e-09,3.827613172796189e-09,3.832870963844412e-09,3.838476790738255e-09,3.844265017052705e-09,,,,,,,,,,,,,,,,,,,,3.773015443909816e-09,3.577359698096032e-09,3.316512629175325e-09,2.946524439294554e-09,2.339387604966184e-09,-4.65234759999491e-11,,,,,,,,,,,,,,,,,,,,,,,,,,,,,,,,,,,,,,,,,,,,,,,,,,,,,,,,,,,,,,,,,,,,,,,,,,,,,,,,,,,,,,,,,,,
980,,,,,,,,,3.112026866329135e-09,3.11923594156894e-09,3.12604999890707e-09,3.13299615343183e-09,3.139767760135773e-09,3.14664380714345e-09,3.153604807232427e-09,3.160623187486713e-09,3.159985278936163e-09,3.175056223108894e-09,3.182187098724163e-09,3.189249762960037e-09,3.196506144637248e-09,3.20428171823421e-09,3.211339467661489e-09,3.21866131090323e-09,3.226023189998314e-09,,3.233465231455875e-09,3.241096258245033e-09,3.249228497652475e-09,3.256858666068568e-09,3.264245668271048e-09,3.271670406915791e-09,3.279223131293165e-09,3.28688630518718e-09,,3.294629284971419e-09,3.302624536032663e-09,3.310567790575409e-09,3.318221913374432e-09,3.326283621260848e-09,3.333901982274072e-09,3.341672401425185e-09,3.349454063343908e-09,3.357445726454559e-09,3.36545917623537e-09,3.373574653219571e-09,3.381714046945377e-09,3.389495751679987e-09,3.397258391730222e-09,3.405312705473099e-09,3.412960115905718e-09,3.420818100343827e-09,,3.429208851893789e-09,3.437178769641205e-09,3.445133239515673e-09,3.453224786340671e-09,3.461270120567047e-09,3.468653175067153e-09,3.476289011629326e-09,3.484027843861575e-09,,3.497835825020367e-09,3.505844247784965e-09,3.513682205592272e-09,3.521301519217752e-09,3.528704542404962e-09,3.535501507759898e-09,3.542850231672239e-09,3.550027158759856e-09,3.546644026883401e-09,3.564459640889879e-09,3.571727164454136e-09,3.578972147374163e-09,3.586329850475467e-09,3.593741791843443e-09,3.600014268512717e-09,3.606907506686897e-09,3.613830914039157e-09,,3.620840026386312e-09,3.627921434990384e-09,3.634909448003263e-09,3.641803832768185e-09,3.648717229009228e-09,3.654696306292736e-09,3.660735723787854e-09,3.666962271351422e-09,,3.673315342659543e-09,3.679716526848715e-09,3.686296584889497e-09,3.692897399991856e-09,3.699605219387552e-09,3.706252109244692e-09,3.711645429561625e-09,3.717158996534828e-09,3.723229905793353e-09,3.728876501391776e-09,3.734776458010059e-09,3.740818607877015e-09,3.74701775899132e-09,3.753205230172531e-09,3.758301430294888e-09,3.76564594077066e-09,3.772249110671928e-09,,3.777079789619655e-09,3.782727667220985e-09,3.787384186631252e-09,3.792813437004675e-09,3.79845802407973e-09,3.804426903188554e-09,3.81051756542733e-09,3.816602897391398e-09,,,,,,,,,,,,,,,,,,,,4.12738549816705e-09,4.033133438532885e-09,3.909663087422927e-09,3.760942271381764e-09,3.573021406704205e-09,3.348432665927671e-09,3.013571640991609e-09,2.510234081034572e-09,2.748682061640935e-09,,,,,,,,,,,,,,,,,,,,,,,,,,,,,,,,,,,,,,,,,,,,,,,,,,,,,,,,,,,,,,,,,,,,,,,,,,,,,,,,,,,,,,,,
990,,,,,,,,,3.095909173999775e-09,3.102610660516305e-09,3.109395112417215e-09,3.116227440153487e-09,3.122989168757584e-09,3.129684249355893e-09,3.136557123845102e-09,3.14342450694777e-09,3.142764422178792e-09,3.157565398560492e-09,3.16471245623413e-09,3.171652822588256e-09,3.178725246192111e-09,3.186368965506954e-09,3.19359969786749e-09,3.200858594751944e-09,3.208259028380882e-09,,3.21545214610845e-09,3.222625949985002e-09,3.230011111891805e-09,3.237573454659366e-09,3.245672092274051e-09,3.25303758115604e-09,3.260391421471835e-09,3.267779360533862e-09,,3.27533814835969e-09,3.282973005808328e-09,3.29069440838169e-09,3.298315255582463e-09,3.306025105039697e-09,3.31400819679511e-09,3.321551563265244e-09,3.329607232632829e-09,3.337197234345348e-09,3.345139136616074e-09,3.352693945261163e-09,3.360493196996954e-09,3.368463325339141e-09,3.376548303804307e-09,3.384045788515772e-09,3.39195339173725e-09,3.39956445470834e-09,,3.407298330594849e-09,3.415060948727538e-09,3.422888024586065e-09,3.431178422616008e-09,3.438987719186322e-09,3.446871155308348e-09,3.454828253669412e-09,3.462263591805928e-09,,3.475456197214227e-09,3.483307160384187e-09,3.490533476821661e-09,3.497884587565777e-09,3.505651901743437e-09,3.512501079833877e-09,3.519632294852006e-09,3.526580737690881e-09,3.523247371932201e-09,3.540662105156966e-09,3.547759282647614e-09,3.554861703110502e-09,3.562006833527455e-09,3.569238290142242e-09,3.576440392977137e-09,3.58367228583896e-09,3.590543072052188e-09,,3.596807624581453e-09,3.602729657233052e-09,3.609414992088381e-09,3.616201959931228e-09,3.623043651446888e-09,3.629908883465923e-09,3.636638918089104e-09,3.642413472331012e-09,,3.648300255833024e-09,3.654250563785707e-09,3.660299725679444e-09,3.666766916636504e-09,3.672615810773295e-09,3.679064461380696e-09,3.685455350695032e-09,3.691939132271667e-09,3.698241928068323e-09,3.702823273246923e-09,3.708796439748416e-09,3.71429234807329e-09,3.719918097930247e-09,3.725671478941811e-09,3.731532253527648e-09,3.737557587758926e-09,3.743698721262081e-09,,3.749933283761198e-09,3.756278886466738e-09,3.761771995673645e-09,3.766403578962334e-09,3.77129009913366e-09,3.776429983775896e-09,3.781701239180255e-09,3.787112891542479e-09,,,,,,,,,,,,,,,,,,,,4.301841891640852e-09,4.245836846784473e-09,4.18322776284553e-09,4.098587601097368e-09,4.001817502015685e-09,3.893994351369317e-09,3.762790907503554e-09,3.59411611990471e-09,3.643061110278619e-09,3.0739673163099e-09,2.636957716803089e-09,1.882159013824991e-09,,,,,,,,,,,,,,,,,,,,,,,,,,,,,,,,,,,,,,,,,,,,,,,,,,,,,,,,,,,,,,,,,,,,,,,,,,,,,,,,,,,,,
1000,2.94060077e-09,2.89549842e-09,2.93501494e-09,3.04590878e-09,3.04352216e-09,3.10454838e-09,3.20977971e-09,3.22461969e-09,3.079600285661402e-09,3.086107768223728e-09,3.092758241938083e-09,3.099799859908278e-09,3.106524585592731e-09,3.11309932051798e-09,3.119861055815543e-09,3.12659463932928e-09,3.125882088403895e-09,3.140450947243289e-09,3.147551897565936e-09,3.154482344775064e-09,3.161358460849715e-09,3.168413161302928e-09,3.176066736218356e-09,3.183157200968039e-09,3.190373317566185e-09,3.43207711e-09,3.197734923098122e-09,3.204755500265076e-09,3.211915707120335e-09,3.21917486388171e-09,3.22654454172775e-09,3.233990081546672e-09,3.241527043601367e-09,3.249170234424428e-09,3.45610668e-09,3.256381130629294e-09,3.263893935392808e-09,3.271522445718482e-09,3.279285561132845e-09,3.286712562189051e-09,3.294207569367539e-09,3.301837204630947e-09,3.309563381775124e-09,3.31734254798226e-09,3.325278758766292e-09,3.332923833774175e-09,3.340219941603927e-09,3.347749248125147e-09,3.355811464543239e-09,3.363340414796221e-09,3.371011984335212e-09,3.378767463359668e-09,3.67981492e-09,3.386545116491005e-09,3.394429171047946e-09,3.402178525109397e-09,3.409552009291109e-09,3.417000253883525e-09,3.424500343957745e-09,3.432077112184513e-09,3.439723628689808e-09,3.70682647e-09,3.45250067412214e-09,3.459955736494739e-09,3.46749605379677e-09,3.47509237557458e-09,3.482636526592094e-09,3.489915281691444e-09,3.496983320741519e-09,3.503785852830389e-09,3.500452502142357e-09,3.517502900848059e-09,3.52441590785147e-09,3.531371700635415e-09,3.53834603863934e-09,3.545343578160413e-09,3.552391084345946e-09,3.559430640420922e-09,3.566506761510151e-09,3.92130502e-09,3.573309206837224e-09,3.579443861014219e-09,3.585605346816991e-09,3.591826876206298e-09,3.598089066676629e-09,3.604365268861384e-09,3.610763673503391e-09,3.617261646587821e-09,3.93865817e-09,3.623355296182086e-09,3.629318483631329e-09,3.635337966133136e-09,3.642464351897842e-09,3.648699084518114e-09,3.654092737588208e-09,3.659557139611175e-09,3.665158984543496e-09,3.670910717958955e-09,3.676730372245252e-09,3.682678107747703e-09,3.688692184768414e-09,3.69485485919914e-09,3.701002695596964e-09,3.705675060673227e-09,3.711869751800413e-09,3.716818553259271e-09,4.15335723e-09,3.721969412989686e-09,3.727256822746031e-09,3.732735933110979e-09,3.738375025686513e-09,3.744172070470003e-09,3.750193144452763e-09,3.756265320239208e-09,3.762553820031031e-09,4.16474052e-09,4.24293275e-09,4.41638859e-09,4.43225522e-09,,,,,,,,,,,,,,,,4.380741083581709e-09,4.343800480750746e-09,4.307600576993119e-09,4.265035271804019e-09,4.212938258073614e-09,4.152824989732529e-09,4.075269443184868e-09,3.979936036447754e-09,4.011346979584915e-09,3.74703349202e-09,3.586123276805986e-09,3.390283978445742e-09,3.116340821633555e-09,2.738781261633835e-09,2.140595777676506e-09,-4.570929904767112e-11,,,,,,,,,,,,,,,,,,,,,,,,,,,,,,,,,,,,,,,,,,,,,,,,,,,,,,,,,,,,,,,,,,,,,,,,,,,,,,,,,
1100,2.82302842e-09,2.77860746e-09,2.81217815e-09,2.91412558e-09,2.90777169e-09,2.96057485e-09,3.05399577e-09,3.06309566e-09,,,,,,,,,3.12642504e-09,,,,,,,,,3.243659e-09,,,,,,,,,3.26276503e-09,,,,,,,,,3.33269064e-09,,,,,,,,,3.45825853e-09,,,,,,,,,3.4801473e-09,,,,,,,,,3.55137109e-09,,,,,,,,,3.66517299e-09,,,,,,,,,3.67733488e-09,,,,,,,,,3.7424952e-09,,,,,,,,,3.86052127e-09,,,,,,,,,3.86442741e-09,3.92845641e-09,4.07426627e-09,4.07898132e-09,4.14784187e-09,4.28156808e-09,,,,,,,,,,,,,,,,,,,,,,,,,,,,,,,,,,,,,,,,,,,,,,,,,,,,,,,,,,,,,,,,,,,,,,,,,,,,,,,,,,,,,,,,,,,,,,,,,,,,,,,,,,,,,,
1200,2.7214994e-09,2.6779679e-09,2.70713226e-09,2.8008381e-09,2.79132229e-09,2.8374757e-09,2.92359497e-09,2.92804836e-09,,,,,,,,,2.98382463e-09,,,,,,,,,3.09044868e-09,,,,,,,,,3.10262311e-09,,,,,,,,,3.16607262e-09,,,,,,,,,3.27731629e-09,,,,,,,,,3.29261345e-09,,,,,,,,,3.35751083e-09,,,,,,,,,3.45912497e-09,,,,,,,,,3.46760372e-09,,,,,,,,,3.52485909e-09,,,,,,,,,3.62756974e-09,,,,,,,,,3.62719817e-09,3.68096762e-09,3.80423596e-09,3.80032841e-09,3.85690784e-09,3.97220489e-09,3.97093288e-09,4.03507602e-09,,,,,,,,,,,,,,,,,,,,,,,,,,,,,,,,,,,,,,,,,,,,,,,,,,,,,,,,,,,,,,,,,,,,,,,,,,,,,,,,,,,,,,,,,,,,,,,,,,,,,,,,,,,,
1300,2.63416926e-09,2.5910538e-09,2.61688548e-09,2.70397521e-09,2.69215101e-09,2.73315858e-09,2.81097159e-09,2.81207174e-09,,,,,,,,,2.86146472e-09,,,,,,,,,2.95951289e-09,,,,,,,,,2.96758426e-09,,,,,,,,,3.0234749e-09,,,,,,,,,3.12606204e-09,,,,,,,,,3.13689403e-09,,,,,,,,,3.19431376e-09,,,,,,,,,3.28700689e-09,,,,,,,,,3.29372449e-09,,,,,,,,,3.34398092e-09,,,,,,,,,3.4392905e-09,,,,,,,,,3.43648267e-09,3.48261081e-09,3.59122069e-09,3.58411574e-09,3.63031409e-09,3.72757396e-09,3.72201506e-09,3.76937993e-09,3.87586108e-09,3.87392729e-09,3.93039338e-09,,,,,,,,,,,,,,,,,,,,,,,,,,,,,,,,,,,,,,,,,,,,,,,,,,,,,,,,,,,,,,,,,,,,,,,,,,,,,,,,,,,,,,,,,,,,,,,,,,,,,,,,,
1400,2.55662063e-09,2.51436741e-09,2.53729423e-09,2.61910981e-09,2.60523612e-09,2.64192476e-09,2.71473908e-09,2.71287934e-09,,,,,,,,,2.7571809e-09,,,,,,,,,2.84760033e-09,,,,,,,,,2.85246051e-09,,,,,,,,,2.90250249e-09,,,,,,,,,2.99714369e-09,,,,,,,,,3.00442876e-09,,,,,,,,,3.05576665e-09,,,,,,,,,3.14297008e-09,,,,,,,,,3.14648568e-09,,,,,,,,,3.19325539e-09,,,,,,,,,3.28121755e-09,,,,,,,,,3.27676089e-09,3.31767247e-09,3.41619549e-09,3.4061192e-09,3.44611573e-09,3.53166536e-09,3.52039538e-09,3.5611855e-09,3.651443e-09,3.64393557e-09,3.68701827e-09,3.78848988e-09,,,,,,,,,,,,,,,,,,,,,,,,,,,,,,,,,,,,,,,,,,,,,,,,,,,,,,,,,,,,,,,,,,,,,,,,,,,,,,,,,,,,,,,,,,,,,,,,,,,,,,,,
1500,2.48839147e-09,2.44698145e-09,2.46766343e-09,2.54390583e-09,2.52856345e-09,2.56179391e-09,2.63039824e-09,2.62635116e-09,,,,,,,,,2.66651997e-09,,,,,,,,,2.7510639e-09,,,,,,,,,2.75344567e-09,,,,,,,,,2.79847124e-09,,,,,,,,,2.88746167e-09,,,,,,,,,2.89180914e-09,,,,,,,,,2.93815537e-09,,,,,,,,,3.01825387e-09,,,,,,,,,3.01966553e-09,,,,,,,,,3.06239767e-09,,,,,,,,,3.14344263e-09,,,,,,,,,3.13833578e-09,3.17510982e-09,3.26775482e-09,3.25647853e-09,3.29166002e-09,3.36887427e-09,3.35691334e-09,3.39132747e-09,3.47270502e-09,3.45825519e-09,3.49561509e-09,3.58201371e-09,3.56998325e-09,3.61240186e-09,3.69764603e-09,,,,,,,,,,,,,,,,,,,,,,,,,,,,,,,,,,,,,,,,,,,,,,,,,,,,,,,,,,,,,,,,,,,,,,,,,,,,,,,,,,,,,,,,,,,,,,,,,,,,,
1600,2.4259126e-09,2.38542044e-09,2.40413672e-09,2.47664473e-09,2.46063283e-09,2.49075726e-09,2.55596965e-09,2.54992841e-09,,,,,,,,,2.5867357e-09,,,,,,,,,2.6657785e-09,,,,,,,,,2.66595444e-09,,,,,,,,,2.70732886e-09,,,,,,,,,2.79007783e-09,,,,,,,,,2.79322371e-09,,,,,,,,,2.83618217e-09,,,,,,,,,2.91096233e-09,,,,,,,,,2.91170831e-09,,,,,,,,,2.95062511e-09,,,,,,,,,3.02614233e-09,,,,,,,,,3.02059837e-09,3.05407016e-09,3.138949e-09,3.1270968e-09,3.15829528e-09,3.23064741e-09,3.21539942e-09,3.24631447e-09,3.32084719e-09,3.30570225e-09,3.33683934e-09,3.41558316e-09,3.39961895e-09,3.43453105e-09,3.50929253e-09,3.49650873e-09,3.5335352e-09,,,,,,,,,,,,,,,,,,,,,,,,,,,,,,,,,,,,,,,,,,,,,,,,,,,,,,,,,,,,,,,,,,,,,,,,,,,,,,,,,,,,,,,,,,,,,,,,,,,
1700,2.37001715e-09,2.33035958e-09,2.34750596e-09,2.41693569e-09,2.3995668e-09,2.42750375e-09,2.48851663e-09,2.48103097e-09,,,,,,,,,2.51487704e-09,,,,,,,,,2.5901754e-09,,,,,,,,,2.58849077e-09,,,,,,,,,2.62641626e-09,,,,,,,,,2.7044737e-09,,,,,,,,,2.70567432e-09,,,,,,,,,2.74512781e-09,,,,,,,,,2.81634781e-09,,,,,,,,,2.81528115e-09,,,,,,,,,2.85165764e-09,,,,,,,,,2.92364757e-09,,,,,,,,,2.91743457e-09,2.94856226e-09,3.02870584e-09,3.01700095e-09,3.044798e-09,3.11219635e-09,3.09729782e-09,3.1237365e-09,3.1915048e-09,3.17497404e-09,3.20330166e-09,3.27054351e-09,3.25481941e-09,3.28566014e-09,3.34855829e-09,3.33457165e-09,3.36653034e-09,3.44374687e-09,3.43392014e-09,,,,,,,,,,,,,,,,,,,,,,,,,,,,,,,,,,,,,,,,,,,,,,,,,,,,,,,,,,,,,,,,,,,,,,,,,,,,,,,,,,,,,,,,,,,,,,,,,
1800,2.31970786e-09,2.28044695e-09,2.2960512e-09,2.36304373e-09,2.34489933e-09,2.3707012e-09,2.42911221e-09,2.42046918e-09,,,,,,,,,2.45175913e-09,,,,,,,,,2.52270583e-09,,,,,,,,,2.51969134e-09,,,,,,,,,2.55447542e-09,,,,,,,,,2.62894999e-09,,,,,,,,,2.62843059e-09,,,,,,,,,2.66435818e-09,,,,,,,,,2.73304333e-09,,,,,,,,,2.73084649e-09,,,,,,,,,2.76396685e-09,,,,,,,,,2.83374856e-09,,,,,,,,,2.82681317e-09,2.85604865e-09,2.93133183e-09,2.9189914e-09,2.94490441e-09,3.00846586e-09,2.99245199e-09,3.01680311e-09,3.07903465e-09,3.06230941e-09,3.08613533e-09,3.15242012e-09,3.1333615e-09,3.15888945e-09,3.2173824e-09,3.19848724e-09,3.22576406e-09,3.30083446e-09,3.28516514e-09,,,,,,,,,3.31441609e-09,,,,,,,,3.396544e-09,,,,,,,,,,,,,,,,,,,,,,,,,,,,,,,,,,,,,,,,,,,,,,,,,,,,,,,,,,,,,,,,,,,,,,,,,,,,,,,,
1900,2.27343951e-09,2.23512304e-09,2.24951585e-09,2.31396511e-09,2.29524497e-09,2.31915869e-09,2.37467477e-09,2.3649314e-09,,,,,,,,,2.39401174e-09,,,,,,,,,2.4623549e-09,,,,,,,,,2.45798562e-09,,,,,,,,,2.49033844e-09,,,,,,,,,2.5611989e-09,,,,,,,,,2.55937031e-09,,,,,,,,,2.59286151e-09,,,,,,,,,2.65825922e-09,,,,,,,,,2.65536503e-09,,,,,,,,,2.68637405e-09,,,,,,,,,2.7525372e-09,,,,,,,,,2.74605202e-09,2.77317645e-09,2.84552704e-09,2.83324338e-09,2.85718974e-09,2.91714282e-09,2.90104662e-09,2.92317806e-09,2.98222055e-09,2.96360915e-09,2.98610597e-09,3.04446182e-09,3.02654476e-09,3.04846943e-09,3.10247307e-09,3.08434613e-09,3.10676356e-09,3.17311367e-09,3.15803829e-09,,,,,,,,,3.18330518e-09,,,,,,,,3.26241827e-09,3.24508502e-09,3.27365422e-09,3.34332786e-09,,,,,,,,,,,,,,,,,,,,,,,,,,,,,,,,,,,,,,,,,,,,,,,,,,,,,,,,,,,,,,,,,,,,,,,,,,,,,
2000,2.23120698e-09,2.19375025e-09,2.20718328e-09,2.26882732e-09,2.24974169e-09,2.27197466e-09,2.32601588e-09,2.31525172e-09,,,,,,,,,2.34246908e-09,,,,,,,,,2.40792026e-09,,,,,,,,,2.4023177e-09,,,,,,,,,2.43256046e-09,,,,,,,,,2.50030328e-09,,,,,,,,,2.49727061e-09,,,,,,,,,2.52863526e-09,,,,,,,,,2.59104362e-09,,,,,,,,,2.58732557e-09,,,,,,,,,2.6166438e-09,,,,,,,,,2.67948048e-09,,,,,,,,,2.67267856e-09,2.69835476e-09,2.76842264e-09,2.75585463e-09,2.77845663e-09,2.8356318e-09,2.8188209e-09,2.83970769e-09,2.89567075e-09,2.87700414e-09,2.89684298e-09,2.95386569e-09,2.93425677e-09,2.95509629e-09,3.00358294e-09,2.98449113e-09,3.00637987e-09,3.0639216e-09,3.04553126e-09,,,,,,,,,3.06886688e-09,,,,,,,,3.13858916e-09,3.11963653e-09,3.14426753e-09,3.20995307e-09,3.19784901e-09,3.22264436e-09,,,,,,,,,,,,,,,,,,,,,,,,,,,,,,,,,,,,,,,,,,,,,,,,,,,,,,,,,,,,,,,,,,,,,,,,,,,
2100,2.19272951e-09,2.15601313e-09,2.16856931e-09,2.22735526e-09,2.2079908e-09,2.22880396e-09,2.28132392e-09,2.26981287e-09,,,,,,,,,2.29529681e-09,,,,,,,,,2.35775358e-09,,,,,,,,,2.35109617e-09,,,,,,,,,2.37948849e-09,,,,,,,,,2.4448452e-09,,,,,,,,,2.44078926e-09,,,,,,,,,2.47027786e-09,,,,,,,,,2.53025422e-09,,,,,,,,,2.5258342e-09,,,,,,,,,2.55353496e-09,,,,,,,,,2.61480015e-09,,,,,,,,,2.60740821e-09,2.63195959e-09,2.69878105e-09,2.68595475e-09,2.70778613e-09,2.76229024e-09,2.74591249e-09,2.76494078e-09,2.81854915e-09,2.80007383e-09,2.8182231e-09,2.87213783e-09,2.85170248e-09,2.87003187e-09,2.91741437e-09,2.89603722e-09,2.9148207e-09,2.97120556e-09,2.94985395e-09,,,,,,,,,2.96954174e-09,,,,,,,,3.03973167e-09,3.01917211e-09,3.04049714e-09,3.09879965e-09,3.08299382e-09,3.10790362e-09,3.16988282e-09,3.15098809e-09,,,,,,,,,,,,,,,,,,,,,,,,,,,,,,,,,,,,,,,,,,,,,,,,,,,,,,,,,,,,,,,,,,,,,,,,,
2200,2.15651939e-09,2.12051343e-09,2.13239636e-09,2.18990424e-09,2.17026722e-09,2.18971699e-09,2.24014596e-09,2.22783897e-09,,,,,,,,,2.25191772e-09,,,,,,,,,2.31255013e-09,,,,,,,,,2.3049341e-09,,,,,,,,,2.33169328e-09,,,,,,,,,2.39445609e-09,,,,,,,,,2.3894564e-09,,,,,,,,,2.41730299e-09,,,,,,,,,2.47525483e-09,,,,,,,,,2.47012714e-09,,,,,,,,,2.49648091e-09,,,,,,,,,2.55589011e-09,,,,,,,,,2.5480995e-09,2.5713152e-09,2.63462021e-09,2.62155158e-09,2.64216021e-09,2.6964542e-09,2.67994144e-09,2.69819882e-09,2.74933136e-09,2.72993499e-09,2.74718174e-09,2.79664431e-09,2.77697514e-09,2.79318173e-09,2.83752746e-09,2.81680262e-09,2.83327489e-09,2.88553952e-09,2.86527124e-09,,,,,,,,,2.88190627e-09,,,,,,,,2.94482049e-09,2.92680206e-09,2.94511764e-09,2.99731139e-09,2.97822591e-09,2.99918114e-09,3.06138989e-09,3.04374069e-09,3.06449088e-09,3.12925012e-09,,,,,,,,,,,,,,,,,,,,,,,,,,,,,,,,,,,,,,,,,,,,,,,,,,,,,,,,,,,,,,,,,,,,,,,
2300,2.123074e-09,2.08760675e-09,2.09880713e-09,2.15472557e-09,2.13494976e-09,2.15313285e-09,2.20247941e-09,2.18954086e-09,,,,,,,,,2.21232249e-09,,,,,,,,,2.27088833e-09,,,,,,,,,2.26250192e-09,,,,,,,,,2.28778996e-09,,,,,,,,,2.34818572e-09,,,,,,,,,2.34240855e-09,,,,,,,,,2.36872054e-09,,,,,,,,,2.42497644e-09,,,,,,,,,2.41919594e-09,,,,,,,,,2.44430814e-09,,,,,,,,,2.50133272e-09,,,,,,,,,2.49312894e-09,2.51534863e-09,2.5773081e-09,2.56498841e-09,2.58405354e-09,2.63665847e-09,2.61981253e-09,2.6370947e-09,2.68578748e-09,2.66670958e-09,2.68242961e-09,2.73126898e-09,2.71102424e-09,2.7270553e-09,2.76909887e-09,2.74879526e-09,2.76426781e-09,2.8107913e-09,2.79032345e-09,,,,,,,,,2.80715574e-09,,,,,,,,2.86488438e-09,2.84483766e-09,2.8626972e-09,2.91509059e-09,2.89367693e-09,2.9116836e-09,2.96566602e-09,2.94899506e-09,2.96959262e-09,3.02761934e-09,3.00913776e-09,3.03037253e-09,,,,,,,,,,,,,,,,,,,,,,,,,,,,,,,,,,,,,,,,,,,,,,,,,,,,,,,,,,,,,,,,,,,,,
2400,2.09189057e-09,2.05699295e-09,2.06766695e-09,2.1214764e-09,2.10150661e-09,2.11874076e-09,2.16673449e-09,2.1532985e-09,,,,,,,,,2.17492022e-09,,,,,,,,,2.2317653e-09,,,,,,,,,2.22269118e-09,,,,,,,,,2.24670735e-09,,,,,,,,,2.3059454e-09,,,,,,,,,2.29941943e-09,,,,,,,,,2.32439301e-09,,,,,,,,,2.37896698e-09,,,,,,,,,2.372657e-09,,,,,,,,,2.39657047e-09,,,,,,,,,2.46334879e-09,,,,,,,,,2.45486825e-09,2.47623656e-09,2.52512854e-09,2.51274484e-09,2.531266e-09,2.58116343e-09,2.56458406e-09,2.58077382e-09,2.62847701e-09,2.60972115e-09,2.62445191e-09,2.67140324e-09,2.65045397e-09,2.66500841e-09,2.70669917e-09,2.68552562e-09,2.7002403e-09,2.7449958e-09,2.72338954e-09,,,,,,,,,2.73835711e-09,,,,,,,,2.79395832e-09,2.77163491e-09,2.78693453e-09,2.83897082e-09,2.81687558e-09,2.8329445e-09,2.88477072e-09,2.86582581e-09,2.88418845e-09,2.93917958e-09,2.91732626e-09,2.9350611e-09,2.99077831e-09,2.97305858e-09,,,,,,,,,,,,,,,,,,,,,,,,,,,,,,,,,,,,,,,,,,,,,,,,,,,,,,,,,,,,,,,,,,,
2500,2.06294912e-09,2.02864646e-09,2.03879819e-09,2.09176723e-09,2.07167149e-09,2.08804249e-09,2.1349934e-09,2.12100353e-09,,,,,,,,,2.14157697e-09,,,,,,,,,2.19695993e-09,,,,,,,,,2.18721317e-09,,,,,,,,,2.21005108e-09,,,,,,,,,2.26679949e-09,,,,,,,,,2.2596045e-09,,,,,,,,,2.28340614e-09,,,,,,,,,2.33652582e-09,,,,,,,,,2.32970838e-09,,,,,,,,,2.35257364e-09,,,,,,,,,2.41768968e-09,,,,,,,,,2.40883472e-09,2.42947345e-09,2.47657405e-09,2.46397849e-09,2.48203016e-09,2.5306293e-09,2.51437688e-09,2.52967624e-09,2.57627914e-09,2.55710764e-09,2.57141761e-09,2.6158125e-09,2.59542814e-09,2.60870526e-09,2.649008e-09,2.62706794e-09,2.64033997e-09,2.68548396e-09,2.66313908e-09,,,,,,,,,2.67662105e-09,,,,,,,,2.73063707e-09,2.70836298e-09,2.72178447e-09,2.76849529e-09,2.74883093e-09,2.7632078e-09,2.81097385e-09,2.79000356e-09,2.80593348e-09,2.85803496e-09,2.84006907e-09,2.8554897e-09,2.90602402e-09,2.8886983e-09,2.90768988e-09,2.96259985e-09,,,,,,,,,,,,,,,,,,,,,,,,,,,,,,,,,,,,,,,,,,,,,,,,,,,,,,,,,,,,,,,,,
2600,2.03587678e-09,2.00211513e-09,2.01162489e-09,2.06309252e-09,2.04290554e-09,2.05853249e-09,2.104235e-09,2.08980515e-09,,,,,,,,,2.10945279e-09,,,,,,,,,2.16326904e-09,,,,,,,,,2.15296794e-09,,,,,,,,,2.17477433e-09,,,,,,,,,2.23073321e-09,,,,,,,,,2.22292623e-09,,,,,,,,,2.24564268e-09,,,,,,,,,2.30629293e-09,,,,,,,,,2.29904422e-09,,,,,,,,,2.32113643e-09,,,,,,,,,2.37560512e-09,,,,,,,,,2.36646485e-09,2.38642946e-09,2.43207698e-09,2.41933773e-09,2.43682499e-09,2.48405076e-09,2.46813567e-09,2.48268973e-09,2.52825071e-09,2.50913051e-09,2.52258799e-09,2.56653751e-09,2.54636714e-09,2.55902602e-09,2.59614372e-09,2.57477964e-09,2.58686375e-09,2.63080076e-09,2.6086485e-09,,,,,,,,,2.62081473e-09,,,,,,,,2.67200477e-09,2.65078346e-09,2.6629003e-09,2.70662416e-09,2.68533441e-09,2.69931303e-09,2.74676626e-09,2.724146e-09,2.73804172e-09,2.78751313e-09,2.76847907e-09,2.7846471e-09,2.82985487e-09,2.81038083e-09,2.82691437e-09,2.87914825e-09,2.86094068e-09,2.87873162e-09,2.93425583e-09,,,,,,,,,,,,,,,,,,,,,,,,,,,,,,,,,,,,,,,,,,,,,,,,,,,,,,,,,,,,,,
2700,2.01041628e-09,1.97710326e-09,1.98609873e-09,2.03650073e-09,2.01625753e-09,2.03121114e-09,2.07586073e-09,2.06105753e-09,,,,,,,,,2.07987035e-09,,,,,,,,,2.13242096e-09,,,,,,,,,2.12160766e-09,,,,,,,,,2.1424681e-09,,,,,,,,,2.19699967e-09,,,,,,,,,2.18864924e-09,,,,,,,,,2.21038083e-09,,,,,,,,,2.2698295e-09,,,,,,,,,2.26213282e-09,,,,,,,,,2.2833432e-09,,,,,,,,,2.33677053e-09,,,,,,,,,2.32732677e-09,2.34662338e-09,2.39067465e-09,2.37781028e-09,2.39460944e-09,2.44111651e-09,2.42505194e-09,2.43939418e-09,2.48358057e-09,2.46484436e-09,2.47752592e-09,2.5204369e-09,2.49991012e-09,2.5121007e-09,2.55907672e-09,2.53822376e-09,2.54952382e-09,2.5913907e-09,2.56981065e-09,,,,,,,,,2.58118443e-09,,,,,,,,2.61808289e-09,2.59680554e-09,2.60887941e-09,2.65099018e-09,2.62857334e-09,2.64101349e-09,2.68712654e-09,2.66510642e-09,2.67764027e-09,2.72252333e-09,2.70297613e-09,2.71768524e-09,2.7631902e-09,2.7417656e-09,2.75614964e-09,2.80451848e-09,2.78430494e-09,2.79978495e-09,2.85560019e-09,2.83873674e-09,2.85370666e-09,,,,,,,,,,,,,,,,,,,,,,,,,,,,,,,,,,,,,,,,,,,,,,,,,,,,,,,,,,,,
2800,1.9865857e-09,1.95377489e-09,1.96232388e-09,2.01141453e-09,1.99098375e-09,2.00538146e-09,2.04921926e-09,2.03399941e-09,,,,,,,,,2.05208836e-09,,,,,,,,,2.10349868e-09,,,,,,,,,2.09225682e-09,,,,,,,,,2.11225161e-09,,,,,,,,,2.16543574e-09,,,,,,,,,2.15662335e-09,,,,,,,,,2.17753986e-09,,,,,,,,,2.23602519e-09,,,,,,,,,2.22791691e-09,,,,,,,,,2.24834588e-09,,,,,,,,,2.30073547e-09,,,,,,,,,2.29100234e-09,2.30972557e-09,2.35249619e-09,2.33949399e-09,2.35565772e-09,2.40139523e-09,2.38526297e-09,2.39924267e-09,2.44224541e-09,2.42391184e-09,2.43591167e-09,2.47797983e-09,2.45736517e-09,2.46877089e-09,2.51498047e-09,2.49373132e-09,2.50510378e-09,2.54539261e-09,2.52396134e-09,,,,,,,,,2.53508872e-09,,,,,,,,2.56937382e-09,2.54749773e-09,2.55899203e-09,2.60028984e-09,2.57753563e-09,2.58893766e-09,2.63341222e-09,2.60996559e-09,2.62143529e-09,2.66642509e-09,2.64610941e-09,2.65947184e-09,2.70230941e-09,2.68331113e-09,2.69572393e-09,2.74186716e-09,2.72105688e-09,2.73508096e-09,2.78372754e-09,2.76523303e-09,2.78084866e-09,2.83191407e-09,,,,,,,,,,,,,,,,,,,,,,,,,,,,,,,,,,,,,,,,,,,,,,,,,,,,,,,,,,,
2900,1.96395907e-09,1.93164439e-09,1.93983516e-09,1.98847335e-09,1.96737682e-09,1.98179049e-09,2.02445653e-09,2.00891672e-09,,,,,,,,,2.02633086e-09,,,,,,,,,2.07675902e-09,,,,,,,,,2.06515363e-09,,,,,,,,,2.08434985e-09,,,,,,,,,2.13641855e-09,,,,,,,,,2.12711353e-09,,,,,,,,,2.14715111e-09,,,,,,,,,2.20461277e-09,,,,,,,,,2.19607438e-09,,,,,,,,,2.21575792e-09,,,,,,,,,2.26717253e-09,,,,,,,,,2.25718629e-09,2.27525559e-09,2.3169893e-09,2.30388098e-09,2.3194567e-09,2.36457514e-09,2.34835778e-09,2.36174018e-09,2.40371557e-09,2.38540118e-09,2.39717929e-09,2.43823332e-09,2.41801724e-09,2.42872907e-09,2.47477126e-09,2.45320901e-09,2.46380186e-09,2.50313993e-09,2.48122626e-09,,,,,,,,,2.49182011e-09,,,,,,,,2.52478779e-09,2.50243709e-09,2.51298678e-09,2.5540367e-09,2.53143618e-09,2.54213985e-09,2.58360531e-09,2.5616113e-09,2.5718502e-09,2.61288216e-09,2.59170518e-09,2.60374489e-09,2.64667869e-09,2.62639477e-09,2.63926052e-09,2.68509937e-09,2.66317084e-09,2.67569476e-09,2.71879076e-09,2.69869727e-09,2.7124803e-09,2.76218164e-09,2.74145751e-09,2.75464748e-09,2.80395873e-09,,,,,,,,,,,,,,,,,,,,,,,,,,,,,,,,,,,,,,,,,,,,,,,,,,,,,,,,
3000,1.94261679e-09,1.91080452e-09,1.9187909e-09,1.96704183e-09,1.94600434e-09,1.9597298e-09,2.00130714e-09,1.98554139e-09,,,,,,,,,2.00225149e-09,,,,,,,,,2.05082475e-09,,,,,,,,,2.03886515e-09,,,,,,,,,2.05734405e-09,,,,,,,,,2.10858191e-09,,,,,,,,,2.09889116e-09,,,,,,,,,2.11819608e-09,,,,,,,,,2.1750973e-09,,,,,,,,,2.16617949e-09,,,,,,,,,2.18516602e-09,,,,,,,,,2.23571759e-09,,,,,,,,,2.22549186e-09,2.24296547e-09,2.28362398e-09,2.27047356e-09,2.28554447e-09,2.32993994e-09,2.31366702e-09,2.32653555e-09,2.36803245e-09,2.34964461e-09,2.36116014e-09,2.40093316e-09,2.38112803e-09,2.3912052e-09,2.43609721e-09,2.41466109e-09,2.42452589e-09,2.46370702e-09,2.44143462e-09,,,,,,,,,2.45120298e-09,,,,,,,,2.48410079e-09,2.4613689e-09,2.47106427e-09,2.51091451e-09,2.48780144e-09,2.49754444e-09,2.53944603e-09,2.51627158e-09,2.52595164e-09,2.56834856e-09,2.54479653e-09,2.55486691e-09,2.59534442e-09,2.57387088e-09,2.58533063e-09,2.63042811e-09,2.60875526e-09,2.61986899e-09,2.66208591e-09,2.64077882e-09,2.65306681e-09,2.69983805e-09,2.68117367e-09,2.6931105e-09,2.73812971e-09,2.71805119e-09,2.73172761e-09,,,,,,,,,,,,,,,,,,,,,,,,,,,,,,,,,,,,,,,,,,,,,,,,,,,,,,
3100,1.92251864e-09,1.89111739e-09,1.89878139e-09,1.94580841e-09,1.92498718e-09,1.93794656e-09,1.97955251e-09,1.9636204e-09,,,,,,,,,1.97967603e-09,,,,,,,,,2.02717472e-09,,,,,,,,,2.01487288e-09,,,,,,,,,2.03268901e-09,,,,,,,,,2.08282084e-09,,,,,,,,,2.07275958e-09,,,,,,,,,2.09138473e-09,,,,,,,,,2.1472965e-09,,,,,,,,,2.1380409e-09,,,,,,,,,2.1563867e-09,,,,,,,,,2.20596244e-09,,,,,,,,,2.19551347e-09,2.21251337e-09,2.25254381e-09,2.23931846e-09,2.25389982e-09,2.29751098e-09,2.28148228e-09,2.29388198e-09,2.33476325e-09,2.31630052e-09,2.32727818e-09,2.36667317e-09,2.34677573e-09,2.35687952e-09,2.40089874e-09,2.37964919e-09,2.38924884e-09,2.42705545e-09,2.40525073e-09,,,,,,,,,2.41425767e-09,,,,,,,,2.44561733e-09,2.42359041e-09,2.43239378e-09,2.47051992e-09,2.44875338e-09,2.45832662e-09,2.49612763e-09,2.47341779e-09,2.48297778e-09,2.52255259e-09,2.50152315e-09,2.51100355e-09,2.54952012e-09,2.52702933e-09,2.53727778e-09,2.58001238e-09,2.55982083e-09,2.57117098e-09,2.61125585e-09,2.58875761e-09,2.59967873e-09,2.64466747e-09,2.62451967e-09,2.63682634e-09,2.68347731e-09,2.66112241e-09,2.67281193e-09,2.71914135e-09,2.69891808e-09,,,,,,,,,,,,,,,,,,,,,,,,,,,,,,,,,,,,,,,,,,,,,,,,,,,,
3200,1.90357286e-09,1.87247528e-09,1.8800967e-09,1.92646999e-09,1.90552138e-09,1.91815914e-09,1.95839254e-09,1.94222766e-09,,,,,,,,,1.95779821e-09,,,,,,,,,2.0048815e-09,,,,,,,,,1.9922612e-09,,,,,,,,,2.00944902e-09,,,,,,,,,2.05962475e-09,,,,,,,,,2.04915377e-09,,,,,,,,,2.06709566e-09,,,,,,,,,2.12140455e-09,,,,,,,,,2.11174717e-09,,,,,,,,,2.12951354e-09,,,,,,,,,2.17824752e-09,,,,,,,,,2.16767825e-09,2.18397354e-09,2.2232069e-09,2.2099346e-09,2.22409236e-09,2.26692839e-09,2.25098575e-09,2.26303483e-09,2.30350695e-09,2.28526343e-09,2.29576906e-09,2.33489137e-09,2.31519008e-09,2.32481362e-09,2.36795958e-09,2.34726917e-09,2.35609057e-09,2.39282013e-09,2.37127401e-09,,,,,,,,,2.37980401e-09,,,,,,,,2.41006501e-09,2.38851664e-09,2.39680921e-09,2.43375456e-09,2.41153073e-09,2.42050734e-09,2.45802774e-09,2.4348935e-09,2.4436529e-09,2.48182488e-09,2.46016036e-09,2.46986439e-09,2.50877565e-09,2.48546139e-09,2.49468085e-09,2.53441839e-09,2.51322122e-09,2.52367479e-09,2.56565011e-09,2.54285823e-09,2.55288419e-09,2.59277424e-09,2.5714305e-09,2.58241694e-09,2.62748879e-09,2.60775556e-09,2.61815723e-09,2.66170536e-09,2.64022614e-09,2.65185813e-09,2.69765936e-09,,,,,,,,,,,,,,,,,,,,,,,,,,,,,,,,,,,,,,,,,,,,,,,,,,
3300,1.88567575e-09,1.8551744e-09,1.86241476e-09,1.90702287e-09,1.88631324e-09,1.89832878e-09,1.93865267e-09,1.92295473e-09,,,,,,,,,1.93748023e-09,,,,,,,,,1.98441449e-09,,,,,,,,,1.97179276e-09,,,,,,,,,1.98814309e-09,,,,,,,,,2.03593209e-09,,,,,,,,,2.02530782e-09,,,,,,,,,2.0426531e-09,,,,,,,,,2.09657192e-09,,,,,,,,,2.0866286e-09,,,,,,,,,2.10393636e-09,,,,,,,,,2.15163224e-09,,,,,,,,,2.14055151e-09,2.1564017e-09,2.19540557e-09,2.18250536e-09,2.19607372e-09,2.23863201e-09,2.2226903e-09,2.23442358e-09,2.27388284e-09,2.25599552e-09,2.26632894e-09,2.30462032e-09,2.28461818e-09,2.29384325e-09,2.33678213e-09,2.31569776e-09,2.32427603e-09,2.3606824e-09,2.33873353e-09,,,,,,,,,2.34714897e-09,,,,,,,,2.37691748e-09,2.3548642e-09,2.36325356e-09,2.39989831e-09,2.37711373e-09,2.38511517e-09,2.42143908e-09,2.39966573e-09,2.40855804e-09,2.44531748e-09,2.42194219e-09,2.43027201e-09,2.46875184e-09,2.44719605e-09,2.45660546e-09,2.4948147e-09,2.47152784e-09,2.4804189e-09,2.51944071e-09,2.49781135e-09,2.50768099e-09,2.54869346e-09,2.52842192e-09,2.53757439e-09,2.57799381e-09,2.55575968e-09,2.56595167e-09,2.60879258e-09,2.58850002e-09,2.59980848e-09,2.64567204e-09,2.62332484e-09,2.63414939e-09,,,,,,,,,,,,,,,,,,,,,,,,,,,,,,,,,,,,,,,,,,,,,,,,
3400,1.86827057e-09,1.83793552e-09,1.84511059e-09,1.88968158e-09,1.86901693e-09,1.88049787e-09,1.92037589e-09,1.90421552e-09,,,,,,,,,1.91862214e-09,,,,,,,,,1.96413221e-09,,,,,,,,,1.95120788e-09,,,,,,,,,1.96718188e-09,,,,,,,,,2.01496297e-09,,,,,,,,,2.00394062e-09,,,,,,,,,2.02073422e-09,,,,,,,,,2.07382763e-09,,,,,,,,,2.06359018e-09,,,,,,,,,2.08029995e-09,,,,,,,,,2.12760114e-09,,,,,,,,,2.11664515e-09,2.13200218e-09,2.1700618e-09,2.15691046e-09,2.17041065e-09,2.21168261e-09,2.19573892e-09,2.20715788e-09,2.24670284e-09,2.22864047e-09,2.23851926e-09,2.27629735e-09,2.25643908e-09,2.26534806e-09,2.30741867e-09,2.28663579e-09,2.29514936e-09,2.33096054e-09,2.30954368e-09,,,,,,,,,2.31778174e-09,,,,,,,,2.34614042e-09,2.32411834e-09,2.33207413e-09,2.36758353e-09,2.34567207e-09,2.35375444e-09,2.38946654e-09,2.36618286e-09,2.37383054e-09,2.40989309e-09,2.38788053e-09,2.39633612e-09,2.43341078e-09,2.40989358e-09,2.41786629e-09,2.45495231e-09,2.43293462e-09,2.44181509e-09,2.48134712e-09,2.46079214e-09,2.4691747e-09,2.5062858e-09,2.48379716e-09,2.49295579e-09,2.53333723e-09,2.51284816e-09,2.52308923e-09,2.56262241e-09,2.54042487e-09,2.55024263e-09,2.59235283e-09,2.57177326e-09,2.5825452e-09,2.62774048e-09,2.60711655e-09,,,,,,,,,,,,,,,,,,,,,,,,,,,,,,,,,,,,,,,,,,,,,,
3500,1.85193734e-09,1.82201435e-09,1.82886683e-09,1.8728103e-09,1.85213292e-09,1.86321519e-09,1.90266043e-09,1.88642889e-09,,,,,,,,,1.90036158e-09,,,,,,,,,1.94549666e-09,,,,,,,,,1.93241086e-09,,,,,,,,,1.94787201e-09,,,,,,,,,1.9946661e-09,,,,,,,,,1.98341014e-09,,,,,,,,,1.99967466e-09,,,,,,,,,2.05192023e-09,,,,,,,,,2.04144539e-09,,,,,,,,,2.05766914e-09,,,,,,,,,2.10431695e-09,,,,,,,,,2.09318081e-09,2.1081116e-09,2.14551464e-09,2.13233232e-09,2.14548538e-09,2.18635755e-09,2.17045705e-09,2.1815791e-09,2.22057164e-09,2.20267835e-09,2.21226079e-09,2.24958014e-09,2.22994163e-09,2.23850329e-09,2.28013959e-09,2.25935188e-09,2.2674781e-09,2.30278814e-09,2.28129617e-09,,,,,,,,,2.28910216e-09,,,,,,,,2.31727544e-09,2.29516646e-09,2.30266723e-09,2.33777626e-09,2.31567214e-09,2.32330105e-09,2.35788729e-09,2.33570394e-09,2.34273784e-09,2.3776574e-09,2.35534604e-09,2.36317724e-09,2.40004753e-09,2.37674208e-09,2.38410742e-09,2.41994452e-09,2.39752085e-09,2.40570451e-09,2.44332282e-09,2.42223317e-09,2.43119123e-09,2.46806546e-09,2.44493171e-09,2.45322733e-09,2.49221261e-09,2.47087258e-09,2.48016016e-09,2.52138905e-09,2.49863134e-09,2.5073987e-09,2.54697145e-09,2.52549408e-09,2.53523783e-09,2.57804023e-09,2.55845946e-09,2.56864899e-09,2.61072488e-09,,,,,,,,,,,,,,,,,,,,,,,,,,,,,,,,,,,,,,,,,,,,
3600,1.84031971e-09,1.81075144e-09,1.81732279e-09,1.856788e-09,1.83617603e-09,1.84689044e-09,1.88982048e-09,1.87361691e-09,,,,,,,,,1.88720432e-09,,,,,,,,,1.93185728e-09,,,,,,,,,1.91867272e-09,,,,,,,,,1.93378311e-09,,,,,,,,,1.97949646e-09,,,,,,,,,1.96810782e-09,,,,,,,,,1.98403437e-09,,,,,,,,,2.03111514e-09,,,,,,,,,2.02049088e-09,,,,,,,,,2.03628569e-09,,,,,,,,,2.08232561e-09,,,,,,,,,2.0710191e-09,2.08556505e-09,2.12788962e-09,2.11467479e-09,2.1275784e-09,2.16801879e-09,2.1522012e-09,2.16315313e-09,2.20188238e-09,2.18407539e-09,2.19345612e-09,2.23027234e-09,2.21075839e-09,2.21910187e-09,2.25464086e-09,2.23380402e-09,2.24155882e-09,2.27634879e-09,2.25479436e-09,,,,,,,,,2.26220239e-09,,,,,,,,2.29634176e-09,2.27434502e-09,2.28162433e-09,2.31653421e-09,2.29384365e-09,2.3008786e-09,2.33547566e-09,2.31362023e-09,2.32074226e-09,2.35471775e-09,2.3322433e-09,2.33967186e-09,2.37567831e-09,2.35284345e-09,2.359824e-09,2.39488374e-09,2.37226529e-09,2.37999272e-09,2.41679176e-09,2.39542751e-09,2.40388427e-09,2.44068058e-09,2.41732642e-09,2.42513284e-09,2.46291301e-09,2.44099344e-09,2.44962263e-09,2.48967526e-09,2.46864358e-09,2.47678788e-09,2.51521368e-09,2.49322036e-09,2.50228449e-09,2.5435519e-09,2.52332896e-09,2.53332931e-09,2.57533111e-09,2.55299119e-09,2.56245691e-09,,,,,,,,,,,,,,,,,,,,,,,,,,,,,,,,,,,,,,,,,,
3700,1.82533625e-09,1.79614199e-09,1.80254169e-09,1.8416189e-09,1.82105278e-09,1.83147299e-09,1.87385195e-09,1.85749807e-09,,,,,,,,,1.87069191e-09,,,,,,,,,1.91487467e-09,,,,,,,,,1.9014848e-09,,,,,,,,,1.91617335e-09,,,,,,,,,1.96109038e-09,,,,,,,,,1.94945972e-09,,,,,,,,,1.96494702e-09,,,,,,,,,2.01146573e-09,,,,,,,,,2.00060462e-09,,,,,,,,,2.01593412e-09,,,,,,,,,2.06141914e-09,,,,,,,,,2.04996157e-09,2.06421092e-09,2.10582524e-09,2.09257979e-09,2.10517982e-09,2.1455259e-09,2.12969655e-09,2.14034833e-09,2.1786696e-09,2.16117102e-09,2.17025761e-09,2.20641673e-09,2.18725182e-09,2.19528159e-09,2.23003056e-09,2.20949306e-09,2.21687335e-09,2.25155616e-09,2.2300015e-09,,,,,,,,,2.23701536e-09,,,,,,,,2.27093854e-09,2.24879429e-09,2.25563711e-09,2.28955719e-09,2.26770063e-09,2.27423504e-09,2.30825729e-09,2.28621927e-09,2.29333306e-09,2.32660954e-09,2.30388782e-09,2.31080098e-09,2.34546783e-09,2.32382023e-09,2.33096152e-09,2.36496682e-09,2.34189476e-09,2.34898567e-09,2.38484336e-09,2.36295848e-09,2.37074137e-09,2.40770615e-09,2.38593384e-09,2.39325544e-09,2.42818829e-09,2.40561247e-09,2.41346884e-09,2.45173067e-09,2.43067757e-09,2.43934737e-09,2.47718676e-09,2.45455452e-09,2.46281376e-09,2.50204374e-09,2.4807348e-09,2.4897404e-09,2.53093165e-09,2.51078226e-09,2.51924966e-09,2.55987513e-09,2.53817401e-09,,,,,,,,,,,,,,,,,,,,,,,,,,,,,,,,,,,,,,,,
3800,1.81116311e-09,1.78233325e-09,1.78855137e-09,1.82745665e-09,1.80638343e-09,1.81720597e-09,1.85869443e-09,1.84239459e-09,,,,,,,,,1.85516709e-09,,,,,,,,,1.89797747e-09,,,,,,,,,1.88453954e-09,,,,,,,,,1.89880298e-09,,,,,,,,,1.94419816e-09,,,,,,,,,1.93244777e-09,,,,,,,,,1.94739451e-09,,,,,,,,,1.99293915e-09,,,,,,,,,1.9818946e-09,,,,,,,,,1.99682002e-09,,,,,,,,,2.04174192e-09,,,,,,,,,2.03014346e-09,2.04403115e-09,2.08517399e-09,2.07187922e-09,2.08419094e-09,2.12402857e-09,2.10826881e-09,2.11869433e-09,2.15660549e-09,2.13923728e-09,2.14810132e-09,2.18369133e-09,2.16467693e-09,2.17247653e-09,2.20693272e-09,2.18668636e-09,2.19377567e-09,2.22780537e-09,2.20655919e-09,,,,,,,,,2.21327397e-09,,,,,,,,2.24683008e-09,2.22484169e-09,2.23134936e-09,2.26495471e-09,2.24335566e-09,2.24962946e-09,2.2823758e-09,2.26017178e-09,2.26684414e-09,2.3003068e-09,2.27736579e-09,2.28381081e-09,2.31767362e-09,2.29582149e-09,2.30291908e-09,2.33657885e-09,2.31338827e-09,2.32002789e-09,2.3549531e-09,2.332818e-09,2.34008011e-09,2.37545961e-09,2.3543625e-09,2.36115082e-09,2.39589981e-09,2.37306527e-09,2.38035647e-09,2.41715851e-09,2.39555913e-09,2.40353555e-09,2.44209038e-09,2.41983854e-09,2.42728435e-09,2.46424087e-09,2.44227603e-09,2.45050381e-09,2.49032025e-09,2.46991021e-09,2.47894501e-09,2.51867478e-09,2.49628097e-09,2.50479399e-09,2.54523639e-09,,,,,,,,,,,,,,,,,,,,,,,,,,,,,,,,,,,,,,
3900,1.79746587e-09,1.76900428e-09,1.77512383e-09,1.81362592e-09,1.79321042e-09,1.80296911e-09,1.8440639e-09,1.82791303e-09,,,,,,,,,1.84022938e-09,,,,,,,,,1.88345824e-09,,,,,,,,,1.86989359e-09,,,,,,,,,1.88373827e-09,,,,,,,,,1.92775274e-09,,,,,,,,,1.91583838e-09,,,,,,,,,1.93039955e-09,,,,,,,,,1.97466527e-09,,,,,,,,,1.96349515e-09,,,,,,,,,1.97806611e-09,,,,,,,,,2.02302247e-09,,,,,,,,,2.01129348e-09,2.02482604e-09,2.06552581e-09,2.05220053e-09,2.06424129e-09,2.10398944e-09,2.08824467e-09,2.09841887e-09,2.13562438e-09,2.11840974e-09,2.12707795e-09,2.16232413e-09,2.14343552e-09,2.15107606e-09,2.18509161e-09,2.16503621e-09,2.17190264e-09,2.20555151e-09,2.18463569e-09,,,,,,,,,2.19105222e-09,,,,,,,,2.22376154e-09,2.20236478e-09,2.20848767e-09,2.2411246e-09,2.21942595e-09,2.22583973e-09,2.25818226e-09,2.23590719e-09,2.24223266e-09,2.27546807e-09,2.25285422e-09,2.25880624e-09,2.29159926e-09,2.26950868e-09,2.27614961e-09,2.30999557e-09,2.28659682e-09,2.29277638e-09,2.32676032e-09,2.30431677e-09,2.31105512e-09,2.34592404e-09,2.32456228e-09,2.33191605e-09,2.36607615e-09,2.34294106e-09,2.34969474e-09,2.38546549e-09,2.36350809e-09,2.37091112e-09,2.40895855e-09,2.38592792e-09,2.39296013e-09,2.43006517e-09,2.40750225e-09,2.41502824e-09,2.45313961e-09,2.43201091e-09,2.44027095e-09,2.48023703e-09,2.45804311e-09,2.46580627e-09,2.5044756e-09,2.48309914e-09,2.4916696e-09,,,,,,,,,,,,,,,,,,,,,,,,,,,,,,,,,,,,
4000,1.78448684e-09,1.75638632e-09,1.76242951e-09,1.8001749e-09,1.77984672e-09,1.78940741e-09,1.83021395e-09,1.81399405e-09,,,,,,,,,1.82600315e-09,,,,,,,,,1.86851452e-09,,,,,,,,,1.85479952e-09,,,,,,,,,1.86829915e-09,,,,,,,,,1.91193433e-09,,,,,,,,,1.89986679e-09,,,,,,,,,1.91406599e-09,,,,,,,,,1.95769517e-09,,,,,,,,,1.9463648e-09,,,,,,,,,1.96058211e-09,,,,,,,,,2.00531188e-09,,,,,,,,,1.99344384e-09,2.00666094e-09,2.04688366e-09,2.03351434e-09,2.04529218e-09,2.08470073e-09,2.06901226e-09,2.0789846e-09,2.11572892e-09,2.09855748e-09,2.10712515e-09,2.14210586e-09,2.12326929e-09,2.13081631e-09,2.16441645e-09,2.1444255e-09,2.15122007e-09,2.18423362e-09,2.16343857e-09,,,,,,,,,2.16977741e-09,,,,,,,,2.20198138e-09,2.18066799e-09,2.18675643e-09,2.21886519e-09,2.19710868e-09,2.20330739e-09,2.23535468e-09,2.21322812e-09,2.21931764e-09,2.25185303e-09,2.2294961e-09,2.23515949e-09,2.26704529e-09,2.24475452e-09,2.25097425e-09,2.28473957e-09,2.26157373e-09,2.26736245e-09,2.30067258e-09,2.27811277e-09,2.2844494e-09,2.318521e-09,2.2969164e-09,2.30379729e-09,2.33804993e-09,2.31475863e-09,2.32106867e-09,2.355723e-09,2.33355406e-09,2.34047307e-09,2.37638426e-09,2.355316e-09,2.36283363e-09,2.39817912e-09,2.37526695e-09,2.38221987e-09,2.4188906e-09,2.3971566e-09,2.40473504e-09,2.443228e-09,2.42270607e-09,2.42982425e-09,2.46716747e-09,2.44519613e-09,2.4530523e-09,2.50352117e-09,,,,,,,,,,,,,,,,,,,,,,,,,,,,,,,,,,,
4100,1.77186429e-09,1.74417383e-09,1.75008036e-09,1.78767104e-09,1.76713405e-09,1.77673004e-09,1.81695493e-09,1.80055352e-09,,,,,,,,,1.81217495e-09,,,,,,,,,1.85418224e-09,,,,,,,,,1.84045319e-09,,,,,,,,,1.85357804e-09,,,,,,,,,1.89706276e-09,,,,,,,,,1.88481968e-09,,,,,,,,,1.89864232e-09,,,,,,,,,1.9415609e-09,,,,,,,,,1.93010061e-09,,,,,,,,,1.94398183e-09,,,,,,,,,1.98856641e-09,,,,,,,,,1.97653473e-09,1.9894306e-09,2.02913747e-09,2.01573146e-09,2.0272633e-09,2.06629917e-09,2.05066561e-09,2.06044601e-09,2.09679458e-09,2.07964787e-09,2.08818469e-09,2.12290006e-09,2.10409939e-09,2.11160751e-09,2.14474743e-09,2.12476243e-09,2.13154229e-09,2.16405811e-09,2.14323605e-09,,,,,,,,,2.14956267e-09,,,,,,,,2.18137641e-09,2.15999505e-09,2.16605258e-09,2.19781884e-09,2.17591057e-09,2.18176748e-09,2.21380482e-09,2.19159991e-09,2.19737212e-09,2.2293273e-09,2.20754355e-09,2.21302479e-09,2.24468087e-09,2.22210901e-09,2.22789546e-09,2.26050032e-09,2.23871484e-09,2.24410111e-09,2.27577006e-09,2.25297871e-09,2.25890597e-09,2.2924408e-09,2.27051975e-09,2.27692971e-09,2.31125025e-09,2.28875156e-09,2.29458205e-09,2.32833992e-09,2.30576702e-09,2.31215994e-09,2.34712169e-09,2.32560412e-09,2.33255617e-09,2.36775903e-09,2.34482772e-09,2.35138166e-09,2.38733992e-09,2.36554928e-09,2.37269471e-09,2.40913004e-09,2.38817665e-09,2.39579034e-09,2.43340272e-09,2.41080514e-09,2.41798564e-09,2.46564643e-09,2.44473156e-09,2.45282496e-09,2.48221056e-09,,,,,,,,,,,,,,,,,,,,,,,,,,,,,,,,
4200,1.75992113e-09,1.73246716e-09,1.7383682e-09,1.77594622e-09,1.75549482e-09,1.76485566e-09,1.80437934e-09,1.78783764e-09,,,,,,,,,1.79914152e-09,,,,,,,,,1.84077222e-09,,,,,,,,,1.82685343e-09,,,,,,,,,1.8396396e-09,,,,,,,,,1.88282867e-09,,,,,,,,,1.87045068e-09,,,,,,,,,1.88393558e-09,,,,,,,,,1.92625738e-09,,,,,,,,,1.91466839e-09,,,,,,,,,1.92822586e-09,,,,,,,,,1.97259188e-09,,,,,,,,,1.96044097e-09,1.97303429e-09,2.01233181e-09,1.99888072e-09,2.01017178e-09,2.04874878e-09,2.03318992e-09,2.04279099e-09,2.07881085e-09,2.06171912e-09,2.07013001e-09,2.10431709e-09,2.08553626e-09,2.09284921e-09,2.12605224e-09,2.1061045e-09,2.11268129e-09,2.14483139e-09,2.12415779e-09,,,,,,,,,2.13018129e-09,,,,,,,,2.16183463e-09,2.14043246e-09,2.14624368e-09,2.1776333e-09,2.15575845e-09,2.16138808e-09,2.19369328e-09,2.17121035e-09,2.17658998e-09,2.20801498e-09,2.1861558e-09,2.19181223e-09,2.22294345e-09,2.20030721e-09,2.20579014e-09,2.23770388e-09,2.21591102e-09,2.22187908e-09,2.25293749e-09,2.23002115e-09,2.23559381e-09,2.26833725e-09,2.24625596e-09,2.2522879e-09,2.28564079e-09,2.26413763e-09,2.26960492e-09,2.30243431e-09,2.27972158e-09,2.28572637e-09,2.31990638e-09,2.29817257e-09,2.30469551e-09,2.33981891e-09,2.31786229e-09,2.32385761e-09,2.35825599e-09,2.33574973e-09,2.34224942e-09,2.378211e-09,2.35689503e-09,2.36398112e-09,2.40114565e-09,2.37872314e-09,2.38531865e-09,2.43083929e-09,2.40928098e-09,2.41670215e-09,2.445382e-09,2.42505581e-09,2.43294407e-09,,,,,,,,,,,,,,,,,,,,,,,,,,,,,,
4300,1.74853465e-09,1.72129149e-09,1.72708636e-09,1.76420179e-09,1.74383921e-09,1.75294924e-09,1.79272731e-09,1.77592793e-09,,,,,,,,,1.78684318e-09,,,,,,,,,1.82793095e-09,,,,,,,,,1.81389564e-09,,,,,,,,,1.82636109e-09,,,,,,,,,1.8689256e-09,,,,,,,,,1.85653161e-09,,,,,,,,,1.869772e-09,,,,,,,,,1.91169019e-09,,,,,,,,,1.89996723e-09,,,,,,,,,1.91322672e-09,,,,,,,,,1.95717462e-09,,,,,,,,,1.94490867e-09,1.95724197e-09,1.99628396e-09,1.98279372e-09,1.99387636e-09,2.03198527e-09,2.01647367e-09,2.02590714e-09,2.0616447e-09,2.04459894e-09,2.05284266e-09,2.08683073e-09,2.06810375e-09,2.0752346e-09,2.10816476e-09,2.08825407e-09,2.09463565e-09,2.12674005e-09,2.10608491e-09,,,,,,,,,2.11204427e-09,,,,,,,,2.14332735e-09,2.12188777e-09,2.12745553e-09,2.15909309e-09,2.13711893e-09,2.14246185e-09,2.17413422e-09,2.15175701e-09,2.15694857e-09,2.18801082e-09,2.16605217e-09,2.17151009e-09,2.20254194e-09,2.17982964e-09,2.18501384e-09,2.21634507e-09,2.19435546e-09,2.19996997e-09,2.23161133e-09,2.20851314e-09,2.21373092e-09,2.24560327e-09,2.22329409e-09,2.22894485e-09,2.26175866e-09,2.24030225e-09,2.24641922e-09,2.2785572e-09,2.25555217e-09,2.26113455e-09,2.29434459e-09,2.27227394e-09,2.27834575e-09,2.31242488e-09,2.29126054e-09,2.29743682e-09,2.33068394e-09,2.30802053e-09,2.31411732e-09,2.34914122e-09,2.32741266e-09,2.33398669e-09,2.37025052e-09,2.349199e-09,2.35530761e-09,2.39912558e-09,2.37701304e-09,2.38383733e-09,2.41184133e-09,2.39081846e-09,2.39805738e-09,2.4372245e-09,2.41490504e-09,,,,,,,,,,,,,,,,,,,,,,,,,,,,
4400,1.73751992e-09,1.71047921e-09,1.71624925e-09,1.75294319e-09,1.73267667e-09,1.74154529e-09,1.78117349e-09,1.76430847e-09,,,,,,,,,1.77500213e-09,,,,,,,,,1.81585342e-09,,,,,,,,,1.80148224e-09,,,,,,,,,1.81359137e-09,,,,,,,,,1.85541235e-09,,,,,,,,,1.84279183e-09,,,,,,,,,1.85568467e-09,,,,,,,,,1.89860405e-09,,,,,,,,,1.88661314e-09,,,,,,,,,1.89950001e-09,,,,,,,,,1.94235703e-09,,,,,,,,,1.92998475e-09,1.94208483e-09,1.98088054e-09,1.96736001e-09,1.97823914e-09,2.01594419e-09,2.00046572e-09,2.00973689e-09,2.04530925e-09,2.02831001e-09,2.03638997e-09,2.07017042e-09,2.05148887e-09,2.05845154e-09,2.0911698e-09,2.07130539e-09,2.07751393e-09,2.10941843e-09,2.08878132e-09,,,,,,,,,2.09454029e-09,,,,,,,,2.12584275e-09,2.1043937e-09,2.10974153e-09,2.14114995e-09,2.11925132e-09,2.1243455e-09,2.15529319e-09,2.13364144e-09,2.13851463e-09,2.16902624e-09,2.14698418e-09,2.15217261e-09,2.18333997e-09,2.16056331e-09,2.16547868e-09,2.19626196e-09,2.17415472e-09,2.17946691e-09,2.21127423e-09,2.18827928e-09,2.19316318e-09,2.22454705e-09,2.20203548e-09,2.20733416e-09,2.2392317e-09,2.2175664e-09,2.22332063e-09,2.25611992e-09,2.23290753e-09,2.23812042e-09,2.27049126e-09,2.24815208e-09,2.25382624e-09,2.2872253e-09,2.26572899e-09,2.27184437e-09,2.30565838e-09,2.28257375e-09,2.28819411e-09,2.32213448e-09,2.30009636e-09,2.30622243e-09,2.34155411e-09,2.32059e-09,2.32723058e-09,2.36943577e-09,2.34698167e-09,2.35332382e-09,2.38073339e-09,2.35919252e-09,2.36588474e-09,2.40354004e-09,2.38331978e-09,2.38968572e-09,2.42584427e-09,,,,,,,,,,,,,,,,,,,,,,,,,,
4500,1.7269368e-09,1.70011874e-09,1.70582054e-09,1.74199413e-09,1.72181958e-09,1.73045248e-09,1.77004826e-09,1.75310881e-09,,,,,,,,,1.76360963e-09,,,,,,,,,1.80415935e-09,,,,,,,,,1.78969146e-09,,,,,,,,,1.80151914e-09,,,,,,,,,1.84310758e-09,,,,,,,,,1.83035829e-09,,,,,,,,,1.84295606e-09,,,,,,,,,1.88454225e-09,,,,,,,,,1.87257892e-09,,,,,,,,,1.88527391e-09,,,,,,,,,1.92714108e-09,,,,,,,,,1.91474291e-09,1.92666092e-09,1.96616248e-09,1.95259381e-09,1.96326631e-09,2.00063333e-09,1.98519584e-09,1.99430673e-09,2.02964833e-09,2.01269825e-09,2.02062383e-09,2.0542405e-09,2.03561005e-09,2.04241996e-09,2.07489943e-09,2.0550868e-09,2.0611396e-09,2.09282183e-09,2.07241866e-09,,,,,,,,,2.07791487e-09,,,,,,,,2.10898365e-09,2.08764143e-09,2.09279862e-09,2.12360396e-09,2.10178362e-09,2.10676244e-09,2.13757976e-09,2.11599689e-09,2.12096622e-09,2.15106612e-09,2.12896322e-09,2.13389987e-09,2.16469827e-09,2.14224123e-09,2.14690591e-09,2.17713181e-09,2.15493496e-09,2.15997313e-09,2.19129182e-09,2.16934817e-09,2.17392715e-09,2.20462845e-09,2.18195142e-09,2.18693144e-09,2.21806617e-09,2.19621685e-09,2.20163881e-09,2.23421842e-09,2.2117003e-09,2.21659333e-09,2.24822172e-09,2.22566425e-09,2.23097956e-09,2.26366251e-09,2.24190192e-09,2.24763032e-09,2.28135246e-09,2.25865684e-09,2.26391772e-09,2.2969181e-09,2.27463983e-09,2.28037472e-09,2.31466518e-09,2.29337224e-09,2.2995802e-09,2.34179098e-09,2.3190396e-09,2.32493613e-09,2.35201484e-09,2.33012031e-09,2.33635212e-09,2.37250949e-09,2.35179289e-09,2.35853268e-09,2.39482462e-09,2.37237426e-09,2.3786833e-09,,,,,,,,,,,,,,,,,,,,,,,,
4600,1.71683959e-09,1.69023678e-09,1.69590799e-09,1.73163301e-09,1.71153243e-09,1.71990789e-09,1.75921077e-09,1.7424009e-09,,,,,,,,,1.75268827e-09,,,,,,,,,1.79312838e-09,,,,,,,,,1.77853447e-09,,,,,,,,,1.79009071e-09,,,,,,,,,1.83154374e-09,,,,,,,,,1.81878688e-09,,,,,,,,,1.83117522e-09,,,,,,,,,1.87264311e-09,,,,,,,,,1.86051541e-09,,,,,,,,,1.8729136e-09,,,,,,,,,1.9135499e-09,,,,,,,,,1.90102779e-09,1.91271197e-09,1.95211074e-09,1.93851712e-09,1.94897991e-09,1.98612252e-09,1.97072193e-09,1.97968322e-09,2.01469061e-09,1.99777861e-09,2.00555881e-09,2.03902994e-09,2.02045606e-09,2.02712442e-09,2.05949899e-09,2.0397347e-09,2.04563462e-09,2.07705733e-09,2.05648451e-09,,,,,,,,,2.06190334e-09,,,,,,,,2.09285158e-09,2.07171662e-09,2.07669906e-09,2.10734871e-09,2.08608493e-09,2.09076534e-09,2.12074951e-09,2.09911412e-09,2.10402139e-09,2.13401653e-09,2.11185846e-09,2.11656329e-09,2.14684871e-09,2.12489882e-09,2.12932835e-09,2.15903451e-09,2.13675182e-09,2.1415358e-09,2.17235248e-09,2.15062572e-09,2.1554609e-09,2.18552853e-09,2.16274389e-09,2.1674496e-09,2.19838396e-09,2.17630661e-09,2.18139428e-09,2.21313394e-09,2.19171379e-09,2.19630625e-09,2.22753666e-09,2.20480785e-09,2.20980769e-09,2.24194069e-09,2.21997568e-09,2.22536294e-09,2.25796287e-09,2.23637932e-09,2.24130325e-09,2.27343e-09,2.25089788e-09,2.25626255e-09,2.28977814e-09,2.26817113e-09,2.27396799e-09,2.31613655e-09,2.29322763e-09,2.29872694e-09,2.32539938e-09,2.30319179e-09,2.30900482e-09,2.34427871e-09,2.323162e-09,2.32944682e-09,2.3660278e-09,2.34324006e-09,2.34909863e-09,2.38468932e-09,2.3630086e-09,,,,,,,,,,,,,,,,,,,,,,
4700,1.70728825e-09,1.68086301e-09,1.68652564e-09,1.72176557e-09,1.70177077e-09,1.70993126e-09,1.74904903e-09,1.73220077e-09,,,,,,,,,1.74227581e-09,,,,,,,,,1.78199518e-09,,,,,,,,,1.76751801e-09,,,,,,,,,1.77893253e-09,,,,,,,,,1.8202725e-09,,,,,,,,,1.80728982e-09,,,,,,,,,1.8193613e-09,,,,,,,,,1.85967263e-09,,,,,,,,,1.84736737e-09,,,,,,,,,1.85958867e-09,,,,,,,,,1.90055711e-09,,,,,,,,,1.8879592e-09,1.89943385e-09,1.93873872e-09,1.92510219e-09,1.93537089e-09,1.97225075e-09,1.95686797e-09,1.9656839e-09,2.00045859e-09,1.98357568e-09,1.99121335e-09,2.02434001e-09,2.00581629e-09,2.01235099e-09,2.0446372e-09,2.0249401e-09,2.03069105e-09,2.06187056e-09,2.04139272e-09,,,,,,,,,2.04660488e-09,,,,,,,,2.0773739e-09,2.05643348e-09,2.06125303e-09,2.09161557e-09,2.0703878e-09,2.07504163e-09,2.10473247e-09,2.08303755e-09,2.08773277e-09,2.11776825e-09,2.09554084e-09,2.10002195e-09,2.12988444e-09,2.10817222e-09,2.11272728e-09,2.14200795e-09,2.11962428e-09,2.12415641e-09,2.15447844e-09,2.13262364e-09,2.13745516e-09,2.16761931e-09,2.14467709e-09,2.14910944e-09,2.17976998e-09,2.1574991e-09,2.16228226e-09,2.19330445e-09,2.17172621e-09,2.17687461e-09,2.20782739e-09,2.18488749e-09,2.18956033e-09,2.22091612e-09,2.1986942e-09,2.20373853e-09,2.2360932e-09,2.21466906e-09,2.2201056e-09,2.25159858e-09,2.22879563e-09,2.23380354e-09,2.2665322e-09,2.24460811e-09,2.25002304e-09,2.29077123e-09,2.26907297e-09,2.27420474e-09,2.30063181e-09,2.27809424e-09,2.28350466e-09,2.31770851e-09,2.29617221e-09,2.30201606e-09,2.33752062e-09,2.31636193e-09,2.32179136e-09,2.35646253e-09,2.33433777e-09,2.34021641e-09,2.37590713e-09,,,,,,,,,,,,,,,,,,,,
4800,1.6977806e-09,1.67158195e-09,1.67715108e-09,1.71208057e-09,1.69218603e-09,1.70021488e-09,1.73925272e-09,1.72231084e-09,,,,,,,,,1.73215351e-09,,,,,,,,,1.77227781e-09,,,,,,,,,1.75757875e-09,,,,,,,,,1.76865799e-09,,,,,,,,,1.80911631e-09,,,,,,,,,1.79605276e-09,,,,,,,,,1.80789126e-09,,,,,,,,,1.84874688e-09,,,,,,,,,1.83631117e-09,,,,,,,,,1.84826514e-09,,,,,,,,,1.88815824e-09,,,,,,,,,1.8754848e-09,1.88676639e-09,1.92585956e-09,1.9121898e-09,1.92227637e-09,1.95886516e-09,1.94350622e-09,1.95217995e-09,1.98679365e-09,1.96994793e-09,1.97745482e-09,2.01039241e-09,1.99192998e-09,1.99834001e-09,2.03036154e-09,2.01080617e-09,2.01642427e-09,2.04738507e-09,2.02704294e-09,,,,,,,,,2.0321166e-09,,,,,,,,2.06265954e-09,2.04186846e-09,2.04654312e-09,2.07658527e-09,2.05530084e-09,2.0599954e-09,2.08952579e-09,2.06781383e-09,2.07232222e-09,2.1023303e-09,2.08008609e-09,2.08437661e-09,2.11384907e-09,2.09208604e-09,2.09664768e-09,2.12579114e-09,2.10336171e-09,2.10768156e-09,2.1375865e-09,2.11566539e-09,2.12027284e-09,2.15073863e-09,2.12780105e-09,2.13200108e-09,2.16204998e-09,2.13962646e-09,2.1441385e-09,2.17473375e-09,2.15298768e-09,2.15785197e-09,2.18927399e-09,2.1662065e-09,2.17061171e-09,2.20130252e-09,2.17894255e-09,2.18370406e-09,2.21542825e-09,2.19378046e-09,2.19890308e-09,2.23098363e-09,2.20801199e-09,2.21271457e-09,2.24466043e-09,2.22251894e-09,2.22761159e-09,2.26708339e-09,2.24593072e-09,2.25133946e-09,2.27675268e-09,2.25426718e-09,2.25943056e-09,2.29300434e-09,2.27119313e-09,2.2766733e-09,2.31138906e-09,2.29058377e-09,2.29637333e-09,2.33001904e-09,2.30762579e-09,2.3131242e-09,2.34793977e-09,2.32656224e-09,2.33247295e-09,,,,,,,,,,,,,,,,,,
4900,1.6886793e-09,1.662656e-09,1.66821583e-09,1.70297873e-09,1.68306223e-09,1.69104253e-09,1.72986636e-09,1.71285964e-09,,,,,,,,,1.72249425e-09,,,,,,,,,1.76216926e-09,,,,,,,,,1.7474238e-09,,,,,,,,,1.75829219e-09,,,,,,,,,1.79843753e-09,,,,,,,,,1.78530368e-09,,,,,,,,,1.79692369e-09,,,,,,,,,1.83737669e-09,,,,,,,,,1.82486944e-09,,,,,,,,,1.83660294e-09,,,,,,,,,1.87618266e-09,,,,,,,,,1.86343136e-09,1.87452735e-09,1.91354613e-09,1.89983405e-09,1.90975651e-09,1.9459647e-09,1.93067603e-09,1.93924414e-09,1.97370673e-09,1.95689361e-09,1.96427678e-09,1.99705146e-09,1.97864844e-09,1.98494526e-09,2.01671311e-09,1.99727339e-09,2.00276603e-09,2.03350809e-09,2.0133229e-09,,,,,,,,,2.01826231e-09,,,,,,,,2.04856677e-09,2.02787667e-09,2.03248144e-09,2.06221513e-09,2.04099219e-09,2.04555571e-09,2.07477302e-09,2.0530742e-09,2.05743354e-09,2.08734049e-09,2.0653313e-09,2.06944352e-09,2.09857971e-09,2.07678287e-09,2.08114879e-09,2.11031264e-09,2.08785976e-09,2.09198945e-09,2.12153124e-09,2.09956453e-09,2.10396927e-09,2.13413001e-09,2.11165051e-09,2.11565257e-09,2.14538696e-09,2.12284485e-09,2.1271102e-09,2.15703337e-09,2.13514956e-09,2.1397545e-09,2.17070292e-09,2.14846453e-09,2.15262405e-09,2.18279072e-09,2.16030505e-09,2.16480807e-09,2.19597907e-09,2.17415644e-09,2.17899028e-09,2.2110775e-09,2.18842102e-09,2.19285541e-09,2.22412847e-09,2.2018277e-09,2.20662525e-09,2.24499778e-09,2.22357076e-09,2.22883429e-09,2.25557669e-09,2.23265692e-09,2.23742836e-09,2.26988192e-09,2.24783393e-09,2.25298428e-09,2.28680361e-09,2.26567994e-09,2.27121373e-09,2.30517889e-09,2.28253245e-09,2.28768009e-09,2.32163003e-09,2.29992624e-09,2.3054523e-09,2.34088815e-09,2.32017942e-09,,,,,,,,,,,,,,,,
5000,1.6798745e-09,1.65401578e-09,1.65955414e-09,1.69417793e-09,1.67424895e-09,1.6821763e-09,1.72082764e-09,1.70376279e-09,,,,,,,,,1.71326696e-09,,,,,,,,,1.75241202e-09,,,,,,,,,1.73758459e-09,,,,,,,,,1.7482399e-09,,,,,,,,,1.78845288e-09,,,,,,,,,1.77525037e-09,,,,,,,,,1.7866554e-09,,,,,,,,,1.82644237e-09,,,,,,,,,1.81386013e-09,,,,,,,,,1.82539272e-09,,,,,,,,,1.86474131e-09,,,,,,,,,1.85191436e-09,1.86282283e-09,1.90167757e-09,1.88792335e-09,1.89768199e-09,1.93367901e-09,1.91840261e-09,1.92684304e-09,1.96116893e-09,1.94438477e-09,1.95164447e-09,1.98427492e-09,1.96593632e-09,1.97211822e-09,2.00362882e-09,1.98428503e-09,1.98966608e-09,2.02020088e-09,2.00016739e-09,,,,,,,,,2.00498925e-09,,,,,,,,2.03511057e-09,2.01443714e-09,2.01906416e-09,2.04870992e-09,2.02728708e-09,2.03159489e-09,2.06080836e-09,2.03914041e-09,2.04335576e-09,2.07292877e-09,2.05124759e-09,2.05519752e-09,2.08400523e-09,2.06216992e-09,2.06635332e-09,2.09562565e-09,2.07314487e-09,2.07708722e-09,2.10622095e-09,2.08421176e-09,2.08841858e-09,2.11818472e-09,2.09620312e-09,2.10001573e-09,2.12945149e-09,2.10685615e-09,2.11091864e-09,2.14032692e-09,2.11831446e-09,2.12268375e-09,2.15323352e-09,2.13182894e-09,2.13582174e-09,2.16542144e-09,2.14281877e-09,2.14707735e-09,2.17773077e-09,2.15577096e-09,2.16034953e-09,2.19173335e-09,2.16997482e-09,2.17414709e-09,2.20477681e-09,2.18229474e-09,2.18681155e-09,2.22413156e-09,2.20245818e-09,2.20741196e-09,2.23426608e-09,2.21202309e-09,2.21650792e-09,2.24819566e-09,2.22594316e-09,2.23078864e-09,2.26377157e-09,2.24236529e-09,2.24756675e-09,2.28187493e-09,2.2592675e-09,2.26409885e-09,2.29728061e-09,2.27530852e-09,2.28050205e-09,2.31489611e-09,2.2938524e-09,2.29940426e-09,2.33577615e-09,,,,,,,,,,,,,,
5100,1.67134755e-09,1.6457023e-09,1.65120696e-09,1.68564039e-09,1.66576969e-09,1.67356789e-09,1.71195525e-09,1.69489361e-09,,,,,,,,,1.70421077e-09,,,,,,,,,1.74299582e-09,,,,,,,,,1.72802974e-09,,,,,,,,,1.73849965e-09,,,,,,,,,1.77852207e-09,,,,,,,,,1.765168e-09,,,,,,,,,1.77633188e-09,,,,,,,,,1.81607672e-09,,,,,,,,,1.8033886e-09,,,,,,,,,1.81473137e-09,,,,,,,,,1.85377118e-09,,,,,,,,,1.84088412e-09,1.85158564e-09,1.89033507e-09,1.87653891e-09,1.88614003e-09,1.92198487e-09,1.9066747e-09,1.91496215e-09,1.94905921e-09,1.93229073e-09,1.93942892e-09,1.97199828e-09,1.95369173e-09,1.95976426e-09,1.99107793e-09,1.97186013e-09,1.97712127e-09,2.00736881e-09,1.98735703e-09,,,,,,,,,1.99222171e-09,,,,,,,,2.02229364e-09,2.00163566e-09,2.00618506e-09,2.03549432e-09,2.01451677e-09,2.01865443e-09,2.04742425e-09,2.0257369e-09,2.02978756e-09,2.05909518e-09,2.0376374e-09,2.04159691e-09,2.07016641e-09,2.04826786e-09,2.05226017e-09,2.08127698e-09,2.05924379e-09,2.06298949e-09,2.09165047e-09,2.06954911e-09,2.07355239e-09,2.10293123e-09,2.08127479e-09,2.08540661e-09,2.11441034e-09,2.09171864e-09,2.09556574e-09,2.12453176e-09,2.10235949e-09,2.10648773e-09,2.13667312e-09,2.1150812e-09,2.11949211e-09,2.14915608e-09,2.12637901e-09,2.13038316e-09,2.16044337e-09,2.13828459e-09,2.1425963e-09,2.17342918e-09,2.15193226e-09,2.15655834e-09,2.18676494e-09,2.16406414e-09,2.16830366e-09,2.20467562e-09,2.18272778e-09,2.18736721e-09,2.21384645e-09,2.19258528e-09,2.19713667e-09,2.22805453e-09,2.20551966e-09,2.21005414e-09,2.24234604e-09,2.22062314e-09,2.22549007e-09,2.25882325e-09,2.23774638e-09,2.24225425e-09,2.2746516e-09,2.25234681e-09,2.25719866e-09,2.29052578e-09,2.26906421e-09,2.27424567e-09,2.30960027e-09,2.28910923e-09,2.29456961e-09,,,,,,,,,,,,
5200,1.66309509e-09,1.63770146e-09,1.64312348e-09,1.67743185e-09,1.65756281e-09,1.66532019e-09,1.70335543e-09,1.68625476e-09,,,,,,,,,1.69547551e-09,,,,,,,,,1.73400834e-09,,,,,,,,,1.71893248e-09,,,,,,,,,1.72933618e-09,,,,,,,,,1.76906884e-09,,,,,,,,,1.75560241e-09,,,,,,,,,1.76654936e-09,,,,,,,,,1.80606488e-09,,,,,,,,,1.79330662e-09,,,,,,,,,1.80446195e-09,,,,,,,,,1.84323261e-09,,,,,,,,,1.83026959e-09,1.84080724e-09,1.87936122e-09,1.86553247e-09,1.87498035e-09,1.91065644e-09,1.89535671e-09,1.90352666e-09,1.93752518e-09,1.92077883e-09,1.92780182e-09,1.96017977e-09,1.94195923e-09,1.94794993e-09,1.97903085e-09,1.95990543e-09,1.96506767e-09,1.99502667e-09,1.97506459e-09,,,,,,,,,1.97989168e-09,,,,,,,,2.00975744e-09,1.98911364e-09,1.99353764e-09,2.022755e-09,2.00156816e-09,2.0057068e-09,2.03450636e-09,2.01300498e-09,2.01692401e-09,2.04592645e-09,2.02444339e-09,2.0284588e-09,2.0568959e-09,2.03496215e-09,2.03879409e-09,2.06758793e-09,2.0459294e-09,2.04950499e-09,2.07768715e-09,2.05556958e-09,2.05940837e-09,2.08854421e-09,2.06682949e-09,2.070886e-09,2.09974785e-09,2.07710216e-09,2.08080526e-09,2.10952062e-09,2.08737182e-09,2.09134079e-09,2.12108636e-09,2.09940726e-09,2.10361886e-09,2.1333919e-09,2.11060257e-09,2.1144267e-09,2.14403473e-09,2.1218418e-09,2.12596207e-09,2.15644887e-09,2.13489232e-09,2.13931106e-09,2.16937133e-09,2.14664298e-09,2.15068479e-09,2.18635983e-09,2.16424055e-09,2.16862258e-09,2.19500523e-09,2.1736381e-09,2.17829398e-09,2.20880967e-09,2.18621799e-09,2.19052654e-09,2.22222665e-09,2.20038282e-09,2.20500147e-09,2.23772551e-09,2.21670512e-09,2.22126506e-09,2.2530639e-09,2.23064827e-09,2.23524002e-09,2.2678687e-09,2.24619915e-09,2.25108875e-09,2.28532279e-09,2.26447267e-09,2.26967736e-09,2.30433391e-09,,,,,,,,,,,
5300,1.65510227e-09,1.62996271e-09,1.63528833e-09,1.66958838e-09,1.64963584e-09,1.65745114e-09,1.69507674e-09,1.67783845e-09,,,,,,,,,1.68707873e-09,,,,,,,,,1.72541923e-09,,,,,,,,,1.7102973e-09,,,,,,,,,1.72053796e-09,,,,,,,,,1.75996932e-09,,,,,,,,,1.7464371e-09,,,,,,,,,1.75719695e-09,,,,,,,,,1.79638486e-09,,,,,,,,,1.78360798e-09,,,,,,,,,1.79455635e-09,,,,,,,,,1.83313137e-09,,,,,,,,,1.82008877e-09,1.83053386e-09,1.86885111e-09,1.85498658e-09,1.86429523e-09,1.89970022e-09,1.88441818e-09,1.89247582e-09,1.92629558e-09,1.90958201e-09,1.9164991e-09,1.94875001e-09,1.93056735e-09,1.93645565e-09,1.96743019e-09,1.94835108e-09,1.95343075e-09,1.98330575e-09,1.96339756e-09,,,,,,,,,1.96812541e-09,,,,,,,,1.99779649e-09,1.97717971e-09,1.98149054e-09,2.01063636e-09,1.98947242e-09,1.99349383e-09,2.02219619e-09,2.00077014e-09,2.0045893e-09,2.03331541e-09,2.01184223e-09,2.01572431e-09,2.04415184e-09,2.02222306e-09,2.02591257e-09,2.05441185e-09,2.03288541e-09,2.03648629e-09,2.06430216e-09,2.04219015e-09,2.04588202e-09,2.07481867e-09,2.05309672e-09,2.05700168e-09,2.08591327e-09,2.06322309e-09,2.06675515e-09,2.09524411e-09,2.07302831e-09,2.07681342e-09,2.10614286e-09,2.08436124e-09,2.08836717e-09,2.11815947e-09,2.09576535e-09,2.09938063e-09,2.1284794e-09,2.10615925e-09,2.11006382e-09,2.1399932e-09,2.11826605e-09,2.12244718e-09,2.1531852e-09,2.13032949e-09,2.13414558e-09,2.16898292e-09,2.14681176e-09,2.15099274e-09,2.17697747e-09,2.15540735e-09,2.15980748e-09,2.19091918e-09,2.16813867e-09,2.17219494e-09,2.20325018e-09,2.18134296e-09,2.1857451e-09,2.21792447e-09,2.19678977e-09,2.20134902e-09,2.23255477e-09,2.21007922e-09,2.21444572e-09,2.24663639e-09,2.22473194e-09,2.22933209e-09,2.26293584e-09,2.24186233e-09,2.24677952e-09,2.28146248e-09,2.25885012e-09,2.26341531e-09,2.29680271e-09,,,,,,,,
5400,1.64732573e-09,1.62249985e-09,1.62769415e-09,1.66228558e-09,1.64230878e-09,1.65008313e-09,1.68698835e-09,1.66964261e-09,,,,,,,,,1.67901088e-09,,,,,,,,,1.7170721e-09,,,,,,,,,1.70174564e-09,,,,,,,,,1.71206703e-09,,,,,,,,,1.75136237e-09,,,,,,,,,1.73766522e-09,,,,,,,,,1.74820297e-09,,,,,,,,,1.78720701e-09,,,,,,,,,1.77439579e-09,,,,,,,,,1.78516691e-09,,,,,,,,,1.824161e-09,,,,,,,,,1.81101657e-09,1.82126208e-09,1.85830158e-09,1.84445833e-09,1.85365887e-09,1.8892439e-09,1.87396916e-09,1.88191961e-09,1.91572962e-09,1.89903916e-09,1.90586418e-09,1.93784766e-09,1.91970667e-09,1.92550998e-09,1.95632889e-09,1.93732461e-09,1.94231557e-09,1.9720235e-09,1.95215072e-09,,,,,,,,,1.95677944e-09,,,,,,,,1.98640492e-09,1.96582712e-09,1.97003484e-09,1.99903876e-09,1.97794576e-09,1.98187097e-09,2.0103444e-09,1.98911499e-09,1.99280792e-09,2.02132375e-09,1.99986127e-09,2.00361931e-09,2.0320836e-09,2.01013966e-09,2.01369004e-09,2.04183104e-09,2.02026684e-09,2.0240239e-09,2.0517373e-09,2.0296066e-09,2.03315092e-09,2.06174018e-09,2.03998793e-09,2.04373457e-09,2.07276779e-09,2.05007187e-09,2.05345452e-09,2.08163435e-09,2.05941693e-09,2.06305239e-09,2.09201165e-09,2.07018348e-09,2.07401912e-09,2.10349088e-09,2.08170795e-09,2.08514929e-09,2.11380602e-09,2.09140337e-09,2.09511459e-09,2.12473355e-09,2.1029e-09,2.10688282e-09,2.13711048e-09,2.11485434e-09,2.11847966e-09,2.15251438e-09,2.13023134e-09,2.13419778e-09,2.16010611e-09,2.13841279e-09,2.1425919e-09,2.17383936e-09,2.15106881e-09,2.15491702e-09,2.18528878e-09,2.16307194e-09,2.1671924e-09,2.19879774e-09,2.17732838e-09,2.18174653e-09,2.21422272e-09,2.19146431e-09,2.19554351e-09,2.22685428e-09,2.20476784e-09,2.20912009e-09,2.24187953e-09,2.22052338e-09,2.22515193e-09,2.25906938e-09,2.23750824e-09,2.2418007e-09,2.27439558e-09,2.25245525e-09,2.25705887e-09,,,,,,
5500,1.63994056e-09,1.61535827e-09,1.62045453e-09,1.65480862e-09,1.63480545e-09,1.6425604e-09,1.67965747e-09,1.66245145e-09,,,,,,,,,1.67174951e-09,,,,,,,,,1.70910938e-09,,,,,,,,,1.69372587e-09,,,,,,,,,1.70395989e-09,,,,,,,,,1.74304582e-09,,,,,,,,,1.72926241e-09,,,,,,,,,1.73963827e-09,,,,,,,,,1.77777087e-09,,,,,,,,,1.7649395e-09,,,,,,,,,1.77553319e-09,,,,,,,,,1.81469212e-09,,,,,,,,,1.8014724e-09,1.81157363e-09,1.84912136e-09,1.83511051e-09,1.84415322e-09,1.87919868e-09,1.86393101e-09,1.87177453e-09,1.90533193e-09,1.88866307e-09,1.89538621e-09,1.92725106e-09,1.90916181e-09,1.91487864e-09,1.94556299e-09,1.92655516e-09,1.93147789e-09,1.96135468e-09,1.94159158e-09,,,,,,,,,1.94601296e-09,,,,,,,,1.97535285e-09,1.95480494e-09,1.95891249e-09,1.98791402e-09,1.96684194e-09,1.97065639e-09,1.99894769e-09,1.97788458e-09,1.98146395e-09,2.00977218e-09,1.98831824e-09,1.99195094e-09,2.02053242e-09,1.99857653e-09,2.00199155e-09,2.02978976e-09,2.00818892e-09,2.01179599e-09,2.03966166e-09,2.01749533e-09,2.02089105e-09,2.0491651e-09,2.02736883e-09,2.03096237e-09,2.05975322e-09,2.03753484e-09,2.04076776e-09,2.06866256e-09,2.04640044e-09,2.04987373e-09,2.0785511e-09,2.0566644e-09,2.06033401e-09,2.08948464e-09,2.06804822e-09,2.07147554e-09,2.09989431e-09,2.0773981e-09,2.08092223e-09,2.11010542e-09,2.0881518e-09,2.09193495e-09,2.12173989e-09,2.10027596e-09,2.10371156e-09,2.13693582e-09,2.11455693e-09,2.1183285e-09,2.14399855e-09,2.12215527e-09,2.12611697e-09,2.15687092e-09,2.13496193e-09,2.1386054e-09,2.16839292e-09,2.14603328e-09,2.1499343e-09,2.18089272e-09,2.15921135e-09,2.16338824e-09,2.19534997e-09,2.17361041e-09,2.17746099e-09,2.2081972e-09,2.18592289e-09,2.19003138e-09,2.22203777e-09,2.200426e-09,2.20479334e-09,2.23798934e-09,2.21722027e-09,2.22163294e-09,2.25347677e-09,2.23130201e-09,2.2356381e-09,2.26847874e-09,,,,,
5600,1.63273299e-09,1.60836028e-09,1.61336564e-09,1.6475849e-09,1.62755497e-09,1.63530717e-09,1.67195152e-09,1.65457489e-09,,,,,,,,,1.6637526e-09,,,,,,,,,1.70139106e-09,,,,,,,,,1.68622109e-09,,,,,,,,,1.69588296e-09,,,,,,,,,1.73468827e-09,,,,,,,,,1.72103639e-09,,,,,,,,,1.73133494e-09,,,,,,,,,1.76914481e-09,,,,,,,,,1.75624071e-09,,,,,,,,,1.76670044e-09,,,,,,,,,1.80564802e-09,,,,,,,,,1.79238363e-09,1.80229772e-09,1.83963302e-09,1.8256813e-09,1.83458339e-09,1.86951076e-09,1.85424491e-09,1.86198854e-09,1.8952925e-09,1.87864753e-09,1.88528136e-09,1.91700359e-09,1.89895626e-09,1.90459016e-09,1.93532494e-09,1.91638301e-09,1.92131127e-09,1.95070646e-09,1.93089489e-09,,,,,,,,,1.93532888e-09,,,,,,,,1.96471621e-09,1.94419888e-09,1.9482085e-09,1.97710481e-09,1.95616707e-09,1.95987836e-09,1.9879966e-09,1.96699029e-09,1.97057736e-09,1.99864851e-09,1.97721978e-09,1.9807479e-09,2.00913951e-09,1.98741718e-09,1.99071086e-09,2.01827211e-09,1.99663282e-09,2.0000981e-09,2.02813761e-09,2.00593467e-09,2.00918822e-09,2.03715039e-09,2.01530599e-09,2.01874997e-09,2.04730198e-09,2.02565129e-09,2.0287396e-09,2.05624397e-09,2.03392154e-09,2.0372337e-09,2.06567783e-09,2.04372777e-09,2.04723498e-09,2.07610617e-09,2.05457968e-09,2.05829326e-09,2.08656771e-09,2.06401668e-09,2.06737954e-09,2.09623035e-09,2.07415443e-09,2.07774571e-09,2.10715726e-09,2.08562956e-09,2.08946059e-09,2.1222661e-09,2.09975417e-09,2.1033261e-09,2.12886647e-09,2.10688581e-09,2.11065044e-09,2.14085224e-09,2.11948598e-09,2.12322844e-09,2.15239837e-09,2.12993785e-09,2.13364535e-09,2.16412424e-09,2.14227182e-09,2.14622911e-09,2.17761484e-09,2.1564111e-09,2.16051082e-09,2.19065554e-09,2.16820134e-09,2.17208242e-09,2.20335726e-09,2.1815252e-09,2.18564881e-09,2.21821174e-09,2.19716693e-09,2.20156159e-09,2.23374267e-09,2.21134059e-09,2.21542717e-09,2.24769109e-09,2.22615237e-09,2.23053071e-09,2.26507687e-09,,
5700,1.62587465e-09,1.60165489e-09,1.60655128e-09,1.64064134e-09,1.62064961e-09,1.62833917e-09,1.66517725e-09,1.64780209e-09,,,,,,,,,1.65690643e-09,,,,,,,,,1.69394912e-09,,,,,,,,,1.67872211e-09,,,,,,,,,1.68824e-09,,,,,,,,,1.72690008e-09,,,,,,,,,1.71318687e-09,,,,,,,,,1.72332909e-09,,,,,,,,,1.76074822e-09,,,,,,,,,1.74780831e-09,,,,,,,,,1.75810359e-09,,,,,,,,,1.79675169e-09,,,,,,,,,1.78343935e-09,1.79324452e-09,1.83051835e-09,1.81653225e-09,1.82531139e-09,1.86025152e-09,1.84499544e-09,1.85263757e-09,1.88563396e-09,1.86901332e-09,1.87557238e-09,1.90718791e-09,1.88920165e-09,1.89476593e-09,1.92551639e-09,1.90660967e-09,1.91149902e-09,1.94071574e-09,1.92092435e-09,,,,,,,,,1.92526308e-09,,,,,,,,1.95451712e-09,1.93402161e-09,1.93793729e-09,1.966715e-09,1.94593595e-09,1.94954111e-09,1.97760478e-09,1.95656681e-09,1.9601719e-09,1.98803104e-09,1.96658873e-09,1.96999805e-09,1.99807018e-09,1.97662886e-09,1.97979748e-09,2.00725893e-09,1.9855734e-09,1.98889918e-09,2.01681706e-09,1.99490848e-09,1.99801971e-09,2.02566775e-09,2.00376162e-09,2.00705819e-09,2.03532144e-09,2.01377982e-09,2.01725808e-09,2.0445543e-09,2.02215008e-09,2.02531108e-09,2.05338821e-09,2.03135607e-09,2.03469989e-09,2.06335086e-09,2.04171973e-09,2.04525651e-09,2.07399649e-09,2.05138578e-09,2.05458215e-09,2.0830438e-09,2.06083755e-09,2.06424628e-09,2.09332499e-09,2.0716362e-09,2.07527259e-09,2.10830858e-09,2.08570848e-09,2.08909742e-09,2.11445638e-09,2.0923145e-09,2.09587493e-09,2.12563076e-09,2.10406819e-09,2.10787325e-09,2.13746142e-09,2.11483425e-09,2.1183331e-09,2.14829685e-09,2.12625041e-09,2.1299899e-09,2.16088899e-09,2.13945425e-09,2.14343138e-09,2.17424881e-09,2.15160723e-09,2.15526979e-09,2.18578743e-09,2.16377692e-09,2.16767685e-09,2.19957018e-09,2.17828125e-09,2.18243547e-09,2.21529786e-09,2.19272165e-09,2.19658969e-09,2.22815887e-09,2.20640229e-09,2.21054269e-09,2.2431896e-09,2.22213192e-09,2.22650089e-09
5800,1.61913466e-09,1.5950348e-09,1.59984633e-09,1.63383977e-09,1.61395395e-09,1.62151663e-09,1.65817055e-09,1.640849e-09,,,,,,,,,1.64984782e-09,,,,,,,,,1.68670726e-09,,,,,,,,,1.67139628e-09,,,,,,,,,1.68087328e-09,,,,,,,,,1.71934777e-09,,,,,,,,,1.7055669e-09,,,,,,,,,1.71554338e-09,,,,,,,,,1.75284907e-09,,,,,,,,,1.73985462e-09,,,,,,,,,1.75000464e-09,,,,,,,,,1.78848774e-09,,,,,,,,,1.77513137e-09,1.78482571e-09,1.82182149e-09,1.80777856e-09,1.81643891e-09,1.85115446e-09,1.83591511e-09,1.84346221e-09,1.8764158e-09,1.85981083e-09,1.86627678e-09,1.89777498e-09,1.87983463e-09,1.88533013e-09,1.91597253e-09,1.89710313e-09,1.90191533e-09,1.93104455e-09,1.91129815e-09,,,,,,,,,1.91556272e-09,,,,,,,,1.9446739e-09,1.92424409e-09,1.92807933e-09,1.95673804e-09,1.93607104e-09,1.93959265e-09,1.96747376e-09,1.94645214e-09,1.94996337e-09,1.97779304e-09,1.95636744e-09,1.9596796e-09,1.9876444e-09,1.96635289e-09,1.96943079e-09,1.99666858e-09,1.9749637e-09,1.9781736e-09,2.00592305e-09,1.98432448e-09,1.98731606e-09,2.01466852e-09,1.99274591e-09,1.99591913e-09,2.02397059e-09,2.00239897e-09,2.00574808e-09,2.03323706e-09,2.01081877e-09,2.01385238e-09,2.04167005e-09,2.01961402e-09,2.02283029e-09,2.05127999e-09,2.02961756e-09,2.03301552e-09,2.06162242e-09,2.03920168e-09,2.04227187e-09,2.07042068e-09,2.04819791e-09,2.05146708e-09,2.08029218e-09,2.05851683e-09,2.06198592e-09,2.0951357e-09,2.07246672e-09,2.07569396e-09,2.10081487e-09,2.07859043e-09,2.08198462e-09,2.11139797e-09,2.08972752e-09,2.09335438e-09,2.12309591e-09,2.10042951e-09,2.10376046e-09,2.13321214e-09,2.11106723e-09,2.1146321e-09,2.14517345e-09,2.12360733e-09,2.12738768e-09,2.15800458e-09,2.13574309e-09,2.13922631e-09,2.1692778e-09,2.14711478e-09,2.15081327e-09,2.18212631e-09,2.16061433e-09,2.16454739e-09,2.19684125e-09,2.1752155e-09,2.17887397e-09,2.2099579e-09,2.18799941e-09,2.1919114e-09,2.22391157e-09,2.20263934e-09,2.20677994e-09
5900,1.61270093e-09,1.58873367e-09,1.59348283e-09,1.62722751e-09,1.60744e-09,1.61488371e-09,1.65141971e-09,1.63419112e-09,,,,,,,,,1.64304342e-09,,,,,,,,,1.67975982e-09,,,,,,,,,1.66436897e-09,,,,,,,,,1.67378963e-09,,,,,,,,,1.71208947e-09,,,,,,,,,1.69824292e-09,,,,,,,,,1.7080671e-09,,,,,,,,,1.7451971e-09,,,,,,,,,1.73213786e-09,,,,,,,,,1.74214484e-09,,,,,,,,,1.78038099e-09,,,,,,,,,1.76699262e-09,1.77656797e-09,1.81331372e-09,1.79926485e-09,1.80782029e-09,1.84239274e-09,1.82715867e-09,1.83462135e-09,1.86748258e-09,1.85090116e-09,1.85727993e-09,1.88867588e-09,1.87078043e-09,1.87620602e-09,1.90674571e-09,1.88791236e-09,1.89265244e-09,1.92169971e-09,1.90198864e-09,,,,,,,,,1.90617651e-09,,,,,,,,1.9351506e-09,1.91480599e-09,1.91856742e-09,1.94712562e-09,1.92653553e-09,1.93000932e-09,1.95768853e-09,1.93668065e-09,1.9400977e-09,1.9679392e-09,1.94652869e-09,1.94974348e-09,1.97754973e-09,1.95629503e-09,1.95940402e-09,1.98653302e-09,1.9648233e-09,1.9679218e-09,1.9954709e-09,1.97405775e-09,1.97708544e-09,2.00415632e-09,1.9822072e-09,1.98525966e-09,2.0130314e-09,1.99142101e-09,1.99463846e-09,2.0226726e-09,2.00021108e-09,2.00310564e-09,2.0304291e-09,2.00835009e-09,2.01144207e-09,2.03974657e-09,2.01803875e-09,2.02130236e-09,2.04961245e-09,2.02763423e-09,2.03057893e-09,2.05843504e-09,2.03618222e-09,2.03931723e-09,2.06788193e-09,2.04605491e-09,2.0493841e-09,2.08185591e-09,2.05996472e-09,2.06302702e-09,2.08780747e-09,2.06549602e-09,2.06873485e-09,2.09784171e-09,2.07606356e-09,2.0795171e-09,2.10882853e-09,2.08682045e-09,2.08998804e-09,2.11899062e-09,2.09675158e-09,2.10014621e-09,2.13038109e-09,2.10868837e-09,2.11228713e-09,2.14232909e-09,2.12077821e-09,2.12409009e-09,2.1536628e-09,2.13139462e-09,2.13491104e-09,2.16568264e-09,2.14398717e-09,2.14771784e-09,2.17948183e-09,2.15849741e-09,2.16219918e-09,2.19269736e-09,2.17055924e-09,2.17426742e-09,2.20575097e-09,2.18427005e-09,2.18819715e-09
6000,1.60666113e-09,1.58287845e-09,1.58758677e-09,1.62092906e-09,1.60123624e-09,1.60858127e-09,1.64500148e-09,1.62782003e-09,,,,,,,,,1.63656152e-09,,,,,,,,,1.67310921e-09,,,,,,,,,1.65767765e-09,,,,,,,,,1.66700804e-09,,,,,,,,,1.70512558e-09,,,,,,,,,1.69122092e-09,,,,,,,,,1.70091209e-09,,,,,,,,,1.73860495e-09,,,,,,,,,1.72546996e-09,,,,,,,,,1.73531961e-09,,,,,,,,,1.77260105e-09,,,,,,,,,1.75917894e-09,1.7686165e-09,1.80522195e-09,1.79113819e-09,1.79955667e-09,1.83398463e-09,1.81875876e-09,1.82613025e-09,1.85884997e-09,1.8422791e-09,1.8485843e-09,1.87987247e-09,1.86201578e-09,1.86737219e-09,1.89785411e-09,1.87905658e-09,1.88372526e-09,1.91266427e-09,1.89298825e-09,,,,,,,,,1.89710082e-09,,,,,,,,1.92597136e-09,1.90570252e-09,1.90939544e-09,1.93787624e-09,1.91730297e-09,1.9207916e-09,1.94831534e-09,1.92732975e-09,1.93065404e-09,1.95850089e-09,1.93710258e-09,1.94022895e-09,1.96779526e-09,1.94654265e-09,1.9497311e-09,1.97676656e-09,1.95505773e-09,1.95805683e-09,1.98540264e-09,1.96396119e-09,1.9671045e-09,1.99398695e-09,1.97200881e-09,1.97494328e-09,2.00256233e-09,1.98092064e-09,1.98401803e-09,2.01189435e-09,1.98980831e-09,1.99258662e-09,2.01969407e-09,1.99758565e-09,2.0005541e-09,2.02857244e-09,2.00681937e-09,2.00995065e-09,2.03800525e-09,2.0164725e-09,2.01929017e-09,2.04688086e-09,2.02458786e-09,2.02759248e-09,2.05587611e-09,2.03399474e-09,2.03718338e-09,2.06919498e-09,2.04778094e-09,2.05075584e-09,2.07546927e-09,2.05307462e-09,2.05615709e-09,2.0849494e-09,2.06306372e-09,2.06635338e-09,2.09522507e-09,2.07385918e-09,2.07694416e-09,2.10549101e-09,2.08314833e-09,2.08637732e-09,2.11608894e-09,2.09424619e-09,2.09767134e-09,2.12744323e-09,2.10614211e-09,2.10976597e-09,2.13896939e-09,2.11657369e-09,2.11991195e-09,2.1501538e-09,2.1282971e-09,2.13184017e-09,2.16308282e-09,2.141897e-09,2.14566829e-09,2.17639969e-09,2.15410468e-09,2.15762324e-09,2.18871813e-09,2.16705293e-09,2.17078382e-09
6100,1.6004902e-09,1.57685075e-09,1.58160548e-09,1.61479628e-09,1.59519437e-09,1.60244647e-09,1.63869594e-09,1.62159475e-09,,,,,,,,,1.63023297e-09,,,,,,,,,1.66660153e-09,,,,,,,,,1.65112277e-09,,,,,,,,,1.66038252e-09,,,,,,,,,1.69835845e-09,,,,,,,,,1.68440042e-09,,,,,,,,,1.69395477e-09,,,,,,,,,1.73127773e-09,,,,,,,,,1.71810675e-09,,,,,,,,,1.72781624e-09,,,,,,,,,1.76504982e-09,,,,,,,,,1.75154625e-09,1.76085513e-09,1.79729183e-09,1.78317206e-09,1.79148478e-09,1.82584829e-09,1.81062274e-09,1.81791003e-09,1.85051996e-09,1.83396369e-09,1.84019218e-09,1.87139564e-09,1.85357829e-09,1.85886976e-09,1.88922751e-09,1.8704625e-09,1.87506409e-09,1.90401532e-09,1.88437133e-09,,,,,,,,,1.88841469e-09,,,,,,,,1.91711399e-09,1.89692855e-09,1.90054722e-09,1.92894365e-09,1.90838142e-09,1.91183679e-09,1.93925538e-09,1.91828527e-09,1.92152621e-09,1.94941456e-09,1.92803094e-09,1.93107042e-09,1.95841036e-09,1.93715961e-09,1.94025647e-09,1.9673783e-09,1.94567638e-09,1.94858519e-09,1.97564077e-09,1.95417917e-09,1.95721408e-09,1.98431533e-09,1.96231603e-09,1.96514438e-09,1.99251021e-09,1.97083555e-09,1.97381602e-09,2.00152793e-09,1.97989343e-09,1.98256056e-09,2.00942604e-09,1.98728391e-09,1.99013099e-09,2.01793322e-09,1.99613735e-09,1.99914933e-09,2.02696722e-09,2.00552524e-09,2.00858356e-09,2.0358958e-09,2.01356956e-09,2.01645496e-09,2.04438439e-09,2.02244177e-09,2.0254986e-09,2.05713734e-09,2.03565178e-09,2.03892424e-09,2.06363315e-09,2.04119689e-09,2.04414761e-09,2.07254917e-09,2.05054819e-09,2.05368009e-09,2.08220706e-09,2.06069986e-09,2.06403772e-09,2.09266393e-09,2.0702134e-09,2.07328446e-09,2.10268698e-09,2.08071683e-09,2.08397533e-09,2.11334466e-09,2.09188626e-09,2.09533445e-09,2.12505327e-09,2.10254453e-09,2.1057147e-09,2.13548538e-09,2.11348712e-09,2.11686039e-09,2.14759919e-09,2.12623066e-09,2.1298108e-09,2.16104726e-09,2.13860383e-09,2.14194139e-09,2.17257447e-09,2.15073576e-09,2.15428098e-09
6200,1.59450026e-09,1.57099433e-09,1.57581426e-09,1.60885685e-09,1.58934158e-09,1.5964986e-09,1.63260236e-09,1.61556929e-09,,,,,,,,,1.62408899e-09,,,,,,,,,1.66061917e-09,,,,,,,,,1.64510814e-09,,,,,,,,,1.65430041e-09,,,,,,,,,1.69167266e-09,,,,,,,,,1.67767046e-09,,,,,,,,,1.68709976e-09,,,,,,,,,1.72422784e-09,,,,,,,,,1.71099602e-09,,,,,,,,,1.72059687e-09,,,,,,,,,1.75772893e-09,,,,,,,,,1.74419053e-09,1.75338661e-09,1.78957977e-09,1.77545337e-09,1.78368486e-09,1.81799266e-09,1.80275773e-09,1.80996569e-09,1.84246422e-09,1.82592511e-09,1.83207761e-09,1.86321055e-09,1.84543127e-09,1.85066083e-09,1.88087076e-09,1.86214091e-09,1.86667667e-09,1.895662e-09,1.87605324e-09,,,,,,,,,1.88003374e-09,,,,,,,,1.90856928e-09,1.8884677e-09,1.8920198e-09,1.92035311e-09,1.89981304e-09,1.90319522e-09,1.93052428e-09,1.90956958e-09,1.91272637e-09,1.94052551e-09,1.91928028e-09,1.92223464e-09,1.94936787e-09,1.92812219e-09,1.93113641e-09,1.95832673e-09,1.93663351e-09,1.93944863e-09,1.96632471e-09,1.94485344e-09,1.94779431e-09,1.97503053e-09,1.9530306e-09,1.95575541e-09,1.98287077e-09,1.96116165e-09,1.96403607e-09,1.99143715e-09,1.97000999e-09,1.97287335e-09,1.99962024e-09,1.97744892e-09,1.98018502e-09,2.00774232e-09,1.98590841e-09,1.98879969e-09,2.01640652e-09,1.99490159e-09,1.99794789e-09,2.02541641e-09,2.003053e-09,2.00581791e-09,2.03350586e-09,2.01151155e-09,2.01444336e-09,2.0456785e-09,2.02411412e-09,2.02725408e-09,2.05236216e-09,2.02988095e-09,2.03270862e-09,2.06083128e-09,2.0387661e-09,2.04176455e-09,2.06996426e-09,2.04834167e-09,2.05152302e-09,2.08054941e-09,2.05800686e-09,2.06093124e-09,2.09002319e-09,2.06793118e-09,2.07103631e-09,2.10030421e-09,2.07869468e-09,2.08197152e-09,2.11135072e-09,2.08925804e-09,2.09226953e-09,2.12161686e-09,2.09949498e-09,2.10269944e-09,2.13291322e-09,2.11136239e-09,2.11476874e-09,2.1458614e-09,2.12404212e-09,2.12721532e-09,2.15733889e-09,2.1353471e-09,2.13871655e-09
6300,1.58870414e-09,1.56533625e-09,1.57020337e-09,1.60310121e-09,1.5836625e-09,1.59074192e-09,1.62669155e-09,1.60973993e-09,,,,,,,,,1.61813335e-09,,,,,,,,,1.65452583e-09,,,,,,,,,1.63898126e-09,,,,,,,,,1.64810769e-09,,,,,,,,,1.68519265e-09,,,,,,,,,1.67111908e-09,,,,,,,,,1.6804062e-09,,,,,,,,,1.71742438e-09,,,,,,,,,1.70415076e-09,,,,,,,,,1.71362084e-09,,,,,,,,,1.75065337e-09,,,,,,,,,1.73707772e-09,1.74616578e-09,1.78213188e-09,1.76798985e-09,1.77612979e-09,1.81037374e-09,1.79513969e-09,1.80226951e-09,1.83468216e-09,1.81815609e-09,1.8242376e-09,1.85529949e-09,1.83755303e-09,1.84272437e-09,1.87282645e-09,1.85412583e-09,1.85860377e-09,1.88754117e-09,1.86796982e-09,,,,,,,,,1.87188638e-09,,,,,,,,1.90030226e-09,1.88028597e-09,1.88378631e-09,1.91202691e-09,1.8915122e-09,1.89482051e-09,1.92210968e-09,1.90116781e-09,1.90424733e-09,1.93191968e-09,1.91081144e-09,1.91368792e-09,1.94063089e-09,1.91939079e-09,1.92231818e-09,1.94958589e-09,1.92790397e-09,1.93063242e-09,1.9573829e-09,1.9359064e-09,1.93874846e-09,1.96593092e-09,1.94412972e-09,1.9467554e-09,1.97362646e-09,1.951892e-09,1.95466031e-09,1.9819144e-09,1.9604524e-09,1.9633579e-09,1.99019777e-09,1.96799867e-09,1.9706271e-09,1.99795925e-09,1.97609047e-09,1.97887173e-09,2.0062759e-09,1.98471975e-09,1.98764782e-09,2.01538002e-09,1.99298744e-09,1.99564123e-09,2.02307834e-09,2.00104234e-09,2.00385585e-09,2.03472839e-09,2.01309938e-09,2.01611135e-09,2.04143108e-09,2.01905578e-09,2.02176754e-09,2.04963004e-09,2.02751231e-09,2.03039015e-09,2.05833411e-09,2.03663977e-09,2.03968988e-09,2.06844157e-09,2.04639343e-09,2.04918647e-09,2.0779334e-09,2.05574491e-09,2.05870315e-09,2.08780013e-09,2.06607264e-09,2.06920077e-09,2.09802259e-09,2.07664961e-09,2.0795218e-09,2.10850417e-09,2.0862698e-09,2.08932413e-09,2.11910194e-09,2.09741232e-09,2.10065542e-09,2.13123167e-09,2.11014078e-09,2.11322159e-09,2.14307067e-09,2.12094412e-09,2.1241544e-09
6400,1.58306513e-09,1.55983481e-09,1.56474946e-09,1.59742776e-09,1.5780909e-09,1.58506497e-09,1.62103015e-09,1.60403465e-09,,,,,,,,,1.61233926e-09,,,,,,,,,1.64856898e-09,,,,,,,,,1.63303437e-09,,,,,,,,,1.64201483e-09,,,,,,,,,1.67894207e-09,,,,,,,,,1.66484868e-09,,,,,,,,,1.67403401e-09,,,,,,,,,1.71085306e-09,,,,,,,,,1.69754795e-09,,,,,,,,,1.70691776e-09,,,,,,,,,1.74382191e-09,,,,,,,,,1.73017226e-09,1.73916682e-09,1.77497585e-09,1.76081346e-09,1.7688635e-09,1.80301619e-09,1.78780011e-09,1.79484263e-09,1.82714969e-09,1.81064054e-09,1.81665694e-09,1.84766407e-09,1.82994159e-09,1.8350507e-09,1.86502401e-09,1.84635419e-09,1.85077084e-09,1.87956326e-09,1.8600256e-09,,,,,,,,,1.86388443e-09,,,,,,,,1.8924898e-09,1.87237997e-09,1.87584572e-09,1.90397054e-09,1.88348496e-09,1.88672742e-09,1.91397605e-09,1.89305887e-09,1.89606892e-09,1.92359064e-09,1.90262288e-09,1.905429e-09,1.93224359e-09,1.91101842e-09,1.91386413e-09,1.94106371e-09,1.91947134e-09,1.92212782e-09,1.94873075e-09,1.92726378e-09,1.93002304e-09,1.95707489e-09,1.93554842e-09,1.93808555e-09,1.96475636e-09,1.94300501e-09,1.94568272e-09,1.97276202e-09,1.95127909e-09,1.95408363e-09,1.98105586e-09,1.95886979e-09,1.96141294e-09,1.98854483e-09,1.96665959e-09,1.96934194e-09,1.99661321e-09,1.97502408e-09,1.97784327e-09,2.0055451e-09,1.98329843e-09,1.98585247e-09,2.01317559e-09,1.99113955e-09,1.99385268e-09,2.02428213e-09,2.0025957e-09,2.00548879e-09,2.03072518e-09,2.00868174e-09,2.01128815e-09,2.03887535e-09,2.01672679e-09,2.0194908e-09,2.04748235e-09,2.02573709e-09,2.02866863e-09,2.05730017e-09,2.03557733e-09,2.03826093e-09,2.0664174e-09,2.04417347e-09,2.04700993e-09,2.07581076e-09,2.05398113e-09,2.05697372e-09,2.0854524e-09,2.06405315e-09,2.06719279e-09,2.09607394e-09,2.07373841e-09,2.07665524e-09,2.10601506e-09,2.08419309e-09,2.08728192e-09,2.11747803e-09,2.09622209e-09,2.09949645e-09,2.12939724e-09,2.10718648e-09,2.11025084e-09
6500,1.5775537e-09,1.55449506e-09,1.55940276e-09,1.59198248e-09,1.57274994e-09,1.57961432e-09,1.61548544e-09,1.59857804e-09,,,,,,,,,1.60676208e-09,,,,,,,,,1.64274338e-09,,,,,,,,,1.62716439e-09,,,,,,,,,1.63608752e-09,,,,,,,,,1.67290668e-09,,,,,,,,,1.65875602e-09,,,,,,,,,1.66783182e-09,,,,,,,,,1.70454914e-09,,,,,,,,,1.69117893e-09,,,,,,,,,1.7004168e-09,,,,,,,,,1.73663982e-09,,,,,,,,,1.72299467e-09,1.73190075e-09,1.76806225e-09,1.75388827e-09,1.76185379e-09,1.79589525e-09,1.78069264e-09,1.78767487e-09,1.81989e-09,1.80338901e-09,1.80933718e-09,1.84026735e-09,1.82257919e-09,1.82763327e-09,1.85751021e-09,1.83887102e-09,1.84323442e-09,1.87197192e-09,1.85247158e-09,,,,,,,,,1.85627326e-09,,,,,,,,1.88465821e-09,1.8647168e-09,1.86814088e-09,1.89617325e-09,1.8757071e-09,1.87888394e-09,1.90612216e-09,1.88521362e-09,1.88815436e-09,1.91555141e-09,1.89465382e-09,1.89744367e-09,1.92407824e-09,1.90282521e-09,1.90558899e-09,1.93273734e-09,1.91139482e-09,1.91396424e-09,1.94037837e-09,1.91888314e-09,1.92155238e-09,1.94854423e-09,1.92723161e-09,1.92984918e-09,1.95617245e-09,1.93436078e-09,1.93692835e-09,1.96393332e-09,1.94239149e-09,1.94508527e-09,1.97217298e-09,1.95035402e-09,1.95278305e-09,1.9795323e-09,1.95757603e-09,1.96014601e-09,1.98729183e-09,1.96561601e-09,1.96831352e-09,1.99568965e-09,1.97419966e-09,1.9766286e-09,2.00369981e-09,1.98157719e-09,1.98416545e-09,2.0142996e-09,1.99255551e-09,1.99533153e-09,2.0203942e-09,1.99882545e-09,2.0013235e-09,2.02871123e-09,2.00651728e-09,2.00917522e-09,2.03707021e-09,2.01525605e-09,2.01807049e-09,2.04627012e-09,2.02485893e-09,2.02762331e-09,2.05549114e-09,2.0331892e-09,2.03590681e-09,2.06439683e-09,2.04248869e-09,2.04535059e-09,2.0734885e-09,2.05196078e-09,2.05496327e-09,2.08425024e-09,2.06182597e-09,2.06460934e-09,2.09357899e-09,2.07164027e-09,2.07459083e-09,2.10443821e-09,2.08304131e-09,2.08616376e-09,2.11664826e-09,2.09431924e-09,2.09722988e-09
6600,1.57217901e-09,1.54920297e-09,1.55421638e-09,1.58695163e-09,1.56798888e-09,1.5745885e-09,1.61006043e-09,1.59334048e-09,,,,,,,,,1.60142471e-09,,,,,,,,,1.63711139e-09,,,,,,,,,1.62150153e-09,,,,,,,,,1.63043012e-09,,,,,,,,,1.6672579e-09,,,,,,,,,1.65306542e-09,,,,,,,,,1.66201203e-09,,,,,,,,,1.69841982e-09,,,,,,,,,1.68499784e-09,,,,,,,,,1.69414813e-09,,,,,,,,,1.73012725e-09,,,,,,,,,1.71649561e-09,1.72530297e-09,1.76137389e-09,1.74718573e-09,1.75506349e-09,1.78896899e-09,1.77377042e-09,1.78068544e-09,1.81297343e-09,1.79649033e-09,1.80237489e-09,1.83311319e-09,1.81545554e-09,1.82045602e-09,1.85026142e-09,1.83164509e-09,1.83595158e-09,1.86462471e-09,1.84516331e-09,,,,,,,,,1.84890943e-09,,,,,,,,1.87722362e-09,1.85730554e-09,1.86069691e-09,1.88864536e-09,1.86821034e-09,1.87133417e-09,1.89850255e-09,1.87763688e-09,1.88051793e-09,1.90776826e-09,1.88688318e-09,1.88971643e-09,1.91626358e-09,1.89503489e-09,1.89773071e-09,1.92483464e-09,1.90359291e-09,1.90609956e-09,1.93244077e-09,1.91096004e-09,1.91355747e-09,1.9403655e-09,1.91905259e-09,1.92173064e-09,1.94794738e-09,1.9261306e-09,1.92861464e-09,1.95546596e-09,1.93391226e-09,1.93652195e-09,1.9634272e-09,1.94190543e-09,1.94425331e-09,1.97086218e-09,1.94890114e-09,1.95138235e-09,1.978368e-09,1.95668279e-09,1.9592894e-09,1.98643961e-09,1.96507007e-09,1.96758326e-09,1.99444832e-09,1.97232381e-09,1.97482482e-09,2.00470023e-09,1.98290609e-09,1.98557306e-09,2.01041381e-09,1.98897128e-09,1.99176091e-09,2.01889087e-09,1.99664666e-09,1.99919075e-09,2.02698461e-09,2.00510171e-09,2.00779642e-09,2.03573813e-09,2.01423394e-09,2.0170755e-09,2.04495713e-09,2.02259158e-09,2.02519663e-09,2.05362349e-09,2.03163591e-09,2.03438098e-09,2.06215783e-09,2.04053533e-09,2.04341062e-09,2.07254677e-09,2.05059954e-09,2.05326865e-09,2.08185376e-09,2.05981228e-09,2.06263357e-09,2.09214606e-09,2.07061096e-09,2.07359514e-09,2.10364486e-09,2.08190758e-09,2.08469482e-09
6700,1.56696684e-09,1.54413019e-09,1.54917909e-09,1.58166817e-09,1.56278771e-09,1.56931323e-09,1.60478563e-09,1.58812386e-09,,,,,,,,,1.59612435e-09,,,,,,,,,1.63178229e-09,,,,,,,,,1.61618549e-09,,,,,,,,,1.62502165e-09,,,,,,,,,1.66157405e-09,,,,,,,,,1.64733361e-09,,,,,,,,,1.656191e-09,,,,,,,,,1.69248208e-09,,,,,,,,,1.67903628e-09,,,,,,,,,1.68807937e-09,,,,,,,,,1.72387003e-09,,,,,,,,,1.71021736e-09,1.7189377e-09,1.75492684e-09,1.74068706e-09,1.74846504e-09,1.78227928e-09,1.76708967e-09,1.77393566e-09,1.80615732e-09,1.78968305e-09,1.79550876e-09,1.82619988e-09,1.80856698e-09,1.81351612e-09,1.84321727e-09,1.82462889e-09,1.82888441e-09,1.85746097e-09,1.8380508e-09,,,,,,,,,1.84175706e-09,,,,,,,,1.87006869e-09,1.85017009e-09,1.85354095e-09,1.88136721e-09,1.86095553e-09,1.86402059e-09,1.89110575e-09,1.87032421e-09,1.87314475e-09,1.90025911e-09,1.87938984e-09,1.88218558e-09,1.90872733e-09,1.88751046e-09,1.89013476e-09,1.91704383e-09,1.89592352e-09,1.89839759e-09,1.92469051e-09,1.90321704e-09,1.90573848e-09,1.93242917e-09,1.91110574e-09,1.91370662e-09,1.94001136e-09,1.91817477e-09,1.9205765e-09,1.94724032e-09,1.92565677e-09,1.92817714e-09,1.95501992e-09,1.93368544e-09,1.93618267e-09,1.96256769e-09,1.94058138e-09,1.94297537e-09,1.96977876e-09,1.9480576e-09,1.95056873e-09,1.97756222e-09,1.95614497e-09,1.95879637e-09,1.98568194e-09,1.96352282e-09,1.96592408e-09,1.99547677e-09,1.9736401e-09,1.97620658e-09,2.00097102e-09,1.97946654e-09,1.98215271e-09,2.00951767e-09,1.9872317e-09,1.98967454e-09,2.01729277e-09,1.99535621e-09,1.99794429e-09,2.02566266e-09,2.00408458e-09,2.00681181e-09,2.03496e-09,2.01255568e-09,2.01504889e-09,2.04314611e-09,2.02107426e-09,2.02370628e-09,2.05141861e-09,2.02971854e-09,2.03248221e-09,2.06122604e-09,2.03977362e-09,2.0423276e-09,2.07058947e-09,2.04847283e-09,2.05117336e-09,2.08040568e-09,2.05876421e-09,2.06162139e-09,2.09128376e-09,2.07014154e-09,2.07291849e-09
6800,1.56190206e-09,1.5392481e-09,1.54429325e-09,1.57667059e-09,1.55764242e-09,1.56431337e-09,1.59964592e-09,1.58305565e-09,,,,,,,,,1.59096643e-09,,,,,,,,,1.62645951e-09,,,,,,,,,1.61088023e-09,,,,,,,,,1.61963185e-09,,,,,,,,,1.65604062e-09,,,,,,,,,1.64177183e-09,,,,,,,,,1.65050773e-09,,,,,,,,,1.6867053e-09,,,,,,,,,1.67324602e-09,,,,,,,,,1.68219595e-09,,,,,,,,,1.71784475e-09,,,,,,,,,1.70415556e-09,1.71278717e-09,1.748659e-09,1.73442014e-09,1.74213676e-09,1.77581264e-09,1.76062722e-09,1.7674049e-09,1.79954488e-09,1.78307924e-09,1.78884929e-09,1.81950686e-09,1.80189518e-09,1.80679312e-09,1.83639262e-09,1.81783177e-09,1.8220381e-09,1.85056997e-09,1.8311944e-09,,,,,,,,,1.8348521e-09,,,,,,,,1.8631104e-09,1.84321607e-09,1.84646525e-09,1.87432601e-09,1.8539418e-09,1.8569533e-09,1.8839173e-09,1.86322864e-09,1.86600362e-09,1.89300494e-09,1.87215273e-09,1.87488627e-09,1.90144998e-09,1.88024933e-09,1.88281109e-09,1.9096548e-09,1.88853962e-09,1.89107898e-09,1.9172099e-09,1.89574393e-09,1.89820333e-09,1.92476423e-09,1.90344071e-09,1.90596716e-09,1.93240293e-09,1.91056084e-09,1.91288299e-09,1.93936945e-09,1.91776932e-09,1.92020613e-09,1.94695837e-09,1.92559064e-09,1.92813816e-09,1.95460154e-09,1.93259795e-09,1.93490458e-09,1.96154705e-09,1.93979818e-09,1.94222273e-09,1.96905498e-09,1.94759462e-09,1.95015095e-09,1.97724963e-09,1.95506929e-09,1.95738712e-09,1.98663293e-09,1.96476408e-09,1.96723282e-09,1.99192209e-09,1.97036804e-09,1.97295416e-09,2.0005436e-09,1.97823177e-09,1.98058511e-09,2.00800468e-09,1.98602996e-09,1.98851979e-09,2.01600885e-09,1.99437006e-09,1.99699305e-09,2.02488672e-09,2.00293452e-09,2.00532843e-09,2.0331695e-09,2.01104469e-09,2.01356917e-09,2.04111882e-09,2.01935088e-09,2.02199845e-09,2.05044942e-09,2.02909048e-09,2.03187408e-09,2.05986071e-09,2.03767833e-09,2.04027378e-09,2.0691934e-09,2.04746825e-09,2.05020506e-09,2.07969327e-09,2.05842458e-09,2.06130742e-09
6900,1.55709218e-09,1.53458594e-09,1.53955033e-09,1.57213672e-09,1.55319821e-09,1.55979093e-09,1.59466033e-09,1.57813084e-09,,,,,,,,,1.58596356e-09,,,,,,,,,1.6213191e-09,,,,,,,,,1.6057617e-09,,,,,,,,,1.61441705e-09,,,,,,,,,1.65068819e-09,,,,,,,,,1.63638902e-09,,,,,,,,,1.64503998e-09,,,,,,,,,1.68113981e-09,,,,,,,,,1.66761187e-09,,,,,,,,,1.6764514e-09,,,,,,,,,1.71199925e-09,,,,,,,,,1.69827988e-09,1.7068283e-09,1.74259183e-09,1.72832872e-09,1.73596775e-09,1.76951942e-09,1.75433628e-09,1.7610553e-09,1.79315774e-09,1.77670193e-09,1.782412e-09,1.81303793e-09,1.79545019e-09,1.80029502e-09,1.82979354e-09,1.81125885e-09,1.81541477e-09,1.84402537e-09,1.8246879e-09,,,,,,,,,1.82830297e-09,,,,,,,,1.85653136e-09,1.83667611e-09,1.83994622e-09,1.86748123e-09,1.84712509e-09,1.85008431e-09,1.87701711e-09,1.85640594e-09,1.85912761e-09,1.88584287e-09,1.86499382e-09,1.8676709e-09,1.89450235e-09,1.87332647e-09,1.87583118e-09,1.90244293e-09,1.88133238e-09,1.8838672e-09,1.90999064e-09,1.88853612e-09,1.8909264e-09,1.91737941e-09,1.89605925e-09,1.89851896e-09,1.92502329e-09,1.90324494e-09,1.9054927e-09,1.93182694e-09,1.91020751e-09,1.91256086e-09,1.9391443e-09,1.9177451e-09,1.92020983e-09,1.9468401e-09,1.92480124e-09,1.92702761e-09,1.95362448e-09,1.93184799e-09,1.9341892e-09,1.96087293e-09,1.93937006e-09,1.94183717e-09,1.96895522e-09,1.94685415e-09,1.94907945e-09,1.97815453e-09,1.95625327e-09,1.95863189e-09,1.98326862e-09,1.96166344e-09,1.96415249e-09,1.99160261e-09,1.9696115e-09,1.97187486e-09,1.99911319e-09,1.97710105e-09,1.97950039e-09,2.00677765e-09,1.98507625e-09,1.98760326e-09,2.01525608e-09,1.99376543e-09,1.99606978e-09,2.02376796e-09,2.001605e-09,2.00403097e-09,2.03120419e-09,2.00937143e-09,2.0119135e-09,2.04011102e-09,2.01866142e-09,2.02133961e-09,2.04959055e-09,2.02735252e-09,2.02984106e-09,2.05851165e-09,2.03671182e-09,2.03934274e-09,2.06852825e-09,2.04715826e-09,2.04992145e-09
7000,1.55243627e-09,1.53003185e-09,1.53489956e-09,1.56743753e-09,1.54851867e-09,1.55508707e-09,1.58983883e-09,1.57337386e-09,,,,,,,,,1.58112793e-09,,,,,,,,,1.61634337e-09,,,,,,,,,1.60080925e-09,,,,,,,,,1.60938996e-09,,,,,,,,,1.64549998e-09,,,,,,,,,1.63117916e-09,,,,,,,,,1.63971946e-09,,,,,,,,,1.67575559e-09,,,,,,,,,1.66219746e-09,,,,,,,,,1.67094256e-09,,,,,,,,,1.70632248e-09,,,,,,,,,1.69257792e-09,1.70104162e-09,1.73684882e-09,1.72254097e-09,1.73008142e-09,1.76352777e-09,1.74834022e-09,1.75500329e-09,1.78704254e-09,1.77059719e-09,1.77625376e-09,1.80697224e-09,1.78940417e-09,1.79419871e-09,1.82354021e-09,1.80503013e-09,1.80913655e-09,1.8376166e-09,1.81831221e-09,,,,,,,,,1.82187917e-09,,,,,,,,1.8500392e-09,1.83020705e-09,1.83342643e-09,1.86084683e-09,1.84051795e-09,1.84342675e-09,1.87033401e-09,1.84978375e-09,1.85245067e-09,1.87905378e-09,1.85821864e-09,1.86083617e-09,1.88774034e-09,1.86657039e-09,1.86901299e-09,1.89547385e-09,1.87437039e-09,1.87683967e-09,1.90320822e-09,1.8817362e-09,1.88404562e-09,1.91024991e-09,1.88893263e-09,1.89132263e-09,1.91768139e-09,1.89611985e-09,1.89831499e-09,1.92453726e-09,1.90290353e-09,1.90518172e-09,1.9316619e-09,1.91024236e-09,1.91262956e-09,1.93926661e-09,1.91740274e-09,1.9195492e-09,1.94597559e-09,1.92418106e-09,1.92643935e-09,1.95302733e-09,1.93148891e-09,1.93386728e-09,1.96077642e-09,1.93904973e-09,1.94120174e-09,1.97001669e-09,1.9480895e-09,1.95038557e-09,1.97495962e-09,1.9533144e-09,1.95572086e-09,1.98293683e-09,1.96133267e-09,1.96351146e-09,1.9905834e-09,1.96853726e-09,1.97084976e-09,1.99797043e-09,1.97622068e-09,1.97864921e-09,2.0060535e-09,1.98461505e-09,1.98715935e-09,2.01468768e-09,1.99248068e-09,1.99481308e-09,2.02188127e-09,1.99991633e-09,2.00233815e-09,2.03034145e-09,2.00885101e-09,2.01143707e-09,2.03977578e-09,2.01752585e-09,2.01992418e-09,2.04830215e-09,2.02646109e-09,2.0290021e-09,2.05795671e-09,2.03648548e-09,2.03914548e-09
7100,1.54778952e-09,1.52549944e-09,1.53040411e-09,1.56279797e-09,1.54397587e-09,1.55049326e-09,1.58509517e-09,1.56867457e-09,,,,,,,,,1.57633565e-09,,,,,,,,,1.61151046e-09,,,,,,,,,1.59600159e-09,,,,,,,,,1.6044966e-09,,,,,,,,,1.6404833e-09,,,,,,,,,1.62611723e-09,,,,,,,,,1.63458074e-09,,,,,,,,,1.67053557e-09,,,,,,,,,1.65694199e-09,,,,,,,,,1.66559909e-09,,,,,,,,,1.70086577e-09,,,,,,,,,1.68706904e-09,1.69543486e-09,1.73130404e-09,1.7169973e-09,1.72446933e-09,1.75770003e-09,1.7425171e-09,1.74912047e-09,1.78104243e-09,1.76460102e-09,1.77020196e-09,1.80090195e-09,1.78335588e-09,1.78810339e-09,1.81734424e-09,1.79886217e-09,1.80293403e-09,1.83136052e-09,1.81208723e-09,,,,,,,,,1.81561161e-09,,,,,,,,1.8437038e-09,1.82389736e-09,1.82706978e-09,1.85442462e-09,1.8341226e-09,1.83698602e-09,1.86388051e-09,1.8433883e-09,1.84601075e-09,1.8725082e-09,1.85169203e-09,1.85425704e-09,1.88121992e-09,1.86006239e-09,1.86244553e-09,1.88874399e-09,1.86764884e-09,1.87005844e-09,1.89646324e-09,1.87500262e-09,1.87725394e-09,1.90335294e-09,1.88204102e-09,1.88436857e-09,1.91067033e-09,1.88929678e-09,1.89142647e-09,1.91750949e-09,1.89586309e-09,1.89807091e-09,1.92442273e-09,1.90298275e-09,1.90529024e-09,1.93181475e-09,1.91031801e-09,1.91239366e-09,1.93863298e-09,1.9168184e-09,1.9190014e-09,1.94546109e-09,1.923886e-09,1.9261827e-09,1.95290638e-09,1.93155375e-09,1.93362531e-09,1.9623707e-09,1.94032474e-09,1.94251026e-09,1.9669876e-09,1.94529156e-09,1.94760376e-09,1.97460221e-09,1.95320654e-09,1.95552853e-09,1.98238324e-09,1.96029969e-09,1.96252285e-09,1.98953373e-09,1.96773426e-09,1.97007178e-09,1.99719003e-09,1.97570688e-09,1.97816368e-09,2.00602319e-09,1.98376505e-09,1.9860103e-09,2.01272069e-09,1.9908133e-09,1.99317771e-09,2.02092336e-09,1.99936664e-09,2.00185247e-09,2.03019344e-09,2.00815287e-09,2.01046715e-09,2.03861064e-09,2.01670846e-09,2.01914894e-09,2.047916e-09,2.02636415e-09,2.02891631e-09
7200,1.54325943e-09,1.52109994e-09,1.52602648e-09,1.55830353e-09,1.53956028e-09,1.54600227e-09,1.58053686e-09,1.56416311e-09,,,,,,,,,1.57176317e-09,,,,,,,,,1.6068154e-09,,,,,,,,,1.59132756e-09,,,,,,,,,1.59974622e-09,,,,,,,,,1.63559558e-09,,,,,,,,,1.62121695e-09,,,,,,,,,1.62959295e-09,,,,,,,,,1.66547356e-09,,,,,,,,,1.65185092e-09,,,,,,,,,1.66042211e-09,,,,,,,,,1.69556297e-09,,,,,,,,,1.68176042e-09,1.69005028e-09,1.72581867e-09,1.71150405e-09,1.71889677e-09,1.75205495e-09,1.73684811e-09,1.74338023e-09,1.77523845e-09,1.7588087e-09,1.76435365e-09,1.79500216e-09,1.77747933e-09,1.78218266e-09,1.81134666e-09,1.7928903e-09,1.79691502e-09,1.82530064e-09,1.80605748e-09,,,,,,,,,1.8095397e-09,,,,,,,,1.83743383e-09,1.81765653e-09,1.82079289e-09,1.84820652e-09,1.82792856e-09,1.83074861e-09,1.85762384e-09,1.83714313e-09,1.83976025e-09,1.86617053e-09,1.84536944e-09,1.84788384e-09,1.87474805e-09,1.85369171e-09,1.85602327e-09,1.88225426e-09,1.86116157e-09,1.86351418e-09,1.88994818e-09,1.86849941e-09,1.87069353e-09,1.89669851e-09,1.87538959e-09,1.87765628e-09,1.90388072e-09,1.88268633e-09,1.8847555e-09,1.91071993e-09,1.88906733e-09,1.89121134e-09,1.91744077e-09,1.8959852e-09,1.89821905e-09,1.924615e-09,1.9033708e-09,1.90548848e-09,1.93154501e-09,1.90970969e-09,1.91181867e-09,1.93817706e-09,1.91657514e-09,1.91879459e-09,1.94535699e-09,1.92401834e-09,1.92634843e-09,1.95461945e-09,1.9326499e-09,1.93479106e-09,1.95930778e-09,1.93758371e-09,1.93981718e-09,1.96662493e-09,1.94518969e-09,1.94754078e-09,1.97450888e-09,1.95239888e-09,1.95453998e-09,1.9813926e-09,1.9595635e-09,1.96182077e-09,1.98877718e-09,1.96724376e-09,1.96961465e-09,1.99723238e-09,1.97530245e-09,1.97745923e-09,2.00411348e-09,1.98212905e-09,1.98439366e-09,2.01195392e-09,1.99029158e-09,1.99267641e-09,2.0207099e-09,1.99931821e-09,2.00153428e-09,2.02939514e-09,2.00740001e-09,2.00973974e-09,2.0383442e-09,2.01671699e-09,2.01917225e-09
7300,1.53884203e-09,1.51681894e-09,1.5217623e-09,1.55393599e-09,1.53526351e-09,1.54163338e-09,1.57615011e-09,1.55983899e-09,,,,,,,,,1.56736813e-09,,,,,,,,,1.60224529e-09,,,,,,,,,1.58678659e-09,,,,,,,,,1.59513181e-09,,,,,,,,,1.63086242e-09,,,,,,,,,1.61646118e-09,,,,,,,,,1.62475345e-09,,,,,,,,,1.66072121e-09,,,,,,,,,1.64709169e-09,,,,,,,,,1.65558392e-09,,,,,,,,,1.69043385e-09,,,,,,,,,1.67660355e-09,1.68481803e-09,1.72048608e-09,1.70613961e-09,1.71347103e-09,1.74653338e-09,1.73132692e-09,1.73779815e-09,1.76964218e-09,1.75321982e-09,1.75871179e-09,1.78929893e-09,1.77179581e-09,1.77645871e-09,1.80557693e-09,1.78714087e-09,1.79112296e-09,1.81946992e-09,1.80025571e-09,,,,,,,,,1.80369614e-09,,,,,,,,1.83150795e-09,1.81175365e-09,1.81484492e-09,1.84217774e-09,1.82192666e-09,1.82470181e-09,1.85155181e-09,1.83108702e-09,1.83368708e-09,1.86002728e-09,1.83924714e-09,1.8417137e-09,1.86849358e-09,1.84753464e-09,1.84981718e-09,1.87595899e-09,1.85487143e-09,1.85717178e-09,1.88354235e-09,1.86219681e-09,1.864337e-09,1.89021886e-09,1.86890884e-09,1.87112006e-09,1.89732666e-09,1.87615201e-09,1.87831044e-09,1.90416771e-09,1.88251229e-09,1.88459903e-09,1.91071795e-09,1.88923906e-09,1.89140334e-09,1.9176715e-09,1.89640741e-09,1.89867441e-09,1.92472884e-09,1.9028717e-09,1.90491196e-09,1.9311374e-09,1.909513e-09,1.91165734e-09,1.93807883e-09,1.91670339e-09,1.91895416e-09,1.94710602e-09,1.9257135e-09,1.92799588e-09,1.95191748e-09,1.93017212e-09,1.93233138e-09,1.95898327e-09,1.93751455e-09,1.93978294e-09,1.96693705e-09,1.94480626e-09,1.94687711e-09,1.9735816e-09,1.9517186e-09,1.95390152e-09,1.9807012e-09,1.95911956e-09,1.96140551e-09,1.98882175e-09,1.96731217e-09,1.9693943e-09,1.99566379e-09,1.97374796e-09,1.97596317e-09,2.00343303e-09,1.98171336e-09,1.98400502e-09,2.01156017e-09,1.99012349e-09,1.99251311e-09,2.02070892e-09,1.99859336e-09,2.00080959e-09,2.02915626e-09,2.00745651e-09,2.00982447e-09
7400,1.53482353e-09,1.51291659e-09,1.51749608e-09,1.5496898e-09,1.53110956e-09,1.53741974e-09,1.57217055e-09,1.5559094e-09,,,,,,,,,1.56336806e-09,,,,,,,,,1.59783176e-09,,,,,,,,,1.58239271e-09,,,,,,,,,1.59064984e-09,,,,,,,,,1.62627896e-09,,,,,,,,,1.61186162e-09,,,,,,,,,1.62008041e-09,,,,,,,,,1.65614043e-09,,,,,,,,,1.64224729e-09,,,,,,,,,1.65052372e-09,,,,,,,,,1.68559629e-09,,,,,,,,,1.6717526e-09,1.6798916e-09,1.71529416e-09,1.70092556e-09,1.70819884e-09,1.7411883e-09,1.72597748e-09,1.73239385e-09,1.76419551e-09,1.74778253e-09,1.75322269e-09,1.78379433e-09,1.76631106e-09,1.77093143e-09,1.79995884e-09,1.78155024e-09,1.7854906e-09,1.81390192e-09,1.79469893e-09,,,,,,,,,1.7981096e-09,,,,,,,,1.82576426e-09,1.80603294e-09,1.80908134e-09,1.83635011e-09,1.81612313e-09,1.81885784e-09,1.84570044e-09,1.82524842e-09,1.82783479e-09,1.85416261e-09,1.83339162e-09,1.83579712e-09,1.8624627e-09,1.8416036e-09,1.84383925e-09,1.8699001e-09,1.84881936e-09,1.85106212e-09,1.87735197e-09,1.85614548e-09,1.85823528e-09,1.88398709e-09,1.86267266e-09,1.86482632e-09,1.8909839e-09,1.86979524e-09,1.87200261e-09,1.89786968e-09,1.8762128e-09,1.87823543e-09,1.90422736e-09,1.88272108e-09,1.88482431e-09,1.91103196e-09,1.88973034e-09,1.8919209e-09,1.91822233e-09,1.89633638e-09,1.89830813e-09,1.9243969e-09,1.90273853e-09,1.90481018e-09,1.93109921e-09,1.90967626e-09,1.91185592e-09,1.9404572e-09,1.91843282e-09,1.9204311e-09,1.94483487e-09,1.92305434e-09,1.92513536e-09,1.95163404e-09,1.93011743e-09,1.93230345e-09,1.95949024e-09,1.93757613e-09,1.9395704e-09,1.96613367e-09,1.94423242e-09,1.94633538e-09,1.97299121e-09,1.95135288e-09,1.95355148e-09,1.98077403e-09,1.95937085e-09,1.96165901e-09,1.98735581e-09,1.96568638e-09,1.96790541e-09,1.99553286e-09,1.97415484e-09,1.97621684e-09,2.00354687e-09,1.98157864e-09,1.98375928e-09,2.0113531e-09,1.98973405e-09,1.99202419e-09,2.02042406e-09,1.99866019e-09,2.00093734e-09
7500,1.53050237e-09,1.50872108e-09,1.51350366e-09,1.54568834e-09,1.52694349e-09,1.53339378e-09,1.56811912e-09,1.5517134e-09,,,,,,,,,1.55901854e-09,,,,,,,,,1.59333277e-09,,,,,,,,,1.57819633e-09,,,,,,,,,1.58630128e-09,,,,,,,,,1.6218089e-09,,,,,,,,,1.60725446e-09,,,,,,,,,1.61560647e-09,,,,,,,,,1.65121696e-09,,,,,,,,,1.6372073e-09,,,,,,,,,1.64569256e-09,,,,,,,,,1.68110829e-09,,,,,,,,,1.66738461e-09,1.67541031e-09,1.710253e-09,1.69588126e-09,1.7030823e-09,1.73587944e-09,1.72057685e-09,1.72687558e-09,1.75911595e-09,1.74263235e-09,1.74799414e-09,1.77824813e-09,1.76079284e-09,1.76537797e-09,1.79445606e-09,1.7760469e-09,1.77994272e-09,1.80832724e-09,1.78915307e-09,,,,,,,,,1.79252638e-09,,,,,,,,1.82027535e-09,1.80056925e-09,1.80357753e-09,1.83064167e-09,1.81045504e-09,1.81315868e-09,1.83994699e-09,1.81953197e-09,1.82202966e-09,1.84847821e-09,1.82775973e-09,1.83014113e-09,1.85663045e-09,1.83570383e-09,1.83790989e-09,1.8639278e-09,1.84289417e-09,1.84510479e-09,1.8712277e-09,1.84993307e-09,1.85200878e-09,1.8779184e-09,1.85667882e-09,1.85880627e-09,1.88484757e-09,1.86365694e-09,1.86560029e-09,1.89139702e-09,1.8698582e-09,1.87187431e-09,1.89789559e-09,1.87650158e-09,1.8785902e-09,1.90468413e-09,1.88345472e-09,1.8856138e-09,1.91152217e-09,1.88972375e-09,1.89167097e-09,1.9177279e-09,1.89615363e-09,1.89820321e-09,1.92446166e-09,1.9031204e-09,1.90526944e-09,1.93358582e-09,1.91169207e-09,1.91362535e-09,1.93775941e-09,1.91608187e-09,1.91813439e-09,1.94461147e-09,1.9231818e-09,1.92533951e-09,1.9522904e-09,1.93022864e-09,1.9321965e-09,1.95867647e-09,1.93687029e-09,1.93893532e-09,1.96544583e-09,1.94388928e-09,1.94605355e-09,1.97335545e-09,1.95199861e-09,1.95396478e-09,1.98037946e-09,1.9582832e-09,1.96031412e-09,1.98740068e-09,1.96559255e-09,1.96772909e-09,1.99498341e-09,1.97351644e-09,1.97576291e-09,2.0038321e-09,1.9818745e-09,1.98396644e-09,2.01181851e-09,1.99018948e-09,1.99243181e-09
7600,1.52661708e-09,1.50493936e-09,1.50954602e-09,1.54140569e-09,1.52257398e-09,1.52900857e-09,1.56379138e-09,1.54752129e-09,,,,,,,,,1.55483794e-09,,,,,,,,,1.58913194e-09,,,,,,,,,1.57373795e-09,,,,,,,,,1.58183277e-09,,,,,,,,,1.6174716e-09,,,,,,,,,1.60293069e-09,,,,,,,,,1.61136733e-09,,,,,,,,,1.64699968e-09,,,,,,,,,1.63315868e-09,,,,,,,,,1.64133767e-09,,,,,,,,,1.67602773e-09,,,,,,,,,1.66213525e-09,1.67013329e-09,1.70535028e-09,1.69096596e-09,1.69810791e-09,1.73092336e-09,1.71569272e-09,1.72200459e-09,1.75397246e-09,1.73750934e-09,1.74282759e-09,1.77295809e-09,1.75551349e-09,1.7600502e-09,1.78889569e-09,1.77051052e-09,1.77436359e-09,1.80270684e-09,1.78356576e-09,,,,,,,,,1.78689786e-09,,,,,,,,1.81433039e-09,1.79464271e-09,1.79760659e-09,1.82514667e-09,1.80499782e-09,1.80765553e-09,1.83438514e-09,1.81396651e-09,1.81646251e-09,1.84276448e-09,1.8220268e-09,1.82434758e-09,1.85070697e-09,1.82991463e-09,1.83216822e-09,1.85811009e-09,1.83705513e-09,1.83920793e-09,1.86527586e-09,1.84426815e-09,1.84630225e-09,1.87205097e-09,1.85074729e-09,1.85279189e-09,1.87881886e-09,1.85762728e-09,1.85972396e-09,1.88581706e-09,1.86416596e-09,1.86608483e-09,1.89186896e-09,1.87035271e-09,1.87233312e-09,1.89840879e-09,1.87706505e-09,1.87912035e-09,1.90540011e-09,1.88392296e-09,1.88577802e-09,1.91167406e-09,1.88996632e-09,1.89190859e-09,1.91798804e-09,1.89651486e-09,1.89855884e-09,1.92676835e-09,1.90522482e-09,1.9070938e-09,1.93154243e-09,1.90970211e-09,1.91164896e-09,1.93785837e-09,1.91628113e-09,1.91833235e-09,1.9450089e-09,1.92368034e-09,1.92568016e-09,1.95196763e-09,1.93000787e-09,1.93196951e-09,1.9585587e-09,1.93683567e-09,1.9388833e-09,1.96563192e-09,1.94413586e-09,1.94627032e-09,1.97271916e-09,1.95070727e-09,1.95269805e-09,1.97965157e-09,1.95792191e-09,1.96002054e-09,1.98732027e-09,1.96592796e-09,1.96813562e-09,1.99567318e-09,1.97367185e-09,1.97573416e-09,2.00399214e-09,1.98212268e-09,1.98424127e-09
7700,1.52265936e-09,1.50109296e-09,1.50568541e-09,1.53753043e-09,1.51913299e-09,1.52516956e-09,1.55984173e-09,1.54357735e-09,,,,,,,,,1.55083743e-09,,,,,,,,,1.58505428e-09,,,,,,,,,1.56968619e-09,,,,,,,,,1.57771508e-09,,,,,,,,,1.6132725e-09,,,,,,,,,1.59872248e-09,,,,,,,,,1.60709328e-09,,,,,,,,,1.64256236e-09,,,,,,,,,1.62869267e-09,,,,,,,,,1.63680096e-09,,,,,,,,,1.67192688e-09,,,,,,,,,1.65798209e-09,1.66589943e-09,1.69996263e-09,1.68556936e-09,1.69265621e-09,1.72612873e-09,1.71092308e-09,1.71718783e-09,1.74894892e-09,1.73249489e-09,1.73776922e-09,1.76755699e-09,1.75015362e-09,1.75466068e-09,1.78373864e-09,1.76537361e-09,1.76918916e-09,1.79750779e-09,1.77838079e-09,,,,,,,,,1.78167049e-09,,,,,,,,1.80936294e-09,1.78969026e-09,1.79262318e-09,1.81981614e-09,1.79971005e-09,1.80233141e-09,1.82899324e-09,1.80859021e-09,1.81104559e-09,1.83734018e-09,1.81662194e-09,1.81890149e-09,1.84517072e-09,1.8243888e-09,1.82662343e-09,1.85251519e-09,1.83145569e-09,1.83355229e-09,1.85960066e-09,1.83859433e-09,1.84071171e-09,1.86639131e-09,1.8450929e-09,1.84708321e-09,1.87308707e-09,1.85188665e-09,1.85392876e-09,1.87987347e-09,1.85837842e-09,1.86023219e-09,1.88601036e-09,1.86448827e-09,1.86641159e-09,1.89237692e-09,1.8710078e-09,1.8730054e-09,1.8992091e-09,1.87803884e-09,1.87983634e-09,1.90557991e-09,1.88385728e-09,1.8857375e-09,1.91175135e-09,1.89023927e-09,1.89221101e-09,1.9201938e-09,1.89889998e-09,1.90097992e-09,1.92519908e-09,1.90333686e-09,1.90521789e-09,1.9313673e-09,1.90974486e-09,1.91172125e-09,1.93820036e-09,1.91682965e-09,1.91890115e-09,1.94535952e-09,1.9233609e-09,1.92525431e-09,1.95171942e-09,1.92994854e-09,1.93192989e-09,1.95852674e-09,1.9369779e-09,1.93903702e-09,1.96550336e-09,1.94388407e-09,1.94577425e-09,1.97257572e-09,1.95068611e-09,1.95267714e-09,1.9796916e-09,1.95811102e-09,1.96020284e-09,1.98767213e-09,1.96637865e-09,1.9684413e-09,1.99633095e-09,1.97441857e-09,1.97646213e-09
7800,1.51864116e-09,1.49712646e-09,1.50199468e-09,1.53382871e-09,1.51542126e-09,1.52166292e-09,1.55612123e-09,1.53975118e-09,,,,,,,,,1.54706957e-09,,,,,,,,,1.58126521e-09,,,,,,,,,1.56561866e-09,,,,,,,,,1.57367711e-09,,,,,,,,,1.60916377e-09,,,,,,,,,1.5946688e-09,,,,,,,,,1.60258348e-09,,,,,,,,,1.63814484e-09,,,,,,,,,1.62440087e-09,,,,,,,,,1.6325191e-09,,,,,,,,,1.66704148e-09,,,,,,,,,1.65300299e-09,1.6608146e-09,1.6953351e-09,1.68092244e-09,1.68795499e-09,1.72121093e-09,1.70592532e-09,1.71215072e-09,1.7441355e-09,1.72771727e-09,1.7329595e-09,1.76312022e-09,1.74562996e-09,1.7501036e-09,1.7788785e-09,1.76052666e-09,1.76430422e-09,1.7924322e-09,1.77333729e-09,,,,,,,,,1.77660025e-09,,,,,,,,1.80402909e-09,1.7843749e-09,1.78726402e-09,1.81462324e-09,1.79457897e-09,1.79717192e-09,1.82377991e-09,1.80337458e-09,1.8057835e-09,1.83202686e-09,1.811362e-09,1.81358055e-09,1.83966703e-09,1.81887411e-09,1.82106195e-09,1.84730793e-09,1.82622029e-09,1.82825786e-09,1.85408191e-09,1.83303627e-09,1.83508685e-09,1.86110758e-09,1.83977408e-09,1.84170034e-09,1.86746491e-09,1.84618868e-09,1.84814526e-09,1.87402482e-09,1.85287652e-09,1.85489906e-09,1.8805877e-09,1.85898059e-09,1.8608194e-09,1.8866253e-09,1.86518639e-09,1.86710127e-09,1.89301245e-09,1.87175315e-09,1.87374902e-09,1.8998837e-09,1.87807881e-09,1.87987913e-09,1.905769e-09,1.88415556e-09,1.88604052e-09,1.91370873e-09,1.89224348e-09,1.89420583e-09,1.91902005e-09,1.89750248e-09,1.89927592e-09,1.92525021e-09,1.90346719e-09,1.90533784e-09,1.93148139e-09,1.90993654e-09,1.91189769e-09,1.93856661e-09,1.91726292e-09,1.91906148e-09,1.94537369e-09,1.92345285e-09,1.9253333e-09,1.95177237e-09,1.93008372e-09,1.93204374e-09,1.95824268e-09,1.93686434e-09,1.9389213e-09,1.96587928e-09,1.94387215e-09,1.94577288e-09,1.97257807e-09,1.95086211e-09,1.95286226e-09,1.98005996e-09,1.95863904e-09,1.96072894e-09,1.98890377e-09,1.9671676e-09,1.96912204e-09
7900,1.51486742e-09,1.49343713e-09,1.49831624e-09,1.53035608e-09,1.51173324e-09,1.51813079e-09,1.55242567e-09,1.53559809e-09,,,,,,,,,1.54304596e-09,,,,,,,,,1.57754979e-09,,,,,,,,,1.56212272e-09,,,,,,,,,1.56963789e-09,,,,,,,,,1.60517165e-09,,,,,,,,,1.59073017e-09,,,,,,,,,1.59864406e-09,,,,,,,,,1.6339485e-09,,,,,,,,,1.62020258e-09,,,,,,,,,1.62826851e-09,,,,,,,,,1.66261112e-09,,,,,,,,,1.64862703e-09,1.65621436e-09,1.69082637e-09,1.67638862e-09,1.68335415e-09,1.71653027e-09,1.70108425e-09,1.70725523e-09,1.73878106e-09,1.72246734e-09,1.72770945e-09,1.75772875e-09,1.74030067e-09,1.7446998e-09,1.77391227e-09,1.75559943e-09,1.759353e-09,1.78740854e-09,1.76834822e-09,,,,,,,,,1.77158989e-09,,,,,,,,1.79908537e-09,1.77945303e-09,1.78229982e-09,1.80951788e-09,1.78948667e-09,1.79208575e-09,1.8187277e-09,1.79830604e-09,1.80066562e-09,1.82698184e-09,1.80639456e-09,1.80864551e-09,1.83460174e-09,1.81374974e-09,1.81585561e-09,1.84180861e-09,1.82096432e-09,1.82305644e-09,1.8486977e-09,1.82757319e-09,1.82954973e-09,1.85555571e-09,1.83450169e-09,1.83651369e-09,1.86221587e-09,1.84081739e-09,1.8426817e-09,1.86844884e-09,1.84717062e-09,1.84908174e-09,1.87493866e-09,1.85380522e-09,1.85563705e-09,1.88120624e-09,1.85962851e-09,1.86143832e-09,1.88725635e-09,1.86584941e-09,1.86773978e-09,1.8937253e-09,1.87249802e-09,1.87446224e-09,1.90030553e-09,1.87852295e-09,1.88029716e-09,1.9080315e-09,1.88630549e-09,1.88812314e-09,1.91255236e-09,1.89115417e-09,1.89309097e-09,1.91942449e-09,1.89784578e-09,1.89958853e-09,1.92560364e-09,1.90378998e-09,1.905613e-09,1.93180261e-09,1.9101953e-09,1.91210051e-09,1.93874004e-09,1.91737008e-09,1.91935603e-09,1.94578785e-09,1.92382492e-09,1.92565229e-09,1.95130483e-09,1.92968683e-09,1.93162279e-09,1.95860223e-09,1.93725068e-09,1.93927658e-09,1.96618503e-09,1.94422522e-09,1.94610499e-09,1.97302007e-09,1.95135292e-09,1.95332285e-09,1.9811139e-09,1.95977343e-09,1.96184625e-09
8000,1.511225e-09,1.4898888e-09,1.49485568e-09,1.52639298e-09,1.50821345e-09,1.51423416e-09,1.54886923e-09,1.53201659e-09,,,,,,,,,1.53927215e-09,,,,,,,,,1.57379375e-09,,,,,,,,,1.55851574e-09,,,,,,,,,1.56605718e-09,,,,,,,,,1.60124353e-09,,,,,,,,,1.58691221e-09,,,,,,,,,1.59483067e-09,,,,,,,,,1.62978497e-09,,,,,,,,,1.61598026e-09,,,,,,,,,1.62406513e-09,,,,,,,,,1.65899361e-09,,,,,,,,,1.64510048e-09,1.65269049e-09,1.68646661e-09,1.67197835e-09,1.67886388e-09,1.71231553e-09,1.69692486e-09,1.70295011e-09,1.73444275e-09,1.7181164e-09,1.7233264e-09,1.75331237e-09,1.73590368e-09,1.74028162e-09,1.76911974e-09,1.75077711e-09,1.75450794e-09,1.78269766e-09,1.76362853e-09,,,,,,,,,1.76682824e-09,,,,,,,,1.79423011e-09,1.77462798e-09,1.77744366e-09,1.80461657e-09,1.78457912e-09,1.78712852e-09,1.81365448e-09,1.79334349e-09,1.79565717e-09,1.82196e-09,1.80136909e-09,1.80357092e-09,1.82963734e-09,1.80879008e-09,1.81083253e-09,1.83670257e-09,1.81580101e-09,1.81782897e-09,1.84370126e-09,1.82253595e-09,1.82444531e-09,1.85035604e-09,1.82923265e-09,1.83116733e-09,1.85699856e-09,1.83587638e-09,1.83765706e-09,1.8631358e-09,1.84177419e-09,1.84361265e-09,1.8693957e-09,1.84816648e-09,1.850063e-09,1.87598154e-09,1.85455578e-09,1.85626609e-09,1.88189889e-09,1.86035227e-09,1.8621398e-09,1.88789503e-09,1.8665286e-09,1.86839328e-09,1.89444131e-09,1.87324264e-09,1.87507483e-09,1.90188578e-09,1.8805878e-09,1.8825147e-09,1.90667964e-09,1.88511569e-09,1.88694264e-09,1.91303724e-09,1.89166643e-09,1.89357502e-09,1.91991229e-09,1.89817097e-09,1.89989449e-09,1.92599773e-09,1.90420684e-09,1.90600366e-09,1.93224479e-09,1.910648e-09,1.9125163e-09,1.93906462e-09,1.91768462e-09,1.91962859e-09,1.94509837e-09,1.92373119e-09,1.92568514e-09,1.95243396e-09,1.9304812e-09,1.93229185e-09,1.95890512e-09,1.93722777e-09,1.93912995e-09,1.96609874e-09,1.94468418e-09,1.9466709e-09,1.97410452e-09,1.95249692e-09,1.95444757e-09
8100,1.50761794e-09,1.48650677e-09,1.49130517e-09,1.52380112e-09,1.5056085e-09,1.51158252e-09,1.54540003e-09,1.52899931e-09,,,,,,,,,1.53596418e-09,,,,,,,,,1.57010037e-09,,,,,,,,,1.55518759e-09,,,,,,,,,1.5629237e-09,,,,,,,,,1.59751061e-09,,,,,,,,,1.58322492e-09,,,,,,,,,1.59127809e-09,,,,,,,,,1.62597933e-09,,,,,,,,,1.61193938e-09,,,,,,,,,1.6197276e-09,,,,,,,,,1.65469981e-09,,,,,,,,,1.64089806e-09,1.64853804e-09,1.68232207e-09,1.66782083e-09,1.67465394e-09,1.70799499e-09,1.69275804e-09,1.69881627e-09,1.73017231e-09,1.71374967e-09,1.71886618e-09,1.74909307e-09,1.73171289e-09,1.73607671e-09,1.76479685e-09,1.74650588e-09,1.75019179e-09,1.77794308e-09,1.75893458e-09,,,,,,,,,1.76211708e-09,,,,,,,,1.78982339e-09,1.77024727e-09,1.77305267e-09,1.7999434e-09,1.77993617e-09,1.78243021e-09,1.80891212e-09,1.78858879e-09,1.79090507e-09,1.81709213e-09,1.79646243e-09,1.79861279e-09,1.82487173e-09,1.80415475e-09,1.80623715e-09,1.83210482e-09,1.81111022e-09,1.81305794e-09,1.83881002e-09,1.81784434e-09,1.81979644e-09,1.84532634e-09,1.82409307e-09,1.82593009e-09,1.85166009e-09,1.83050914e-09,1.83238931e-09,1.85815158e-09,1.83697968e-09,1.83868566e-09,1.86407944e-09,1.84262973e-09,1.84439238e-09,1.8700843e-09,1.84876106e-09,1.85058826e-09,1.87640161e-09,1.85522567e-09,1.85710424e-09,1.88284432e-09,1.861138e-09,1.86283381e-09,1.88852553e-09,1.86699528e-09,1.86876886e-09,1.89619734e-09,1.87488367e-09,1.87675292e-09,1.90162541e-09,1.87979469e-09,1.88147628e-09,1.90729312e-09,1.88565025e-09,1.88741597e-09,1.91345862e-09,1.89203168e-09,1.89388002e-09,1.92025248e-09,1.89879011e-09,1.90046775e-09,1.92656298e-09,1.90474983e-09,1.90650641e-09,1.93270236e-09,1.9111017e-09,1.91293157e-09,1.9387887e-09,1.91739208e-09,1.91929098e-09,1.94624099e-09,1.92427636e-09,1.9260311e-09,1.95249229e-09,1.93078046e-09,1.93262111e-09,1.95947963e-09,1.93802848e-09,1.93995466e-09,1.96797225e-09,1.94632621e-09,1.9481331e-09
8200,1.50442724e-09,1.4833387e-09,1.48806432e-09,1.52041749e-09,1.50221752e-09,1.50814034e-09,1.54195032e-09,1.52555001e-09,,,,,,,,,1.53245857e-09,,,,,,,,,1.56655473e-09,,,,,,,,,1.5516536e-09,,,,,,,,,1.55932645e-09,,,,,,,,,1.5937377e-09,,,,,,,,,1.57951537e-09,,,,,,,,,1.58749621e-09,,,,,,,,,1.62212969e-09,,,,,,,,,1.60805591e-09,,,,,,,,,1.61580279e-09,,,,,,,,,1.65068047e-09,,,,,,,,,1.63687992e-09,1.64446039e-09,1.67823495e-09,1.66371007e-09,1.67048001e-09,1.70375614e-09,1.68851021e-09,1.69452415e-09,1.72587286e-09,1.70943613e-09,1.71449909e-09,1.74471425e-09,1.72735233e-09,1.73168265e-09,1.76036504e-09,1.74209096e-09,1.7457435e-09,1.77347856e-09,1.7544588e-09,,,,,,,,,1.75759061e-09,,,,,,,,1.7852297e-09,1.76566113e-09,1.76842828e-09,1.79532465e-09,1.77534163e-09,1.7778066e-09,1.80425248e-09,1.78394595e-09,1.78622899e-09,1.81237072e-09,1.79176769e-09,1.79388565e-09,1.82009386e-09,1.79938892e-09,1.80143541e-09,1.82729196e-09,1.80632658e-09,1.8082437e-09,1.83394465e-09,1.81298379e-09,1.81489803e-09,1.84046693e-09,1.81924052e-09,1.82104014e-09,1.84669564e-09,1.82554552e-09,1.82738204e-09,1.8531224e-09,1.83207854e-09,1.8337695e-09,1.85905604e-09,1.83760954e-09,1.83932719e-09,1.86496135e-09,1.84363842e-09,1.8454186e-09,1.87117191e-09,1.84998974e-09,1.85182256e-09,1.87766505e-09,1.85595814e-09,1.8576106e-09,1.88324116e-09,1.86169701e-09,1.86341865e-09,1.89086793e-09,1.86954464e-09,1.87136509e-09,1.8959668e-09,1.87444489e-09,1.87607773e-09,1.90179063e-09,1.8801271e-09,1.88183593e-09,1.90772449e-09,1.88626645e-09,1.88805811e-09,1.91437293e-09,1.89311554e-09,1.89484873e-09,1.92087867e-09,1.89904609e-09,1.90074539e-09,1.92685509e-09,1.90522041e-09,1.9069923e-09,1.93272449e-09,1.91129973e-09,1.91314407e-09,1.94000436e-09,1.91826123e-09,1.91996063e-09,1.94633668e-09,1.92460399e-09,1.92639292e-09,1.95310393e-09,1.93162987e-09,1.93349919e-09,1.96131717e-09,1.94002942e-09,1.94177925e-09
8300,1.50101617e-09,1.48002819e-09,1.48472433e-09,1.51706438e-09,1.49884202e-09,1.50471956e-09,1.53860426e-09,1.52220725e-09,,,,,,,,,1.52906539e-09,,,,,,,,,1.56312729e-09,,,,,,,,,1.54822988e-09,,,,,,,,,1.55581996e-09,,,,,,,,,1.59006089e-09,,,,,,,,,1.5759203e-09,,,,,,,,,1.58382759e-09,,,,,,,,,1.61838675e-09,,,,,,,,,1.60427459e-09,,,,,,,,,1.61202985e-09,,,,,,,,,1.6467784e-09,,,,,,,,,1.63297215e-09,1.64049828e-09,1.67419995e-09,1.65964915e-09,1.66636103e-09,1.69964676e-09,1.68439571e-09,1.69036507e-09,1.72162623e-09,1.70519335e-09,1.7102159e-09,1.74042272e-09,1.72307501e-09,1.72737628e-09,1.75593436e-09,1.73766388e-09,1.74128348e-09,1.76903467e-09,1.75003585e-09,,,,,,,,,1.7531408e-09,,,,,,,,1.78080286e-09,1.76125194e-09,1.76399049e-09,1.79083899e-09,1.77087888e-09,1.77331557e-09,1.79971963e-09,1.77943022e-09,1.7816824e-09,1.80776965e-09,1.78720698e-09,1.78929327e-09,1.81546201e-09,1.79476904e-09,1.79678186e-09,1.82269041e-09,1.80173354e-09,1.8036186e-09,1.82923297e-09,1.80827754e-09,1.81015549e-09,1.83574385e-09,1.81452788e-09,1.81629075e-09,1.84188894e-09,1.82074278e-09,1.82253699e-09,1.8481307e-09,1.82707117e-09,1.82884817e-09,1.8541851e-09,1.8327455e-09,1.83442549e-09,1.86000561e-09,1.83868694e-09,1.84042409e-09,1.86602129e-09,1.84482226e-09,1.84661296e-09,1.87250943e-09,1.85094729e-09,1.85255928e-09,1.87812442e-09,1.8565722e-09,1.85824675e-09,1.88557197e-09,1.86423353e-09,1.86600008e-09,1.8905359e-09,1.86928922e-09,1.87087587e-09,1.89649735e-09,1.87481822e-09,1.87647993e-09,1.90227555e-09,1.88079455e-09,1.88253561e-09,1.90869347e-09,1.88740882e-09,1.88922191e-09,1.91539917e-09,1.89354759e-09,1.89519757e-09,1.92121878e-09,1.89955466e-09,1.90127369e-09,1.92686772e-09,1.90542105e-09,1.90721187e-09,1.93390653e-09,1.91244337e-09,1.91409382e-09,1.94039151e-09,1.91864201e-09,1.92037352e-09,1.9469639e-09,1.92546231e-09,1.9272726e-09,1.95493915e-09,1.93370803e-09,1.9355995e-09
8400,1.49767056e-09,1.47679288e-09,1.48144136e-09,1.51382988e-09,1.49559232e-09,1.50154867e-09,1.5353589e-09,1.51890237e-09,,,,,,,,,1.52568376e-09,,,,,,,,,1.55986934e-09,,,,,,,,,1.54490165e-09,,,,,,,,,1.55241383e-09,,,,,,,,,1.58654611e-09,,,,,,,,,1.57239933e-09,,,,,,,,,1.58021504e-09,,,,,,,,,1.61476201e-09,,,,,,,,,1.60057505e-09,,,,,,,,,1.60836034e-09,,,,,,,,,1.64297087e-09,,,,,,,,,1.62917912e-09,1.6366383e-09,1.67028941e-09,1.65571153e-09,1.6623623e-09,1.69571197e-09,1.68043417e-09,1.68635007e-09,1.71754005e-09,1.70110723e-09,1.70609302e-09,1.73620417e-09,1.71886755e-09,1.72313533e-09,1.75177838e-09,1.73353775e-09,1.73712886e-09,1.76473893e-09,1.74575797e-09,,,,,,,,,1.74883382e-09,,,,,,,,1.77655643e-09,1.75703963e-09,1.75975817e-09,1.78644593e-09,1.76649558e-09,1.76890817e-09,1.79529688e-09,1.77502808e-09,1.77725252e-09,1.80331602e-09,1.78278002e-09,1.78483638e-09,1.81097153e-09,1.79029493e-09,1.79227801e-09,1.81812893e-09,1.79719688e-09,1.7990515e-09,1.82464919e-09,1.80370688e-09,1.80555263e-09,1.83109792e-09,1.80993332e-09,1.81166565e-09,1.83721638e-09,1.81608294e-09,1.81784377e-09,1.84339439e-09,1.82234237e-09,1.82412927e-09,1.84940901e-09,1.82798816e-09,1.82963951e-09,1.855175e-09,1.83387252e-09,1.83557295e-09,1.86121451e-09,1.84003965e-09,1.84179479e-09,1.86752634e-09,1.84601489e-09,1.84759503e-09,1.87314106e-09,1.85160535e-09,1.85324266e-09,1.88090671e-09,1.85922807e-09,1.86083871e-09,1.88531635e-09,1.86413564e-09,1.86578342e-09,1.89131246e-09,1.86963616e-09,1.87125556e-09,1.89699823e-09,1.87551079e-09,1.87720784e-09,1.90333767e-09,1.8820404e-09,1.88380772e-09,1.91001884e-09,1.88816543e-09,1.8897727e-09,1.91575821e-09,1.89408231e-09,1.89575564e-09,1.92125938e-09,1.89980076e-09,1.90153816e-09,1.92809639e-09,1.90683233e-09,1.90843863e-09,1.9346457e-09,1.91289181e-09,1.91457544e-09,1.94105861e-09,1.91954868e-09,1.92131267e-09,1.94886358e-09,1.92761814e-09,1.92946136e-09
8500,1.49440809e-09,1.47363127e-09,1.4782589e-09,1.51065607e-09,1.49243928e-09,1.49841231e-09,1.53215882e-09,1.51571125e-09,,,,,,,,,1.52244473e-09,,,,,,,,,1.55661405e-09,,,,,,,,,1.54155475e-09,,,,,,,,,1.54896621e-09,,,,,,,,,1.58312959e-09,,,,,,,,,1.56896146e-09,,,,,,,,,1.5767282e-09,,,,,,,,,1.61135413e-09,,,,,,,,,1.59715998e-09,,,,,,,,,1.60492464e-09,,,,,,,,,1.63929862e-09,,,,,,,,,1.62548954e-09,1.63289228e-09,1.66648151e-09,1.65187869e-09,1.65849176e-09,1.69130431e-09,1.67604227e-09,1.68192389e-09,1.71351859e-09,1.69708565e-09,1.70203501e-09,1.73213235e-09,1.71481632e-09,1.71905241e-09,1.74759205e-09,1.72935467e-09,1.73291299e-09,1.76092397e-09,1.74197626e-09,,,,,,,,,1.74504254e-09,,,,,,,,1.7722912e-09,1.75277681e-09,1.75545929e-09,1.78220697e-09,1.76227667e-09,1.7646625e-09,1.79098574e-09,1.77073445e-09,1.77293025e-09,1.79897566e-09,1.77847051e-09,1.78049891e-09,1.80659878e-09,1.78593586e-09,1.78788868e-09,1.81376703e-09,1.79285645e-09,1.79468013e-09,1.82019468e-09,1.79926338e-09,1.80107365e-09,1.8265743e-09,1.8054814e-09,1.80718137e-09,1.83266829e-09,1.81154206e-09,1.81326883e-09,1.83878878e-09,1.81774115e-09,1.81950011e-09,1.8448027e-09,1.82339216e-09,1.82500725e-09,1.8504875e-09,1.82919841e-09,1.83086364e-09,1.85635838e-09,1.83517332e-09,1.83688747e-09,1.86265358e-09,1.84126278e-09,1.842808e-09,1.86847039e-09,1.8469417e-09,1.8485424e-09,1.87544954e-09,1.85411755e-09,1.85580611e-09,1.88023144e-09,1.85903211e-09,1.86076855e-09,1.88633254e-09,1.8646472e-09,1.86622386e-09,1.8918594e-09,1.87035865e-09,1.87200825e-09,1.89807563e-09,1.87676028e-09,1.87848133e-09,1.90471192e-09,1.8830051e-09,1.8845687e-09,1.91046787e-09,1.8887808e-09,1.89040862e-09,1.91584404e-09,1.89436426e-09,1.89605223e-09,1.92246383e-09,1.90119789e-09,1.90296133e-09,1.9291528e-09,1.90737541e-09,1.90901079e-09,1.93539595e-09,1.91384962e-09,1.91556106e-09,1.94296773e-09,1.92168375e-09,1.92347327e-09
8600,1.49123872e-09,1.47057032e-09,1.47516447e-09,1.50756917e-09,1.48935372e-09,1.4953732e-09,1.52887593e-09,1.51220907e-09,,,,,,,,,1.51918547e-09,,,,,,,,,1.55321947e-09,,,,,,,,,1.53803746e-09,,,,,,,,,1.54530265e-09,,,,,,,,,1.57985673e-09,,,,,,,,,1.56563609e-09,,,,,,,,,1.57333561e-09,,,,,,,,,1.60786595e-09,,,,,,,,,1.59362705e-09,,,,,,,,,1.6014377e-09,,,,,,,,,1.63576449e-09,,,,,,,,,1.62191525e-09,1.62925407e-09,1.66277936e-09,1.64814493e-09,1.65476291e-09,1.68743547e-09,1.67216472e-09,1.67801246e-09,1.70960422e-09,1.69315942e-09,1.69806187e-09,1.72814615e-09,1.71085087e-09,1.71505778e-09,1.74364728e-09,1.72541882e-09,1.728948e-09,1.75687926e-09,1.73795667e-09,,,,,,,,,1.74100345e-09,,,,,,,,1.76820821e-09,1.74871093e-09,1.75136699e-09,1.77807287e-09,1.75815841e-09,1.76051908e-09,1.78681533e-09,1.76657483e-09,1.76874861e-09,1.79474914e-09,1.77427302e-09,1.77627553e-09,1.8023467e-09,1.78169722e-09,1.78362135e-09,1.80946341e-09,1.78859522e-09,1.79038876e-09,1.815865e-09,1.79494458e-09,1.79672428e-09,1.82218015e-09,1.80115684e-09,1.80282487e-09,1.82824445e-09,1.80712634e-09,1.80882041e-09,1.83431548e-09,1.81327158e-09,1.81499342e-09,1.84031418e-09,1.81891367e-09,1.82049575e-09,1.8459324e-09,1.82464827e-09,1.8262793e-09,1.85172246e-09,1.83054007e-09,1.83221416e-09,1.85791423e-09,1.83664059e-09,1.83815197e-09,1.8637648e-09,1.84224584e-09,1.84380816e-09,1.87056021e-09,1.84919951e-09,1.85083919e-09,1.87531819e-09,1.85410921e-09,1.85580202e-09,1.88149828e-09,1.85980768e-09,1.86134396e-09,1.88695884e-09,1.86544952e-09,1.86705592e-09,1.8929741e-09,1.87164758e-09,1.87332545e-09,1.89950105e-09,1.87801767e-09,1.87954151e-09,1.90536872e-09,1.88367229e-09,1.885252e-09,1.9105029e-09,1.88899068e-09,1.89063801e-09,1.91704564e-09,1.89575566e-09,1.8974743e-09,1.92382733e-09,1.90203648e-09,1.90362727e-09,1.92987789e-09,1.90833276e-09,1.91000331e-09,1.93733681e-09,1.91605554e-09,1.91780521e-09
8700,1.48810945e-09,1.46753914e-09,1.47208698e-09,1.50491024e-09,1.48666228e-09,1.49278094e-09,1.52571005e-09,1.50894859e-09,,,,,,,,,1.51608738e-09,,,,,,,,,1.55030651e-09,,,,,,,,,1.53517286e-09,,,,,,,,,1.54243734e-09,,,,,,,,,1.57667425e-09,,,,,,,,,1.5624186e-09,,,,,,,,,1.57002464e-09,,,,,,,,,1.60447504e-09,,,,,,,,,1.59033184e-09,,,,,,,,,1.59807119e-09,,,,,,,,,1.6323439e-09,,,,,,,,,1.61845422e-09,1.62572896e-09,1.65918772e-09,1.64452629e-09,1.65113984e-09,1.68385409e-09,1.66855936e-09,1.67435125e-09,1.70579062e-09,1.6893283e-09,1.69422035e-09,1.72425099e-09,1.70695536e-09,1.71113378e-09,1.73974e-09,1.72151279e-09,1.72501006e-09,1.75293337e-09,1.73402461e-09,,,,,,,,,1.73704848e-09,,,,,,,,1.76420305e-09,1.74473805e-09,1.74737198e-09,1.77401618e-09,1.75411276e-09,1.75645018e-09,1.78273647e-09,1.76251536e-09,1.7646638e-09,1.79069576e-09,1.77023689e-09,1.77221626e-09,1.7982157e-09,1.7775827e-09,1.77948032e-09,1.80526352e-09,1.78441389e-09,1.78618324e-09,1.81165412e-09,1.79075157e-09,1.79250454e-09,1.81791334e-09,1.79692915e-09,1.79856892e-09,1.82397949e-09,1.80288808e-09,1.80455221e-09,1.8299759e-09,1.80894511e-09,1.81063382e-09,1.83592284e-09,1.81454504e-09,1.81610048e-09,1.84150274e-09,1.82023812e-09,1.82183766e-09,1.84732965e-09,1.82616976e-09,1.82782262e-09,1.85340297e-09,1.83208253e-09,1.83356881e-09,1.85912634e-09,1.83764884e-09,1.83918981e-09,1.86596344e-09,1.84465028e-09,1.84626929e-09,1.87065332e-09,1.84947765e-09,1.85114363e-09,1.87673205e-09,1.85506779e-09,1.8565738e-09,1.88216249e-09,1.86066119e-09,1.86223207e-09,1.88807593e-09,1.86675038e-09,1.86838959e-09,1.89448481e-09,1.87313911e-09,1.87462738e-09,1.9003987e-09,1.87870549e-09,1.88024728e-09,1.90540823e-09,1.88389168e-09,1.88549742e-09,1.91184288e-09,1.89054352e-09,1.89222354e-09,1.91865299e-09,1.89685884e-09,1.89841338e-09,1.92459561e-09,1.90304112e-09,1.90467537e-09,1.93187902e-09,1.91059394e-09,1.91230722e-09
8800,1.48505803e-09,1.4645814e-09,1.46914389e-09,1.50192199e-09,1.48367432e-09,1.48983634e-09,1.52280214e-09,1.5063895e-09,,,,,,,,,1.51343579e-09,,,,,,,,,1.54724972e-09,,,,,,,,,1.53213224e-09,,,,,,,,,1.53936086e-09,,,,,,,,,1.57378425e-09,,,,,,,,,1.55926483e-09,,,,,,,,,1.56669449e-09,,,,,,,,,1.60121908e-09,,,,,,,,,1.58708134e-09,,,,,,,,,1.5944848e-09,,,,,,,,,1.62899027e-09,,,,,,,,,1.61507362e-09,1.62229473e-09,1.65578854e-09,1.64138036e-09,1.64796137e-09,1.68023687e-09,1.66492465e-09,1.6706705e-09,1.70209179e-09,1.68562302e-09,1.69050221e-09,1.72049726e-09,1.70321134e-09,1.70735904e-09,1.73593722e-09,1.71772067e-09,1.72118977e-09,1.74908333e-09,1.73019659e-09,,,,,,,,,1.73319746e-09,,,,,,,,1.76032468e-09,1.74087586e-09,1.74348482e-09,1.77009706e-09,1.75020718e-09,1.75252227e-09,1.77877496e-09,1.75857229e-09,1.76069597e-09,1.78670817e-09,1.76627065e-09,1.76822653e-09,1.79419187e-09,1.77357186e-09,1.77543888e-09,1.80119194e-09,1.78037574e-09,1.78211988e-09,1.80755846e-09,1.78666755e-09,1.78839234e-09,1.81376975e-09,1.79282565e-09,1.79443744e-09,1.81980059e-09,1.79871759e-09,1.80034806e-09,1.82574154e-09,1.8047172e-09,1.80637233e-09,1.83168336e-09,1.81031761e-09,1.81184532e-09,1.83720885e-09,1.815953e-09,1.81752264e-09,1.84296961e-09,1.82181486e-09,1.82343382e-09,1.849148e-09,1.82789215e-09,1.82934708e-09,1.85468522e-09,1.83322547e-09,1.83473671e-09,1.86142029e-09,1.84011606e-09,1.84170221e-09,1.86607431e-09,1.84490568e-09,1.84653778e-09,1.8721721e-09,1.85052359e-09,1.85199946e-09,1.87751934e-09,1.85602294e-09,1.85755457e-09,1.88332094e-09,1.86198279e-09,1.86358048e-09,1.88958058e-09,1.86839222e-09,1.86990255e-09,1.89562063e-09,1.87391822e-09,1.87542014e-09,1.90052122e-09,1.87898962e-09,1.88054786e-09,1.90678889e-09,1.88547082e-09,1.88710227e-09,1.91360488e-09,1.89188413e-09,1.89340035e-09,1.91946127e-09,1.89790148e-09,1.89949684e-09,1.92660547e-09,1.90529904e-09,1.9069652e-09
8900,1.48207285e-09,1.46168207e-09,1.46631088e-09,1.49900666e-09,1.48075999e-09,1.48694859e-09,1.51987046e-09,1.50356168e-09,,,,,,,,,1.51055402e-09,,,,,,,,,1.54428812e-09,,,,,,,,,1.52913975e-09,,,,,,,,,1.53630652e-09,,,,,,,,,1.57037074e-09,,,,,,,,,1.55618853e-09,,,,,,,,,1.56374747e-09,,,,,,,,,1.59816602e-09,,,,,,,,,1.58401411e-09,,,,,,,,,1.59136855e-09,,,,,,,,,1.62573031e-09,,,,,,,,,1.61178886e-09,1.6189567e-09,1.65269105e-09,1.63803626e-09,1.64464823e-09,1.67671455e-09,1.66138466e-09,1.667087e-09,1.69848409e-09,1.6820082e-09,1.68687616e-09,1.71668584e-09,1.6992493e-09,1.70335106e-09,1.73224752e-09,1.71403571e-09,1.71747675e-09,1.74533518e-09,1.72647191e-09,,,,,,,,,1.72944049e-09,,,,,,,,1.75654916e-09,1.73711571e-09,1.73970032e-09,1.76628168e-09,1.74640621e-09,1.74869789e-09,1.77492143e-09,1.75473508e-09,1.75683513e-09,1.78278422e-09,1.76236608e-09,1.76429922e-09,1.79027649e-09,1.76966963e-09,1.77151132e-09,1.79723168e-09,1.77644483e-09,1.77816466e-09,1.80357313e-09,1.78269524e-09,1.78439241e-09,1.80974075e-09,1.78882886e-09,1.79041649e-09,1.81573828e-09,1.79466478e-09,1.79626728e-09,1.82163009e-09,1.80061354e-09,1.80223793e-09,1.82755944e-09,1.80620848e-09,1.80770632e-09,1.83302629e-09,1.81178019e-09,1.81332049e-09,1.83873178e-09,1.81758466e-09,1.81916967e-09,1.84484194e-09,1.82365512e-09,1.8250824e-09,1.85039587e-09,1.82895099e-09,1.83043402e-09,1.8570174e-09,1.83572248e-09,1.83727698e-09,1.86165561e-09,1.84049503e-09,1.84209439e-09,1.86770793e-09,1.84607468e-09,1.84752005e-09,1.87300361e-09,1.85151417e-09,1.85301138e-09,1.87871361e-09,1.85737366e-09,1.85893046e-09,1.88484025e-09,1.86363853e-09,1.86525065e-09,1.89099155e-09,1.86928162e-09,1.87074427e-09,1.89578533e-09,1.87424011e-09,1.87575738e-09,1.90189801e-09,1.88056291e-09,1.88215204e-09,1.90857503e-09,1.8870724e-09,1.88854455e-09,1.91454835e-09,1.89297097e-09,1.89451979e-09,1.92150767e-09,1.90018445e-09,1.90180724e-09
9000,1.47915815e-09,1.45886062e-09,1.46354212e-09,1.49615762e-09,1.47791044e-09,1.48415283e-09,1.51698243e-09,1.50076668e-09,,,,,,,,,1.50770048e-09,,,,,,,,,1.5414001e-09,,,,,,,,,1.52621745e-09,,,,,,,,,1.5333217e-09,,,,,,,,,1.56740967e-09,,,,,,,,,1.5531991e-09,,,,,,,,,1.56071982e-09,,,,,,,,,1.59489902e-09,,,,,,,,,1.58100594e-09,,,,,,,,,1.58846974e-09,,,,,,,,,1.62255823e-09,,,,,,,,,1.60859631e-09,1.61571198e-09,1.64929833e-09,1.63467916e-09,1.64124255e-09,1.67328587e-09,1.65793442e-09,1.66358909e-09,1.69497707e-09,1.6784943e-09,1.6833523e-09,1.71313491e-09,1.69569706e-09,1.69979724e-09,1.7286545e-09,1.71045163e-09,1.7138632e-09,1.74168556e-09,1.72283844e-09,,,,,,,,,1.72578935e-09,,,,,,,,1.75287295e-09,1.73345427e-09,1.73601507e-09,1.76256769e-09,1.74270558e-09,1.74497678e-09,1.77116904e-09,1.75100101e-09,1.75307661e-09,1.77903426e-09,1.7586362e-09,1.76054385e-09,1.78646481e-09,1.76587114e-09,1.76768857e-09,1.79337765e-09,1.77261883e-09,1.77431525e-09,1.79968633e-09,1.77882204e-09,1.78049194e-09,1.80581045e-09,1.78493184e-09,1.78649366e-09,1.81178754e-09,1.79072421e-09,1.79229993e-09,1.81764325e-09,1.79663358e-09,1.79822809e-09,1.82355387e-09,1.80221759e-09,1.80368626e-09,1.82896419e-09,1.80772725e-09,1.80923901e-09,1.83461898e-09,1.81347965e-09,1.8150338e-09,1.84064729e-09,1.81952957e-09,1.82092998e-09,1.84617815e-09,1.8247457e-09,1.82620004e-09,1.85322276e-09,1.83167127e-09,1.83310052e-09,1.85733342e-09,1.83590609e-09,1.83737786e-09,1.86288587e-09,1.84158717e-09,1.84310462e-09,1.86879605e-09,1.84765178e-09,1.84920646e-09,1.87460671e-09,1.85300406e-09,1.85445e-09,1.88010577e-09,1.85866785e-09,1.86017567e-09,1.88651672e-09,1.86480134e-09,1.86623167e-09,1.89122487e-09,1.86966602e-09,1.87114349e-09,1.89726497e-09,1.87570903e-09,1.8772027e-09,1.90375055e-09,1.88246355e-09,1.88389714e-09,1.9098361e-09,1.88824489e-09,1.88975332e-09,1.91659293e-09,1.8952523e-09,1.89683343e-09
9100,1.47629714e-09,1.45611261e-09,1.46083109e-09,1.49322742e-09,1.47527741e-09,1.48135423e-09,1.51462302e-09,1.49805708e-09,,,,,,,,,1.50489854e-09,,,,,,,,,1.53857551e-09,,,,,,,,,1.52335287e-09,,,,,,,,,1.53042184e-09,,,,,,,,,1.56452025e-09,,,,,,,,,1.55028508e-09,,,,,,,,,1.55775048e-09,,,,,,,,,1.59203594e-09,,,,,,,,,1.57786025e-09,,,,,,,,,1.585127e-09,,,,,,,,,1.61927695e-09,,,,,,,,,1.60522166e-09,1.61237636e-09,1.64553408e-09,1.63106146e-09,1.63749806e-09,1.66994776e-09,1.65460157e-09,1.66022544e-09,1.69156356e-09,1.67507443e-09,1.67992145e-09,1.70986876e-09,1.6925863e-09,1.69663745e-09,1.72515595e-09,1.70695709e-09,1.71034352e-09,1.73813966e-09,1.71930927e-09,,,,,,,,,1.7222368e-09,,,,,,,,1.74928922e-09,1.72988035e-09,1.73241784e-09,1.75895417e-09,1.7391048e-09,1.74135619e-09,1.76751184e-09,1.7473575e-09,1.74941003e-09,1.77535313e-09,1.75497568e-09,1.75685939e-09,1.78274561e-09,1.76216486e-09,1.76395777e-09,1.7896144e-09,1.76888246e-09,1.77055585e-09,1.79591339e-09,1.77506119e-09,1.77670403e-09,1.8020044e-09,1.78116083e-09,1.7826984e-09,1.80794216e-09,1.7868902e-09,1.78844047e-09,1.81376484e-09,1.79276342e-09,1.79432411e-09,1.81966191e-09,1.79833893e-09,1.79978132e-09,1.8250175e-09,1.8037892e-09,1.80527271e-09,1.83072737e-09,1.80958654e-09,1.81110416e-09,1.8365734e-09,1.81553692e-09,1.81691047e-09,1.84211641e-09,1.82069493e-09,1.82212169e-09,1.84912367e-09,1.82758057e-09,1.82897891e-09,1.85317501e-09,1.83175882e-09,1.8332007e-09,1.85866905e-09,1.83737238e-09,1.83885783e-09,1.86452266e-09,1.84338897e-09,1.84493517e-09,1.87027994e-09,1.84869251e-09,1.85011247e-09,1.87574232e-09,1.85431274e-09,1.85578063e-09,1.88148936e-09,1.86022468e-09,1.86174927e-09,1.88680605e-09,1.86523948e-09,1.86667972e-09,1.89277411e-09,1.87121251e-09,1.87266593e-09,1.89905459e-09,1.87788779e-09,1.87938283e-09,1.90530912e-09,1.88416679e-09,1.88558243e-09,1.91184816e-09,1.89048893e-09,1.89202939e-09
9200,1.47349491e-09,1.45341124e-09,1.45820431e-09,1.49051831e-09,1.47263364e-09,1.47867299e-09,1.51187531e-09,1.49525411e-09,,,,,,,,,1.50221118e-09,,,,,,,,,1.53582245e-09,,,,,,,,,1.52058689e-09,,,,,,,,,1.52761378e-09,,,,,,,,,1.56172291e-09,,,,,,,,,1.54744958e-09,,,,,,,,,1.5548603e-09,,,,,,,,,1.5890782e-09,,,,,,,,,1.57486178e-09,,,,,,,,,1.58213439e-09,,,,,,,,,1.61644406e-09,,,,,,,,,1.60233653e-09,1.60930704e-09,1.64278846e-09,1.62821771e-09,1.63469297e-09,1.66670485e-09,1.65134526e-09,1.6569272e-09,1.68824475e-09,1.67176108e-09,1.67660568e-09,1.70659385e-09,1.68932072e-09,1.69334411e-09,1.72170735e-09,1.70349017e-09,1.70684373e-09,1.73468026e-09,1.71586339e-09,,,,,,,,,1.71876887e-09,,,,,,,,1.74581855e-09,1.72642097e-09,1.72893557e-09,1.75540857e-09,1.73557472e-09,1.73780787e-09,1.76404617e-09,1.74392127e-09,1.745955e-09,1.77177286e-09,1.75140589e-09,1.75327036e-09,1.77915798e-09,1.75860176e-09,1.76037239e-09,1.78596514e-09,1.76524987e-09,1.76690107e-09,1.79226404e-09,1.77144964e-09,1.77308475e-09,1.79828358e-09,1.77745249e-09,1.77896676e-09,1.8041913e-09,1.78315854e-09,1.78468679e-09,1.80998873e-09,1.78899833e-09,1.79053338e-09,1.81583327e-09,1.79453154e-09,1.79595153e-09,1.82115326e-09,1.79994145e-09,1.80140084e-09,1.82689875e-09,1.80577475e-09,1.80727282e-09,1.83264441e-09,1.8115921e-09,1.81294483e-09,1.83811769e-09,1.81672186e-09,1.81812699e-09,1.84509732e-09,1.82356542e-09,1.82493053e-09,1.84915217e-09,1.8277397e-09,1.82914576e-09,1.85457508e-09,1.83327316e-09,1.83472531e-09,1.86032217e-09,1.8391841e-09,1.84069652e-09,1.86612616e-09,1.84454253e-09,1.84593366e-09,1.87149371e-09,1.85006669e-09,1.85150263e-09,1.87716541e-09,1.85589714e-09,1.85738785e-09,1.88248188e-09,1.86092591e-09,1.86233744e-09,1.88835861e-09,1.86681452e-09,1.86824329e-09,1.89456916e-09,1.87340702e-09,1.87492911e-09,1.9007105e-09,1.87955756e-09,1.88110764e-09,1.90726395e-09,1.88590151e-09,1.88740814e-09
9300,1.47081114e-09,1.45078216e-09,1.45563448e-09,1.48783917e-09,1.47007253e-09,1.47605004e-09,1.50920358e-09,1.49259725e-09,,,,,,,,,1.49957914e-09,,,,,,,,,1.53314153e-09,,,,,,,,,1.51783934e-09,,,,,,,,,1.52478452e-09,,,,,,,,,1.55897292e-09,,,,,,,,,1.54467697e-09,,,,,,,,,1.55202415e-09,,,,,,,,,1.58620478e-09,,,,,,,,,1.57195965e-09,,,,,,,,,1.57923584e-09,,,,,,,,,1.61342892e-09,,,,,,,,,1.59928727e-09,1.60620941e-09,1.63951168e-09,1.62496405e-09,1.63139545e-09,1.66352734e-09,1.64816724e-09,1.65371655e-09,1.68501329e-09,1.6685512e-09,1.67336598e-09,1.70329368e-09,1.68602071e-09,1.6900147e-09,1.71841996e-09,1.70022081e-09,1.70355431e-09,1.73130428e-09,1.71250189e-09,,,,,,,,,1.71538668e-09,,,,,,,,1.7424203e-09,1.72303466e-09,1.7255316e-09,1.75197834e-09,1.73215721e-09,1.73437147e-09,1.760579e-09,1.74045421e-09,1.74246875e-09,1.76846287e-09,1.74810889e-09,1.7499556e-09,1.77562659e-09,1.75508509e-09,1.75683444e-09,1.78240989e-09,1.76171747e-09,1.76334641e-09,1.78866125e-09,1.76785272e-09,1.76946283e-09,1.79466977e-09,1.77385282e-09,1.77535524e-09,1.80053429e-09,1.7795159e-09,1.78102101e-09,1.80630497e-09,1.78531924e-09,1.78682502e-09,1.81209836e-09,1.79085428e-09,1.79225019e-09,1.81742319e-09,1.79622167e-09,1.7976555e-09,1.82312639e-09,1.80200957e-09,1.80348019e-09,1.82881477e-09,1.80781183e-09,1.809144e-09,1.83426741e-09,1.81288494e-09,1.81426557e-09,1.84064298e-09,1.81939388e-09,1.8208295e-09,1.84514181e-09,1.8240166e-09,1.82549127e-09,1.85112327e-09,1.8295622e-09,1.83089386e-09,1.85625254e-09,1.8348018e-09,1.8361837e-09,1.86167986e-09,1.84035792e-09,1.841789e-09,1.86744902e-09,1.84624171e-09,1.84771526e-09,1.87353267e-09,1.8520445e-09,1.85337807e-09,1.87825657e-09,1.85672181e-09,1.85810721e-09,1.88398949e-09,1.86262529e-09,1.86407208e-09,1.89023022e-09,1.8690763e-09,1.87058616e-09,1.89637872e-09,1.87478206e-09,1.87618624e-09,1.90282793e-09,1.88146564e-09,1.88294311e-09
9400,1.46822673e-09,1.44821192e-09,1.45312135e-09,1.4851963e-09,1.46751907e-09,1.47350263e-09,1.50657068e-09,1.49007138e-09,,,,,,,,,1.49700527e-09,,,,,,,,,1.53055222e-09,,,,,,,,,1.51523626e-09,,,,,,,,,1.5221332e-09,,,,,,,,,1.55633907e-09,,,,,,,,,1.54202427e-09,,,,,,,,,1.54933635e-09,,,,,,,,,1.58339616e-09,,,,,,,,,1.56909085e-09,,,,,,,,,1.5764462e-09,,,,,,,,,1.61064216e-09,,,,,,,,,1.59648864e-09,1.60333826e-09,1.63651338e-09,1.6220706e-09,1.62843663e-09,1.66045823e-09,1.64508272e-09,1.65059477e-09,1.6818481e-09,1.66540841e-09,1.67018905e-09,1.70009742e-09,1.68282345e-09,1.68679027e-09,1.71514027e-09,1.69694193e-09,1.70024955e-09,1.72802387e-09,1.70923582e-09,,,,,,,,,1.71209902e-09,,,,,,,,1.73909622e-09,1.71972177e-09,1.72219835e-09,1.7486412e-09,1.72882935e-09,1.73102461e-09,1.75720359e-09,1.73709554e-09,1.7390884e-09,1.76506981e-09,1.74472607e-09,1.7465551e-09,1.7721944e-09,1.7516671e-09,1.75339146e-09,1.77893971e-09,1.75826654e-09,1.75987436e-09,1.78516465e-09,1.76436942e-09,1.7659551e-09,1.79113038e-09,1.77032178e-09,1.77181856e-09,1.79698548e-09,1.77598091e-09,1.77746374e-09,1.80273227e-09,1.78175612e-09,1.78323814e-09,1.80846586e-09,1.78728711e-09,1.78865508e-09,1.81377588e-09,1.79258459e-09,1.79399053e-09,1.81944566e-09,1.79833935e-09,1.79978325e-09,1.82507551e-09,1.80407724e-09,1.8054366e-09,1.83052302e-09,1.80915305e-09,1.81051121e-09,1.83681883e-09,1.81557631e-09,1.81698597e-09,1.84128732e-09,1.820167e-09,1.82161357e-09,1.84726558e-09,1.82571707e-09,1.82702306e-09,1.85236681e-09,1.83092446e-09,1.83228164e-09,1.85772747e-09,1.83640753e-09,1.83781069e-09,1.8634085e-09,1.84219903e-09,1.84364098e-09,1.86943718e-09,1.84808085e-09,1.84938484e-09,1.87422532e-09,1.85269042e-09,1.85404385e-09,1.87984095e-09,1.85848878e-09,1.85991047e-09,1.88601266e-09,1.86486407e-09,1.86634402e-09,1.89214553e-09,1.87056194e-09,1.87193745e-09,1.89852014e-09,1.87716177e-09,1.87861504e-09
9500,1.46568811e-09,1.44569598e-09,1.45066242e-09,1.48263838e-09,1.46503861e-09,1.47095526e-09,1.50399968e-09,1.48760669e-09,,,,,,,,,1.49449424e-09,,,,,,,,,1.52796795e-09,,,,,,,,,1.51262544e-09,,,,,,,,,1.51948639e-09,,,,,,,,,1.55376266e-09,,,,,,,,,1.53940548e-09,,,,,,,,,1.54665263e-09,,,,,,,,,1.58066254e-09,,,,,,,,,1.56632568e-09,,,,,,,,,1.5737029e-09,,,,,,,,,1.60769294e-09,,,,,,,,,1.59354008e-09,1.60037503e-09,1.63380434e-09,1.61918038e-09,1.62555347e-09,1.65744487e-09,1.64205601e-09,1.64752986e-09,1.67878538e-09,1.66237003e-09,1.6671203e-09,1.69648569e-09,1.67928236e-09,1.68326538e-09,1.71195486e-09,1.69375899e-09,1.69705942e-09,1.72482681e-09,1.70605163e-09,,,,,,,,,1.70889475e-09,,,,,,,,1.7358642e-09,1.7165007e-09,1.71895251e-09,1.74537865e-09,1.72557811e-09,1.7277522e-09,1.75391367e-09,1.73381912e-09,1.73579052e-09,1.76176031e-09,1.74142845e-09,1.74323997e-09,1.76884083e-09,1.7483264e-09,1.75003046e-09,1.77555684e-09,1.75490089e-09,1.75648753e-09,1.78176829e-09,1.76098573e-09,1.76254992e-09,1.78770078e-09,1.76690175e-09,1.76839298e-09,1.79353261e-09,1.77254162e-09,1.77400305e-09,1.79924285e-09,1.77827643e-09,1.77973531e-09,1.80492241e-09,1.78380471e-09,1.78515032e-09,1.81037472e-09,1.78919839e-09,1.79057396e-09,1.81585001e-09,1.79475097e-09,1.79616868e-09,1.82141283e-09,1.80041837e-09,1.80180554e-09,1.82688469e-09,1.80553682e-09,1.80686353e-09,1.83309099e-09,1.81185667e-09,1.81324207e-09,1.83753753e-09,1.81642202e-09,1.81784172e-09,1.84348797e-09,1.82199162e-09,1.8232726e-09,1.84857907e-09,1.82714412e-09,1.82847573e-09,1.85389012e-09,1.83257157e-09,1.83395011e-09,1.85949658e-09,1.83828426e-09,1.8396948e-09,1.86545168e-09,1.84422789e-09,1.84550296e-09,1.87030307e-09,1.84876836e-09,1.85009281e-09,1.87581707e-09,1.854475e-09,1.85587254e-09,1.88190242e-09,1.86075795e-09,1.86221114e-09,1.88803425e-09,1.86646323e-09,1.86781431e-09,1.89435289e-09,1.87300484e-09,1.87442395e-09
9600,1.46313732e-09,1.44312837e-09,1.44814278e-09,1.48015486e-09,1.46263443e-09,1.46852665e-09,1.50153013e-09,1.48515574e-09,,,,,,,,,1.49202385e-09,,,,,,,,,1.52561596e-09,,,,,,,,,1.51037098e-09,,,,,,,,,1.51724333e-09,,,,,,,,,1.55094318e-09,,,,,,,,,1.5367397e-09,,,,,,,,,1.54404092e-09,,,,,,,,,1.57799672e-09,,,,,,,,,1.56366659e-09,,,,,,,,,1.57103447e-09,,,,,,,,,1.60502731e-09,,,,,,,,,1.59086157e-09,1.59765366e-09,1.63078889e-09,1.61632371e-09,1.62259976e-09,1.65452114e-09,1.63913227e-09,1.64457721e-09,1.67580123e-09,1.65936793e-09,1.6640947e-09,1.69389317e-09,1.67662773e-09,1.68054778e-09,1.70886785e-09,1.69068309e-09,1.69394528e-09,1.72169347e-09,1.70293445e-09,,,,,,,,,1.70575934e-09,,,,,,,,1.73271502e-09,1.71336632e-09,1.71579934e-09,1.74223151e-09,1.72243676e-09,1.72459338e-09,1.7507673e-09,1.73068643e-09,1.73263679e-09,1.75850851e-09,1.73819713e-09,1.73998995e-09,1.7655665e-09,1.74505253e-09,1.74673316e-09,1.77226675e-09,1.751645e-09,1.75320996e-09,1.7784769e-09,1.75770199e-09,1.75924311e-09,1.78436132e-09,1.76356914e-09,1.76508147e-09,1.79015637e-09,1.76917187e-09,1.77060144e-09,1.79583005e-09,1.77486401e-09,1.7762965e-09,1.80144922e-09,1.78045507e-09,1.78177506e-09,1.80693344e-09,1.78575679e-09,1.78710583e-09,1.81231705e-09,1.79120658e-09,1.79258821e-09,1.81782503e-09,1.79681868e-09,1.79823922e-09,1.82341417e-09,1.80205791e-09,1.80335377e-09,1.82954147e-09,1.8082908e-09,1.80963552e-09,1.83386982e-09,1.81273718e-09,1.8141236e-09,1.83970885e-09,1.81843527e-09,1.81968521e-09,1.84488304e-09,1.8234555e-09,1.82475613e-09,1.8501677e-09,1.82883522e-09,1.83018126e-09,1.85567796e-09,1.83444741e-09,1.83582762e-09,1.8615248e-09,1.8404249e-09,1.84177717e-09,1.86652194e-09,1.84497789e-09,1.84627427e-09,1.87192738e-09,1.85057637e-09,1.85193213e-09,1.87786698e-09,1.85670421e-09,1.85812647e-09,1.8841355e-09,1.86255284e-09,1.8638741e-09,1.89035116e-09,1.86897775e-09,1.87036232e-09
9700,1.46090748e-09,1.44095013e-09,1.44597342e-09,1.47772433e-09,1.46017051e-09,1.46587108e-09,1.4990763e-09,1.48280331e-09,,,,,,,,,1.48962289e-09,,,,,,,,,1.52316271e-09,,,,,,,,,1.50789465e-09,,,,,,,,,1.51471793e-09,,,,,,,,,1.54846235e-09,,,,,,,,,1.53424089e-09,,,,,,,,,1.54149838e-09,,,,,,,,,1.57539708e-09,,,,,,,,,1.5611062e-09,,,,,,,,,1.56843128e-09,,,,,,,,,1.60234039e-09,,,,,,,,,1.58821856e-09,1.59499627e-09,1.62804712e-09,1.61356395e-09,1.61980188e-09,1.65205012e-09,1.63665257e-09,1.64206246e-09,1.67287505e-09,1.65646163e-09,1.66115841e-09,1.69087998e-09,1.67361846e-09,1.67750934e-09,1.70584054e-09,1.68765942e-09,1.69091406e-09,1.71866001e-09,1.6999128e-09,,,,,,,,,1.70271808e-09,,,,,,,,1.72964259e-09,1.71030365e-09,1.71271737e-09,1.73914168e-09,1.7193591e-09,1.72149611e-09,1.74764858e-09,1.72758061e-09,1.72951069e-09,1.75534487e-09,1.73503428e-09,1.73680701e-09,1.76240328e-09,1.74190335e-09,1.74356285e-09,1.76907536e-09,1.74847003e-09,1.7500184e-09,1.77526e-09,1.75449729e-09,1.75601818e-09,1.78110014e-09,1.76031594e-09,1.76180644e-09,1.7868728e-09,1.76590241e-09,1.76731194e-09,1.79250327e-09,1.77154621e-09,1.77295648e-09,1.79807754e-09,1.77713468e-09,1.77843399e-09,1.80357552e-09,1.78240834e-09,1.78373504e-09,1.80893377e-09,1.78782863e-09,1.78918699e-09,1.81438186e-09,1.79337786e-09,1.79477278e-09,1.81997792e-09,1.79863087e-09,1.79990411e-09,1.82604293e-09,1.80479805e-09,1.80611937e-09,1.83033443e-09,1.80920414e-09,1.81056814e-09,1.8361058e-09,1.81491342e-09,1.81614357e-09,1.84131604e-09,1.81989326e-09,1.82117293e-09,1.84653482e-09,1.82521083e-09,1.82652675e-09,1.85197787e-09,1.8307437e-09,1.83209964e-09,1.8577733e-09,1.83666648e-09,1.83806204e-09,1.8628576e-09,1.84131395e-09,1.84258693e-09,1.86814929e-09,1.84679842e-09,1.84812985e-09,1.87399997e-09,1.85283063e-09,1.85422518e-09,1.88030917e-09,1.85872741e-09,1.86002418e-09,1.88643173e-09,1.86506652e-09,1.86642343e-09
9800,1.45851867e-09,1.43865696e-09,1.4436405e-09,1.47572125e-09,1.45800933e-09,1.46385094e-09,1.4966918e-09,1.48049365e-09,,,,,,,,,1.48727636e-09,,,,,,,,,1.520764e-09,,,,,,,,,1.50548351e-09,,,,,,,,,1.51226636e-09,,,,,,,,,1.54603579e-09,,,,,,,,,1.53179904e-09,,,,,,,,,1.53901234e-09,,,,,,,,,1.57291055e-09,,,,,,,,,1.55876996e-09,,,,,,,,,1.56602888e-09,,,,,,,,,1.59968474e-09,,,,,,,,,1.58550171e-09,1.59221363e-09,1.62493416e-09,1.61045061e-09,1.6166679e-09,1.64937719e-09,1.63396835e-09,1.63933696e-09,1.66971433e-09,1.65333364e-09,1.65801591e-09,1.68794563e-09,1.67068853e-09,1.67455773e-09,1.70290025e-09,1.68472484e-09,1.68795866e-09,1.71569409e-09,1.69695884e-09,,,,,,,,,1.69974505e-09,,,,,,,,1.72664786e-09,1.70732008e-09,1.70971445e-09,1.73612979e-09,1.7163571e-09,1.71847643e-09,1.74461823e-09,1.72456418e-09,1.72647301e-09,1.75228168e-09,1.73198375e-09,1.73373843e-09,1.75930999e-09,1.73882283e-09,1.74046301e-09,1.76595344e-09,1.7453571e-09,1.74689813e-09,1.77212018e-09,1.75137238e-09,1.75286916e-09,1.77792819e-09,1.75715043e-09,1.75861919e-09,1.78366434e-09,1.76270429e-09,1.76409356e-09,1.78927517e-09,1.7683253e-09,1.76971318e-09,1.79481128e-09,1.77390741e-09,1.77519694e-09,1.80031391e-09,1.77915372e-09,1.78045812e-09,1.80562812e-09,1.78452571e-09,1.78586102e-09,1.8110575e-09,1.79004991e-09,1.79142023e-09,1.8166601e-09,1.79531732e-09,1.79656967e-09,1.8226395e-09,1.8013997e-09,1.80270096e-09,1.82689195e-09,1.80575916e-09,1.80709985e-09,1.83258065e-09,1.81150054e-09,1.8127105e-09,1.83785925e-09,1.81643707e-09,1.81769454e-09,1.84302115e-09,1.82169675e-09,1.8229857e-09,1.84839213e-09,1.82716217e-09,1.82848272e-09,1.85411129e-09,1.83300072e-09,1.8343654e-09,1.85922761e-09,1.83770225e-09,1.83894958e-09,1.86447429e-09,1.84313126e-09,1.84443739e-09,1.87024713e-09,1.8490835e-09,1.85044884e-09,1.8765761e-09,1.85500706e-09,1.85627776e-09,1.88264589e-09,1.86127715e-09,1.86260508e-09
9900,1.45613847e-09,1.43637562e-09,1.44132918e-09,1.47339707e-09,1.45568255e-09,1.46157347e-09,1.49434656e-09,1.47824806e-09,,,,,,,,,1.48498995e-09,,,,,,,,,1.51842069e-09,,,,,,,,,1.50311658e-09,,,,,,,,,1.50986196e-09,,,,,,,,,1.54366362e-09,,,,,,,,,1.52941492e-09,,,,,,,,,1.53659145e-09,,,,,,,,,1.57044471e-09,,,,,,,,,1.55618054e-09,,,,,,,,,1.56342517e-09,,,,,,,,,1.59713312e-09,,,,,,,,,1.58299678e-09,1.5896968e-09,1.62227092e-09,1.60776677e-09,1.61395564e-09,1.64659862e-09,1.63117747e-09,1.63651251e-09,1.66690738e-09,1.65055284e-09,1.65520757e-09,1.68472752e-09,1.66746018e-09,1.67129887e-09,1.70002494e-09,1.6818505e-09,1.68508526e-09,1.71281061e-09,1.69408506e-09,,,,,,,,,1.69685057e-09,,,,,,,,1.72372611e-09,1.7044081e-09,1.70678239e-09,1.73323284e-09,1.71347363e-09,1.71557559e-09,1.74165064e-09,1.72160749e-09,1.72349973e-09,1.74929439e-09,1.72900588e-09,1.73074335e-09,1.75629298e-09,1.73581965e-09,1.73744277e-09,1.76290031e-09,1.74231358e-09,1.74384062e-09,1.76905038e-09,1.74831595e-09,1.74979416e-09,1.77482016e-09,1.75404968e-09,1.75549742e-09,1.78054983e-09,1.75960354e-09,1.76097445e-09,1.78612932e-09,1.76518971e-09,1.76655737e-09,1.791811e-09,1.77091298e-09,1.77219563e-09,1.7971297e-09,1.77598019e-09,1.777265e-09,1.80241769e-09,1.78132281e-09,1.78263751e-09,1.80780745e-09,1.78680381e-09,1.78815349e-09,1.81339412e-09,1.79206327e-09,1.79329816e-09,1.8192976e-09,1.79807973e-09,1.79935545e-09,1.82355982e-09,1.80243448e-09,1.80375239e-09,1.8291944e-09,1.80817426e-09,1.80936371e-09,1.83448687e-09,1.81308088e-09,1.8143114e-09,1.83961148e-09,1.81829164e-09,1.819556e-09,1.84492153e-09,1.8236885e-09,1.82498699e-09,1.85059284e-09,1.82948158e-09,1.83081906e-09,1.85573682e-09,1.83421736e-09,1.83543928e-09,1.86091149e-09,1.83956876e-09,1.84084901e-09,1.86660267e-09,1.84543757e-09,1.84677381e-09,1.87290269e-09,1.85140885e-09,1.85265192e-09,1.87895771e-09,1.85759728e-09,1.85890113e-09
10000,1.45382111e-09,1.4341271e-09,1.43909305e-09,1.47115881e-09,1.45354512e-09,1.45933013e-09,1.49196693e-09,1.47596124e-09,,,,,,,,,1.48266612e-09,,,,,,,,,1.51603467e-09,,,,,,,,,1.50070588e-09,,,,,,,,,1.50749768e-09,,,,,,,,,1.54143545e-09,,,,,,,,,1.52716604e-09,,,,,,,,,1.53430792e-09,,,,,,,,,1.56803431e-09,,,,,,,,,1.55379639e-09,,,,,,,,,1.56100371e-09,,,,,,,,,1.59465876e-09,,,,,,,,,1.58050092e-09,1.5871586e-09,1.61968207e-09,1.60516561e-09,1.61131569e-09,1.64372772e-09,1.62829129e-09,1.63357767e-09,1.66391688e-09,1.64758797e-09,1.65220802e-09,1.68195009e-09,1.66469369e-09,1.66851036e-09,1.6972779e-09,1.6791085e-09,1.68232672e-09,1.70983922e-09,1.69112399e-09,,,,,,,,,1.693873e-09,,,,,,,,1.72072081e-09,1.70141686e-09,1.70377251e-09,1.73043174e-09,1.71069599e-09,1.71278626e-09,1.73886004e-09,1.71882859e-09,1.72070422e-09,1.74633625e-09,1.72605881e-09,1.72777788e-09,1.75332976e-09,1.73286809e-09,1.73447345e-09,1.75991864e-09,1.73934463e-09,1.74085427e-09,1.76607153e-09,1.7453494e-09,1.74681e-09,1.77200084e-09,1.75123572e-09,1.75266281e-09,1.77773407e-09,1.75679842e-09,1.7581515e-09,1.78331451e-09,1.76237865e-09,1.76372956e-09,1.78880254e-09,1.76790913e-09,1.76918979e-09,1.79410951e-09,1.77296992e-09,1.77423657e-09,1.79935858e-09,1.77826927e-09,1.77956205e-09,1.8046434e-09,1.78364186e-09,1.7849695e-09,1.81023894e-09,1.78891806e-09,1.79013337e-09,1.81608041e-09,1.79486404e-09,1.79612441e-09,1.82029798e-09,1.79917663e-09,1.80047203e-09,1.82586911e-09,1.80486229e-09,1.80610222e-09,1.83116756e-09,1.80977117e-09,1.81098002e-09,1.83624416e-09,1.81492849e-09,1.81617029e-09,1.84152236e-09,1.82028699e-09,1.82156006e-09,1.84709077e-09,1.82597571e-09,1.82728661e-09,1.85225394e-09,1.83075266e-09,1.83195404e-09,1.85742534e-09,1.8360934e-09,1.83735296e-09,1.86307054e-09,1.84191404e-09,1.84322884e-09,1.86933427e-09,1.84789569e-09,1.84911854e-09,1.87539396e-09,1.85404045e-09,1.85531804e-09
50000,1.41084477e-09,1.39830082e-09,1.40578119e-09,1.43823386e-09,1.42556294e-09,1.43261534e-09,1.46439245e-09,1.45095045e-09,,,,,,,,,1.45718147e-09,,,,,,,,,1.48828756e-09,,,,,,,,,1.47388369e-09,,,,,,,,,1.47929053e-09,,,,,,,,,1.50887897e-09,,,,,,,,,1.49364046e-09,,,,,,,,,1.49807845e-09,,,,,,,,,1.52679365e-09,,,,,,,,,1.51061123e-09,,,,,,,,,1.51422618e-09,,,,,,,,,1.54226205e-09,,,,,,,,,1.52515957e-09,1.52803069e-09,1.55497568e-09,1.53709593e-09,1.53937119e-09,1.5655122e-09,1.54716721e-09,1.54905596e-09,1.57472144e-09,1.55587982e-09,1.55745131e-09,1.58282122e-09,1.56367507e-09,1.56497017e-09,1.5900557e-09,1.57059962e-09,1.57166769e-09,1.59655387e-09,1.57684661e-09,,,,,,,,,1.57774266e-09,,,,,,,,1.60247543e-09,1.58267313e-09,1.5835142e-09,1.60809376e-09,1.58816668e-09,1.58889677e-09,1.61345575e-09,1.59338159e-09,1.59402085e-09,1.61857212e-09,1.59845575e-09,1.59909027e-09,1.62372091e-09,1.60355699e-09,1.60412835e-09,1.62868702e-09,1.60842863e-09,1.60895455e-09,1.63349346e-09,1.6131513e-09,1.61363205e-09,1.6382931e-09,1.61800218e-09,1.61849662e-09,1.64314462e-09,1.62278583e-09,1.62324903e-09,1.64786407e-09,1.62744696e-09,1.62788587e-09,1.65251781e-09,1.63207164e-09,1.63253341e-09,1.65736792e-09,1.63695943e-09,1.63739375e-09,1.66210964e-09,1.64165717e-09,1.64207655e-09,1.66681506e-09,1.6463275e-09,1.64673463e-09,1.67149367e-09,1.65097154e-09,1.65136923e-09,1.6764119e-09,1.65587832e-09,1.656272e-09,1.6811524e-09,1.66066885e-09,1.66108026e-09,1.68612606e-09,1.6656208e-09,1.66602541e-09,1.69114909e-09,1.67062778e-09,1.67103197e-09,1.69618896e-09,1.67564762e-09,1.67605472e-09,1.70128879e-09,1.68072466e-09,1.68113287e-09,1.70648334e-09,1.68600371e-09,1.68643452e-09,1.71180634e-09,1.69132222e-09,1.69175171e-09,1.71714564e-09,1.69666754e-09,1.6971064e-09,1.72248795e-09,1.7020304e-09,1.70248244e-09,1.72805025e-09,1.70761243e-09,1.70807522e-09,1.73378324e-09,1.71337259e-09,1.7138402e-09
100000,1.54712094e-09,1.52885118e-09,1.53126746e-09,1.55637631e-09,1.53747463e-09,1.53933253e-09,1.56390585e-09,1.54462382e-09,,,,,,,,,1.54618726e-09,,,,,,,,,1.57054533e-09,,,,,,,,,1.55103482e-09,,,,,,,,,1.55230651e-09,,,,,,,,,1.57647253e-09,,,,,,,,,1.55670854e-09,,,,,,,,,1.5577613e-09,,,,,,,,,1.58178826e-09,,,,,,,,,1.56186927e-09,,,,,,,,,1.5627768e-09,,,,,,,,,1.58670929e-09,,,,,,,,,1.56663645e-09,1.56740993e-09,1.59141656e-09,1.57134351e-09,1.5720851e-09,1.59608234e-09,1.57591689e-09,1.57658445e-09,1.60048153e-09,1.58023334e-09,1.58083489e-09,1.6047397e-09,1.58443572e-09,1.58499335e-09,1.60893831e-09,1.58870131e-09,1.58928177e-09,1.61332869e-09,1.59303532e-09,,,,,,,,,1.59357747e-09,,,,,,,,1.61768314e-09,1.59733994e-09,1.59784167e-09,1.62194256e-09,1.60155997e-09,1.6020358e-09,1.62624252e-09,1.60592448e-09,1.60642842e-09,1.6307259e-09,1.61036571e-09,1.61084661e-09,1.63516104e-09,1.61475524e-09,1.61520785e-09,1.63954144e-09,1.61919057e-09,1.61966864e-09,1.64406827e-09,1.62369034e-09,1.62415392e-09,1.6485768e-09,1.62817077e-09,1.62862184e-09,1.65316194e-09,1.63272088e-09,1.6331509e-09,1.65767752e-09,1.63720706e-09,1.63762961e-09,1.66222827e-09,1.6418014e-09,1.64224888e-09,1.66693345e-09,1.64650148e-09,1.64694074e-09,1.67163709e-09,1.65118087e-09,1.65161343e-09,1.67604179e-09,1.65556945e-09,1.65599527e-09,1.68075695e-09,1.66026642e-09,1.66070657e-09,1.68585069e-09,1.66535426e-09,1.66577516e-09,1.69045127e-09,1.66997272e-09,1.67040061e-09,1.69542757e-09,1.67494333e-09,1.67537092e-09,1.70040215e-09,1.67990922e-09,1.6803439e-09,1.70545986e-09,1.68498547e-09,1.68542691e-09,1.71062016e-09,1.69013981e-09,1.69058786e-09,1.71584254e-09,1.69537346e-09,1.69582385e-09,1.72117238e-09,1.70070915e-09,1.70116893e-09,1.7266141e-09,1.7061762e-09,1.70664191e-09,1.7321937e-09,1.71177813e-09,1.71225743e-09,1.73790939e-09,1.71751582e-09,1.71800653e-09,1.74384144e-09,1.72349038e-09,1.72399411e-09
